solid OpenSCAD_Model
  facet normal -0.8175848131515842 -0.5758081914178446 0
    outer loop
      vertex -13.51138119991636 -9.028016286568535 2
      vertex -13.05212238656048 -9.680113698002042 2
      vertex -13.51138119991636 -9.028016286568535 10
    endloop
  endfacet
  facet normal -0.5758081914178446 -0.8175848131515842 0
    outer loop
      vertex -9.680113698002042 -13.05212238656048 2
      vertex -9.028016286568535 -13.51138119991636 2
      vertex -9.680113698002042 -13.05212238656048 10
    endloop
  endfacet
  facet normal -0.5349976198870969 -0.8448535652497073 0
    outer loop
      vertex -9.028016286568535 -13.51138119991636 2
      vertex -8.354169593139854 -13.93808991250442 2
      vertex -9.028016286568535 -13.51138119991636 10
    endloop
  endfacet
  facet normal -0.7242470829514671 -0.6895405447370667 0
    outer loop
      vertex -12.040455787018086 -10.912833016264049 2
      vertex -11.490485194281398 -11.490485194281398 2
      vertex -12.040455787018086 -10.912833016264049 10
    endloop
  endfacet
  facet normal -0.6895405447370667 -0.7242470829514671 0
    outer loop
      vertex -10.912833016264049 -12.040455787018086 2
      vertex -11.490485194281398 -11.490485194281398 10
      vertex -11.490485194281398 -11.490485194281398 2
    endloop
  endfacet
  facet normal -0.7883464276266056 -0.6152315905806276 0
    outer loop
      vertex -13.05212238656048 -9.680113698002042 2
      vertex -12.561419867144476 -10.308890867659239 2
      vertex -13.05212238656048 -9.680113698002042 10
    endloop
  endfacet
  facet normal -0.7572088465064849 -0.6531728429537762 0
    outer loop
      vertex -12.040455787018086 -10.912833016264049 2
      vertex -12.561419867144476 -10.308890867659239 10
      vertex -12.561419867144476 -10.308890867659239 2
    endloop
  endfacet
  facet normal -0.6531728429537762 -0.7572088465064849 0
    outer loop
      vertex -10.912833016264049 -12.040455787018086 2
      vertex -10.308890867659239 -12.561419867144476 2
      vertex -10.912833016264049 -12.040455787018086 10
    endloop
  endfacet
  facet normal -0.6152315905806276 -0.7883464276266056 0
    outer loop
      vertex -9.680113698002042 -13.05212238656048 2
      vertex -10.308890867659239 -12.561419867144476 10
      vertex -10.308890867659239 -12.561419867144476 2
    endloop
  endfacet
  facet normal -0.9329927988347384 -0.35989503653498955 0
    outer loop
      vertex -15.300091059224089 -5.474460117623575 2
      vertex -15.01304240330841 -6.218605775932709 2
      vertex -15.300091059224089 -5.474460117623575 10
    endloop
  endfacet
  facet normal -0.9495281805930378 -0.3136817403988885 0
    outer loop
      vertex -15.300091059224089 -5.474460117623575 2
      vertex -15.550280455648393 -4.717126005385013 10
      vertex -15.550280455648393 -4.717126005385013 2
    endloop
  endfacet
  facet normal -0.8700869911087109 -0.492898192229785 0
    outer loop
      vertex -14.33122054566077 -7.660196973422462 2
      vertex -13.93808991250442 -8.354169593139854 2
      vertex -14.33122054566077 -7.660196973422462 10
    endloop
  endfacet
  facet normal -0.8932243011955155 -0.4496113296546063 0
    outer loop
      vertex -14.33122054566077 -7.660196973422462 2
      vertex -14.689826013255955 -6.947770268242084 10
      vertex -14.689826013255955 -6.947770268242084 2
    endloop
  endfacet
  facet normal -0.8448535652497073 -0.5349976198870969 0
    outer loop
      vertex -13.51138119991636 -9.028016286568535 2
      vertex -13.93808991250442 -8.354169593139854 10
      vertex -13.93808991250442 -8.354169593139854 2
    endloop
  endfacet
  facet normal -0.9142097557035309 -0.4052413140049892 0
    outer loop
      vertex -14.689826013255955 -6.947770268242084 2
      vertex -15.01304240330841 -6.218605775932709 10
      vertex -15.01304240330841 -6.218605775932709 2
    endloop
  endfacet
  facet normal -0.9637760657954397 -0.266712757474899 0
    outer loop
      vertex -15.550280455648393 -4.717126005385013 2
      vertex -15.763007864411339 -3.9484279234280377 10
      vertex -15.763007864411339 -3.9484279234280377 2
    endloop
  endfacet
  facet normal -0.9757021300385282 -0.21910124015687113 0
    outer loop
      vertex -15.763007864411339 -3.9484279234280377 2
      vertex -15.937760806552495 -3.170217732762084 10
      vertex -15.937760806552495 -3.170217732762084 2
    endloop
  endfacet
  facet normal -0.9852776423889409 -0.17096188876030333 0
    outer loop
      vertex -15.937760806552495 -3.170217732762084 2
      vertex -16.074118286927693 -2.3843702098996284 10
      vertex -16.074118286927693 -2.3843702098996284 2
    endloop
  endfacet
  facet normal -0.9972904566786902 -0.07356456359966819 0
    outer loop
      vertex -16.23042616333405 -0.7973497078205427 2
      vertex -16.1717518084232 -1.5927785303553599 2
      vertex -16.23042616333405 -0.7973497078205427 10
    endloop
  endfacet
  facet normal -0.9996988186962044 -0.024541228522911972 0
    outer loop
      vertex -16.23042616333405 -0.7973497078205427 2
      vertex -16.25 0 10
      vertex -16.25 0 2
    endloop
  endfacet
  facet normal -0.9924795345987104 -0.12241067519921355 0
    outer loop
      vertex -16.074118286927693 -2.3843702098996284 2
      vertex -16.1717518084232 -1.5927785303553599 10
      vertex -16.1717518084232 -1.5927785303553599 2
    endloop
  endfacet
  facet normal -0.492898192229785 -0.8700869911087109 0
    outer loop
      vertex -7.660196973422462 -14.33122054566077 2
      vertex -8.354169593139854 -13.93808991250442 10
      vertex -8.354169593139854 -13.93808991250442 2
    endloop
  endfacet
  facet normal -0.4496113296546063 -0.8932243011955155 0
    outer loop
      vertex -7.660196973422462 -14.33122054566077 2
      vertex -6.947770268242084 -14.689826013255955 2
      vertex -7.660196973422462 -14.33122054566077 10
    endloop
  endfacet
  facet normal -0.4052413140049892 -0.9142097557035309 0
    outer loop
      vertex -6.947770268242084 -14.689826013255955 2
      vertex -6.218605775932709 -15.01304240330841 2
      vertex -6.947770268242084 -14.689826013255955 10
    endloop
  endfacet
  facet normal -0.35989503653498955 -0.9329927988347384 0
    outer loop
      vertex -5.474460117623575 -15.300091059224089 2
      vertex -6.218605775932709 -15.01304240330841 10
      vertex -6.218605775932709 -15.01304240330841 2
    endloop
  endfacet
  facet normal -0.3136817403988885 -0.9495281805930378 0
    outer loop
      vertex -5.474460117623575 -15.300091059224089 2
      vertex -4.717126005385013 -15.550280455648393 2
      vertex -5.474460117623575 -15.300091059224089 10
    endloop
  endfacet
  facet normal -0.266712757474899 -0.9637760657954397 0
    outer loop
      vertex -4.717126005385013 -15.550280455648393 2
      vertex -3.9484279234280377 -15.763007864411339 2
      vertex -4.717126005385013 -15.550280455648393 10
    endloop
  endfacet
  facet normal -0.21910124015687113 -0.9757021300385282 0
    outer loop
      vertex -3.9484279234280377 -15.763007864411339 2
      vertex -3.170217732762084 -15.937760806552495 2
      vertex -3.9484279234280377 -15.763007864411339 10
    endloop
  endfacet
  facet normal -0.17096188876030333 -0.9852776423889409 0
    outer loop
      vertex -3.170217732762084 -15.937760806552495 2
      vertex -2.3843702098996284 -16.074118286927693 2
      vertex -3.170217732762084 -15.937760806552495 10
    endloop
  endfacet
  facet normal -0.07356456359966819 -0.9972904566786902 0
    outer loop
      vertex -1.5927785303553599 -16.1717518084232 2
      vertex -0.7973497078205427 -16.23042616333405 2
      vertex -1.5927785303553599 -16.1717518084232 10
    endloop
  endfacet
  facet normal -0.12241067519921355 -0.9924795345987104 0
    outer loop
      vertex -2.3843702098996284 -16.074118286927693 2
      vertex -1.5927785303553599 -16.1717518084232 2
      vertex -2.3843702098996284 -16.074118286927693 10
    endloop
  endfacet
  facet normal -0.024541228522911972 -0.9996988186962044 0
    outer loop
      vertex -0.7973497078205427 -16.23042616333405 2
      vertex 0 -16.25 2
      vertex -0.7973497078205427 -16.23042616333405 10
    endloop
  endfacet
  facet normal -0.8448535652497073 -0.5349976198870969 0
    outer loop
      vertex -13.51138119991636 -9.028016286568535 2
      vertex -13.51138119991636 -9.028016286568535 10
      vertex -13.93808991250442 -8.354169593139854 10
    endloop
  endfacet
  facet normal -0.8175848131515842 -0.5758081914178446 0
    outer loop
      vertex -13.05212238656048 -9.680113698002042 2
      vertex -13.05212238656048 -9.680113698002042 10
      vertex -13.51138119991636 -9.028016286568535 10
    endloop
  endfacet
  facet normal -0.5758081914178446 -0.8175848131515842 0
    outer loop
      vertex -9.028016286568535 -13.51138119991636 2
      vertex -9.028016286568535 -13.51138119991636 10
      vertex -9.680113698002042 -13.05212238656048 10
    endloop
  endfacet
  facet normal -0.7242470829514671 -0.6895405447370667 0
    outer loop
      vertex -11.490485194281398 -11.490485194281398 2
      vertex -11.490485194281398 -11.490485194281398 10
      vertex -12.040455787018086 -10.912833016264049 10
    endloop
  endfacet
  facet normal -0.6895405447370667 -0.7242470829514671 0
    outer loop
      vertex -10.912833016264049 -12.040455787018086 2
      vertex -10.912833016264049 -12.040455787018086 10
      vertex -11.490485194281398 -11.490485194281398 10
    endloop
  endfacet
  facet normal -0.7883464276266056 -0.6152315905806276 0
    outer loop
      vertex -12.561419867144476 -10.308890867659239 2
      vertex -12.561419867144476 -10.308890867659239 10
      vertex -13.05212238656048 -9.680113698002042 10
    endloop
  endfacet
  facet normal -0.7572088465064849 -0.6531728429537762 0
    outer loop
      vertex -12.040455787018086 -10.912833016264049 2
      vertex -12.040455787018086 -10.912833016264049 10
      vertex -12.561419867144476 -10.308890867659239 10
    endloop
  endfacet
  facet normal -0.6531728429537762 -0.7572088465064849 0
    outer loop
      vertex -10.308890867659239 -12.561419867144476 2
      vertex -10.308890867659239 -12.561419867144476 10
      vertex -10.912833016264049 -12.040455787018086 10
    endloop
  endfacet
  facet normal -0.6152315905806276 -0.7883464276266056 0
    outer loop
      vertex -9.680113698002042 -13.05212238656048 2
      vertex -9.680113698002042 -13.05212238656048 10
      vertex -10.308890867659239 -12.561419867144476 10
    endloop
  endfacet
  facet normal 0 0 1
    outer loop
      vertex -13.51138119991636 -9.028016286568535 10
      vertex -13.05212238656048 -9.680113698002042 10
      vertex -13.449299281312415 -7.188800236596464 10
    endloop
  endfacet
  facet normal 0 0 1
    outer loop
      vertex -10.912833016264049 -12.040455787018086 10
      vertex -11.299504661663127 -10.24127406141703 10
      vertex -11.490485194281398 -11.490485194281398 10
    endloop
  endfacet
  facet normal 0 0 1
    outer loop
      vertex -10.912833016264049 -12.040455787018086 10
      vertex -10.78337841309485 -10.78337841309485 10
      vertex -11.299504661663127 -10.24127406141703 10
    endloop
  endfacet
  facet normal 0 0 1
    outer loop
      vertex -12.040455787018086 -10.912833016264049 10
      vertex -12.248914855079835 -9.08441439350961 10
      vertex -12.561419867144476 -10.308890867659239 10
    endloop
  endfacet
  facet normal 0 0 1
    outer loop
      vertex -12.040455787018086 -10.912833016264049 10
      vertex -11.78840941378174 -9.674497583495594 10
      vertex -12.248914855079835 -9.08441439350961 10
    endloop
  endfacet
  facet normal 0 0 1
    outer loop
      vertex -13.05212238656048 -9.680113698002042 10
      vertex -12.561419867144476 -10.308890867659239 10
      vertex -12.679911587613814 -8.472446053548934 10
    endloop
  endfacet
  facet normal 0 0 1
    outer loop
      vertex -12.561419867144476 -10.308890867659239 10
      vertex -12.248914855079835 -9.08441439350961 10
      vertex -12.679911587613814 -8.472446053548934 10
    endloop
  endfacet
  facet normal 0 0 1
    outer loop
      vertex -13.05212238656048 -9.680113698002042 10
      vertex -12.679911587613814 -8.472446053548934 10
      vertex -13.080361302504148 -7.840066848946632 10
    endloop
  endfacet
  facet normal 0 0 1
    outer loop
      vertex -12.040455787018086 -10.912833016264049 10
      vertex -11.490485194281398 -11.490485194281398 10
      vertex -11.78840941378174 -9.674497583495594 10
    endloop
  endfacet
  facet normal 0 0 1
    outer loop
      vertex -11.490485194281398 -11.490485194281398 10
      vertex -11.299504661663127 -10.24127406141703 10
      vertex -11.78840941378174 -9.674497583495594 10
    endloop
  endfacet
  facet normal 0 0 1
    outer loop
      vertex -9.680113698002042 -13.05212238656048 10
      vertex -10.24127406141703 -11.299504661663127 10
      vertex -10.308890867659239 -12.561419867144476 10
    endloop
  endfacet
  facet normal 0 0 1
    outer loop
      vertex -9.680113698002042 -13.05212238656048 10
      vertex -9.674497583495594 -11.78840941378174 10
      vertex -10.24127406141703 -11.299504661663127 10
    endloop
  endfacet
  facet normal 0 0 1
    outer loop
      vertex -10.912833016264049 -12.040455787018086 10
      vertex -10.308890867659239 -12.561419867144476 10
      vertex -10.78337841309485 -10.78337841309485 10
    endloop
  endfacet
  facet normal 0 0 1
    outer loop
      vertex -10.308890867659239 -12.561419867144476 10
      vertex -10.24127406141703 -11.299504661663127 10
      vertex -10.78337841309485 -10.78337841309485 10
    endloop
  endfacet
  facet normal 0 0 1
    outer loop
      vertex -9.680113698002042 -13.05212238656048 10
      vertex -9.028016286568535 -13.51138119991636 10
      vertex -9.08441439350961 -12.248914855079835 10
    endloop
  endfacet
  facet normal 0 0 1
    outer loop
      vertex -9.680113698002042 -13.05212238656048 10
      vertex -9.08441439350961 -12.248914855079835 10
      vertex -9.674497583495594 -11.78840941378174 10
    endloop
  endfacet
  facet normal 0 0 1
    outer loop
      vertex -9.028016286568535 -13.51138119991636 10
      vertex -8.472446053548934 -12.679911587613814 10
      vertex -9.08441439350961 -12.248914855079835 10
    endloop
  endfacet
  facet normal -0.9329927988347384 -0.35989503653498955 0
    outer loop
      vertex -15.01304240330841 -6.218605775932709 2
      vertex -15.01304240330841 -6.218605775932709 10
      vertex -15.300091059224089 -5.474460117623575 10
    endloop
  endfacet
  facet normal -0.9495281805930378 -0.3136817403988885 0
    outer loop
      vertex -15.300091059224089 -5.474460117623575 2
      vertex -15.300091059224089 -5.474460117623575 10
      vertex -15.550280455648393 -4.717126005385013 10
    endloop
  endfacet
  facet normal -0.9637760657954397 -0.266712757474899 0
    outer loop
      vertex -15.550280455648393 -4.717126005385013 2
      vertex -15.550280455648393 -4.717126005385013 10
      vertex -15.763007864411339 -3.9484279234280377 10
    endloop
  endfacet
  facet normal -0.8700869911087109 -0.492898192229785 0
    outer loop
      vertex -13.93808991250442 -8.354169593139854 2
      vertex -13.93808991250442 -8.354169593139854 10
      vertex -14.33122054566077 -7.660196973422462 10
    endloop
  endfacet
  facet normal -0.9142097557035309 -0.4052413140049892 0
    outer loop
      vertex -14.689826013255955 -6.947770268242084 2
      vertex -14.689826013255955 -6.947770268242084 10
      vertex -15.01304240330841 -6.218605775932709 10
    endloop
  endfacet
  facet normal -0.8932243011955155 -0.4496113296546063 0
    outer loop
      vertex -14.33122054566077 -7.660196973422462 2
      vertex -14.33122054566077 -7.660196973422462 10
      vertex -14.689826013255955 -6.947770268242084 10
    endloop
  endfacet
  facet normal -0.9757021300385282 -0.21910124015687113 0
    outer loop
      vertex -15.763007864411339 -3.9484279234280377 2
      vertex -15.763007864411339 -3.9484279234280377 10
      vertex -15.937760806552495 -3.170217732762084 10
    endloop
  endfacet
  facet normal -0.9852776423889409 -0.17096188876030333 0
    outer loop
      vertex -15.937760806552495 -3.170217732762084 2
      vertex -15.937760806552495 -3.170217732762084 10
      vertex -16.074118286927693 -2.3843702098996284 10
    endloop
  endfacet
  facet normal -0.9972904566786902 -0.07356456359966819 0
    outer loop
      vertex -16.1717518084232 -1.5927785303553599 2
      vertex -16.1717518084232 -1.5927785303553599 10
      vertex -16.23042616333405 -0.7973497078205427 10
    endloop
  endfacet
  facet normal -0.9996988186962044 -0.024541228522911972 0
    outer loop
      vertex -16.23042616333405 -0.7973497078205427 2
      vertex -16.23042616333405 -0.7973497078205427 10
      vertex -16.25 0 10
    endloop
  endfacet
  facet normal -0.9924795345987104 -0.12241067519921355 0
    outer loop
      vertex -16.074118286927693 -2.3843702098996284 2
      vertex -16.074118286927693 -2.3843702098996284 10
      vertex -16.1717518084232 -1.5927785303553599 10
    endloop
  endfacet
  facet normal 0 0 1
    outer loop
      vertex -15.300091059224089 -5.474460117623575 10
      vertex -15.01304240330841 -6.218605775932709 10
      vertex -15.176567081751003 -1.4947613900257992 10
    endloop
  endfacet
  facet normal 0 0 1
    outer loop
      vertex -14.33122054566077 -7.660196973422462 10
      vertex -13.93808991250442 -8.354169593139854 10
      vertex -14.089162870797123 -5.835922343567619 10
    endloop
  endfacet
  facet normal 0 0 1
    outer loop
      vertex -13.51138119991636 -9.028016286568535 10
      vertex -13.785836720132512 -6.520215174811802 10
      vertex -13.93808991250442 -8.354169593139854 10
    endloop
  endfacet
  facet normal 0 0 1
    outer loop
      vertex -13.51138119991636 -9.028016286568535 10
      vertex -13.449299281312415 -7.188800236596464 10
      vertex -13.785836720132512 -6.520215174811802 10
    endloop
  endfacet
  facet normal 0 0 1
    outer loop
      vertex -13.05212238656048 -9.680113698002042 10
      vertex -13.080361302504148 -7.840066848946632 10
      vertex -13.449299281312415 -7.188800236596464 10
    endloop
  endfacet
  facet normal 0 0 1
    outer loop
      vertex -13.93808991250442 -8.354169593139854 10
      vertex -13.785836720132512 -6.520215174811802 10
      vertex -14.089162870797123 -5.835922343567619 10
    endloop
  endfacet
  facet normal 0 0 1
    outer loop
      vertex -14.689826013255955 -6.947770268242084 10
      vertex -14.792976611216796 -3.705447743524774 10
      vertex -15.01304240330841 -6.218605775932709 10
    endloop
  endfacet
  facet normal 0 0 1
    outer loop
      vertex -14.33122054566077 -7.660196973422462 10
      vertex -14.593340119916185 -4.426841328130551 10
      vertex -14.689826013255955 -6.947770268242084 10
    endloop
  endfacet
  facet normal 0 0 1
    outer loop
      vertex -14.33122054566077 -7.660196973422462 10
      vertex -14.089162870797123 -5.835922343567619 10
      vertex -14.358546994041067 -5.137570264231356 10
    endloop
  endfacet
  facet normal 0 0 1
    outer loop
      vertex -14.33122054566077 -7.660196973422462 10
      vertex -14.358546994041067 -5.137570264231356 10
      vertex -14.593340119916185 -4.426841328130551 10
    endloop
  endfacet
  facet normal 0 0 1
    outer loop
      vertex -14.689826013255955 -6.947770268242084 10
      vertex -14.593340119916185 -4.426841328130551 10
      vertex -14.792976611216796 -3.705447743524774 10
    endloop
  endfacet
  facet normal 0 0 1
    outer loop
      vertex -15.300091059224089 -5.474460117623575 10
      vertex -15.176567081751003 -1.4947613900257992 10
      vertex -15.231630707128879 -0.7482820334931247 10
    endloop
  endfacet
  facet normal 0 0 1
    outer loop
      vertex -16.23042616333405 -0.7973497078205427 10
      vertex -16.1717518084232 -1.5927785303553599 10
      vertex -16.23042616333405 0.7973497078205427 10
    endloop
  endfacet
  facet normal 0 0 1
    outer loop
      vertex -15.550280455648393 -4.717126005385013 10
      vertex -15.763007864411339 3.9484279234280377 10
      vertex -15.763007864411339 -3.9484279234280377 10
    endloop
  endfacet
  facet normal 0 0 1
    outer loop
      vertex -15.763007864411339 -3.9484279234280377 10
      vertex -15.937760806552495 3.170217732762084 10
      vertex -15.937760806552495 -3.170217732762084 10
    endloop
  endfacet
  facet normal 0 0 1
    outer loop
      vertex -15.300091059224089 -5.474460117623575 10
      vertex -15.550280455648393 4.717126005385013 10
      vertex -15.550280455648393 -4.717126005385013 10
    endloop
  endfacet
  facet normal 0 0 1
    outer loop
      vertex -15.300091059224089 -5.474460117623575 10
      vertex -15.231630707128879 -0.7482820334931247 10
      vertex -15.25 0 10
    endloop
  endfacet
  facet normal 0 0 1
    outer loop
      vertex -15.937760806552495 -3.170217732762084 10
      vertex -16.074118286927693 2.3843702098996284 10
      vertex -16.074118286927693 -2.3843702098996284 10
    endloop
  endfacet
  facet normal 0 0 1
    outer loop
      vertex -16.074118286927693 -2.3843702098996284 10
      vertex -16.1717518084232 1.5927785303553599 10
      vertex -16.1717518084232 -1.5927785303553599 10
    endloop
  endfacet
  facet normal 0 0 1
    outer loop
      vertex -15.01304240330841 -6.218605775932709 10
      vertex -14.792976611216796 -3.705447743524774 10
      vertex -14.956975526149265 -2.975127410745956 10
    endloop
  endfacet
  facet normal 0 0 1
    outer loop
      vertex -15.01304240330841 -6.218605775932709 10
      vertex -14.956975526149265 -2.975127410745956 10
      vertex -15.08494177696291 -2.2376397354442665 10
    endloop
  endfacet
  facet normal 0 0 1
    outer loop
      vertex -15.01304240330841 -6.218605775932709 10
      vertex -15.08494177696291 -2.2376397354442665 10
      vertex -15.176567081751003 -1.4947613900257992 10
    endloop
  endfacet
  facet normal -0.492898192229785 -0.8700869911087109 0
    outer loop
      vertex -7.660196973422462 -14.33122054566077 2
      vertex -7.660196973422462 -14.33122054566077 10
      vertex -8.354169593139854 -13.93808991250442 10
    endloop
  endfacet
  facet normal -0.5349976198870969 -0.8448535652497073 0
    outer loop
      vertex -8.354169593139854 -13.93808991250442 2
      vertex -8.354169593139854 -13.93808991250442 10
      vertex -9.028016286568535 -13.51138119991636 10
    endloop
  endfacet
  facet normal -0.4496113296546063 -0.8932243011955155 0
    outer loop
      vertex -6.947770268242084 -14.689826013255955 2
      vertex -6.947770268242084 -14.689826013255955 10
      vertex -7.660196973422462 -14.33122054566077 10
    endloop
  endfacet
  facet normal -0.35989503653498955 -0.9329927988347384 0
    outer loop
      vertex -5.474460117623575 -15.300091059224089 2
      vertex -5.474460117623575 -15.300091059224089 10
      vertex -6.218605775932709 -15.01304240330841 10
    endloop
  endfacet
  facet normal -0.3136817403988885 -0.9495281805930378 0
    outer loop
      vertex -4.717126005385013 -15.550280455648393 2
      vertex -4.717126005385013 -15.550280455648393 10
      vertex -5.474460117623575 -15.300091059224089 10
    endloop
  endfacet
  facet normal -0.4052413140049892 -0.9142097557035309 0
    outer loop
      vertex -6.218605775932709 -15.01304240330841 2
      vertex -6.218605775932709 -15.01304240330841 10
      vertex -6.947770268242084 -14.689826013255955 10
    endloop
  endfacet
  facet normal -0.266712757474899 -0.9637760657954397 0
    outer loop
      vertex -3.9484279234280377 -15.763007864411339 2
      vertex -3.9484279234280377 -15.763007864411339 10
      vertex -4.717126005385013 -15.550280455648393 10
    endloop
  endfacet
  facet normal -0.21910124015687113 -0.9757021300385282 0
    outer loop
      vertex -3.170217732762084 -15.937760806552495 2
      vertex -3.170217732762084 -15.937760806552495 10
      vertex -3.9484279234280377 -15.763007864411339 10
    endloop
  endfacet
  facet normal -0.17096188876030333 -0.9852776423889409 0
    outer loop
      vertex -2.3843702098996284 -16.074118286927693 2
      vertex -2.3843702098996284 -16.074118286927693 10
      vertex -3.170217732762084 -15.937760806552495 10
    endloop
  endfacet
  facet normal -0.12241067519921355 -0.9924795345987104 0
    outer loop
      vertex -1.5927785303553599 -16.1717518084232 2
      vertex -1.5927785303553599 -16.1717518084232 10
      vertex -2.3843702098996284 -16.074118286927693 10
    endloop
  endfacet
  facet normal -0.07356456359966819 -0.9972904566786902 0
    outer loop
      vertex -0.7973497078205427 -16.23042616333405 2
      vertex -0.7973497078205427 -16.23042616333405 10
      vertex -1.5927785303553599 -16.1717518084232 10
    endloop
  endfacet
  facet normal -0.024541228522911972 -0.9996988186962044 0
    outer loop
      vertex -0.7973497078205427 -16.23042616333405 10
      vertex 0 -16.25 2
      vertex 0 -16.25 10
    endloop
  endfacet
  facet normal 0 0 1
    outer loop
      vertex -9.028016286568535 -13.51138119991636 10
      vertex -8.354169593139854 -13.93808991250442 10
      vertex -8.472446053548934 -12.679911587613814 10
    endloop
  endfacet
  facet normal 0 0 1
    outer loop
      vertex -8.354169593139854 -13.93808991250442 10
      vertex -7.840066848946632 -13.080361302504148 10
      vertex -8.472446053548934 -12.679911587613814 10
    endloop
  endfacet
  facet normal 0 0 1
    outer loop
      vertex -7.660196973422462 -14.33122054566077 10
      vertex -7.840066848946632 -13.080361302504148 10
      vertex -8.354169593139854 -13.93808991250442 10
    endloop
  endfacet
  facet normal 0 0 1
    outer loop
      vertex -7.660196973422462 -14.33122054566077 10
      vertex -7.188800236596464 -13.449299281312415 10
      vertex -7.840066848946632 -13.080361302504148 10
    endloop
  endfacet
  facet normal 0 0 1
    outer loop
      vertex -7.660196973422462 -14.33122054566077 10
      vertex -6.947770268242084 -14.689826013255955 10
      vertex -7.188800236596464 -13.449299281312415 10
    endloop
  endfacet
  facet normal 0 0 1
    outer loop
      vertex -6.947770268242084 -14.689826013255955 10
      vertex -6.218605775932709 -15.01304240330841 10
      vertex -6.520215174811802 -13.785836720132512 10
    endloop
  endfacet
  facet normal 0 0 1
    outer loop
      vertex -6.947770268242084 -14.689826013255955 10
      vertex -6.520215174811802 -13.785836720132512 10
      vertex -7.188800236596464 -13.449299281312415 10
    endloop
  endfacet
  facet normal 0 0 1
    outer loop
      vertex -4.717126005385013 -15.550280455648393 10
      vertex -3.9484279234280377 -15.763007864411339 10
      vertex -4.426841328130551 -14.593340119916185 10
    endloop
  endfacet
  facet normal 0 0 1
    outer loop
      vertex -6.218605775932709 -15.01304240330841 10
      vertex -5.835922343567619 -14.089162870797123 10
      vertex -6.520215174811802 -13.785836720132512 10
    endloop
  endfacet
  facet normal 0 0 1
    outer loop
      vertex -5.474460117623575 -15.300091059224089 10
      vertex -5.835922343567619 -14.089162870797123 10
      vertex -6.218605775932709 -15.01304240330841 10
    endloop
  endfacet
  facet normal 0 0 1
    outer loop
      vertex -5.474460117623575 -15.300091059224089 10
      vertex -5.137570264231356 -14.358546994041067 10
      vertex -5.835922343567619 -14.089162870797123 10
    endloop
  endfacet
  facet normal 0 0 1
    outer loop
      vertex -5.474460117623575 -15.300091059224089 10
      vertex -4.717126005385013 -15.550280455648393 10
      vertex -5.137570264231356 -14.358546994041067 10
    endloop
  endfacet
  facet normal 0 0 1
    outer loop
      vertex -4.717126005385013 -15.550280455648393 10
      vertex -4.426841328130551 -14.593340119916185 10
      vertex -5.137570264231356 -14.358546994041067 10
    endloop
  endfacet
  facet normal 0 0 1
    outer loop
      vertex -3.9484279234280377 -15.763007864411339 10
      vertex -3.170217732762084 -15.937760806552495 10
      vertex -3.705447743524774 -14.792976611216796 10
    endloop
  endfacet
  facet normal 0 0 1
    outer loop
      vertex -3.170217732762084 -15.937760806552495 10
      vertex -2.975127410745956 -14.956975526149265 10
      vertex -3.705447743524774 -14.792976611216796 10
    endloop
  endfacet
  facet normal 0 0 1
    outer loop
      vertex -3.170217732762084 -15.937760806552495 10
      vertex -2.3843702098996284 -16.074118286927693 10
      vertex -2.975127410745956 -14.956975526149265 10
    endloop
  endfacet
  facet normal 0 0 1
    outer loop
      vertex -2.3843702098996284 -16.074118286927693 10
      vertex -2.2376397354442665 -15.08494177696291 10
      vertex -2.975127410745956 -14.956975526149265 10
    endloop
  endfacet
  facet normal 0 0 1
    outer loop
      vertex -3.9484279234280377 -15.763007864411339 10
      vertex -3.705447743524774 -14.792976611216796 10
      vertex -4.426841328130551 -14.593340119916185 10
    endloop
  endfacet
  facet normal 0 0 1
    outer loop
      vertex -2.3843702098996284 -16.074118286927693 10
      vertex -1.5927785303553599 -16.1717518084232 10
      vertex -2.2376397354442665 -15.08494177696291 10
    endloop
  endfacet
  facet normal 0 0 1
    outer loop
      vertex -1.5927785303553599 -16.1717518084232 10
      vertex -1.4947613900257992 -15.176567081751003 10
      vertex -2.2376397354442665 -15.08494177696291 10
    endloop
  endfacet
  facet normal 0 0 1
    outer loop
      vertex -1.5927785303553599 -16.1717518084232 10
      vertex -0.7973497078205427 -16.23042616333405 10
      vertex -1.4947613900257992 -15.176567081751003 10
    endloop
  endfacet
  facet normal 0 0 1
    outer loop
      vertex -0.7973497078205427 -16.23042616333405 10
      vertex -0.7482820334931247 -15.231630707128879 10
      vertex -1.4947613900257992 -15.176567081751003 10
    endloop
  endfacet
  facet normal 0 0 1
    outer loop
      vertex -0.7973497078205427 -16.23042616333405 10
      vertex 0 -16.25 10
      vertex -0.7482820334931247 -15.231630707128879 10
    endloop
  endfacet
  facet normal 0 0 1
    outer loop
      vertex 0 -16.25 10
      vertex 0 -15.25 10
      vertex -0.7482820334931247 -15.231630707128879 10
    endloop
  endfacet
  facet normal -0.9996988186962044 0.024541228522911972 0
    outer loop
      vertex -16.25 0 2
      vertex -16.23042616333405 0.7973497078205427 10
      vertex -16.23042616333405 0.7973497078205427 2
    endloop
  endfacet
  facet normal -0.9972904566786902 0.07356456359966819 0
    outer loop
      vertex -16.23042616333405 0.7973497078205427 2
      vertex -16.1717518084232 1.5927785303553599 10
      vertex -16.1717518084232 1.5927785303553599 2
    endloop
  endfacet
  facet normal -0.9924795345987104 0.12241067519921355 0
    outer loop
      vertex -16.1717518084232 1.5927785303553599 2
      vertex -16.074118286927693 2.3843702098996284 10
      vertex -16.074118286927693 2.3843702098996284 2
    endloop
  endfacet
  facet normal -0.9852776423889409 0.17096188876030333 0
    outer loop
      vertex -16.074118286927693 2.3843702098996284 2
      vertex -15.937760806552495 3.170217732762084 10
      vertex -15.937760806552495 3.170217732762084 2
    endloop
  endfacet
  facet normal -0.9757021300385282 0.21910124015687113 0
    outer loop
      vertex -15.937760806552495 3.170217732762084 2
      vertex -15.763007864411339 3.9484279234280377 10
      vertex -15.763007864411339 3.9484279234280377 2
    endloop
  endfacet
  facet normal -0.9637760657954397 0.266712757474899 0
    outer loop
      vertex -15.763007864411339 3.9484279234280377 2
      vertex -15.550280455648393 4.717126005385013 10
      vertex -15.550280455648393 4.717126005385013 2
    endloop
  endfacet
  facet normal -0.9495281805930378 0.3136817403988885 0
    outer loop
      vertex -15.550280455648393 4.717126005385013 2
      vertex -15.300091059224089 5.474460117623575 10
      vertex -15.300091059224089 5.474460117623575 2
    endloop
  endfacet
  facet normal -0.9329927988347384 0.35989503653498955 0
    outer loop
      vertex -15.300091059224089 5.474460117623575 2
      vertex -15.01304240330841 6.218605775932709 10
      vertex -15.01304240330841 6.218605775932709 2
    endloop
  endfacet
  facet normal -0.9142097557035309 0.4052413140049892 0
    outer loop
      vertex -15.01304240330841 6.218605775932709 2
      vertex -14.689826013255955 6.947770268242084 10
      vertex -14.689826013255955 6.947770268242084 2
    endloop
  endfacet
  facet normal -0.8932243011955155 0.4496113296546063 0
    outer loop
      vertex -14.689826013255955 6.947770268242084 2
      vertex -14.33122054566077 7.660196973422462 10
      vertex -14.33122054566077 7.660196973422462 2
    endloop
  endfacet
  facet normal -0.8700869911087109 0.492898192229785 0
    outer loop
      vertex -14.33122054566077 7.660196973422462 2
      vertex -13.93808991250442 8.354169593139854 10
      vertex -13.93808991250442 8.354169593139854 2
    endloop
  endfacet
  facet normal -0.8448535652497073 0.5349976198870969 0
    outer loop
      vertex -13.93808991250442 8.354169593139854 2
      vertex -13.51138119991636 9.028016286568535 10
      vertex -13.51138119991636 9.028016286568535 2
    endloop
  endfacet
  facet normal -0.8175848131515842 0.5758081914178446 0
    outer loop
      vertex -13.51138119991636 9.028016286568535 2
      vertex -13.05212238656048 9.680113698002042 10
      vertex -13.05212238656048 9.680113698002042 2
    endloop
  endfacet
  facet normal -0.7883464276266056 0.6152315905806276 0
    outer loop
      vertex -13.05212238656048 9.680113698002042 2
      vertex -12.561419867144476 10.308890867659239 10
      vertex -12.561419867144476 10.308890867659239 2
    endloop
  endfacet
  facet normal -0.7572088465064849 0.6531728429537762 0
    outer loop
      vertex -12.561419867144476 10.308890867659239 2
      vertex -12.040455787018086 10.912833016264049 10
      vertex -12.040455787018086 10.912833016264049 2
    endloop
  endfacet
  facet normal -0.7242470829514671 0.6895405447370667 0
    outer loop
      vertex -12.040455787018086 10.912833016264049 2
      vertex -11.490485194281398 11.490485194281398 10
      vertex -11.490485194281398 11.490485194281398 2
    endloop
  endfacet
  facet normal -0.6895405447370667 0.7242470829514671 0
    outer loop
      vertex -11.490485194281398 11.490485194281398 2
      vertex -10.912833016264049 12.040455787018086 10
      vertex -10.912833016264049 12.040455787018086 2
    endloop
  endfacet
  facet normal -0.6531728429537762 0.7572088465064849 0
    outer loop
      vertex -10.912833016264049 12.040455787018086 2
      vertex -10.308890867659239 12.561419867144476 10
      vertex -10.308890867659239 12.561419867144476 2
    endloop
  endfacet
  facet normal -0.6152315905806276 0.7883464276266056 0
    outer loop
      vertex -10.308890867659239 12.561419867144476 2
      vertex -9.680113698002042 13.05212238656048 10
      vertex -9.680113698002042 13.05212238656048 2
    endloop
  endfacet
  facet normal -0.5758081914178446 0.8175848131515842 0
    outer loop
      vertex -9.680113698002042 13.05212238656048 2
      vertex -9.028016286568535 13.51138119991636 10
      vertex -9.028016286568535 13.51138119991636 2
    endloop
  endfacet
  facet normal -0.5349976198870969 0.8448535652497073 0
    outer loop
      vertex -9.028016286568535 13.51138119991636 2
      vertex -8.354169593139854 13.93808991250442 10
      vertex -8.354169593139854 13.93808991250442 2
    endloop
  endfacet
  facet normal -0.492898192229785 0.8700869911087109 0
    outer loop
      vertex -8.354169593139854 13.93808991250442 2
      vertex -7.660196973422462 14.33122054566077 10
      vertex -7.660196973422462 14.33122054566077 2
    endloop
  endfacet
  facet normal -0.4496113296546063 0.8932243011955155 0
    outer loop
      vertex -7.660196973422462 14.33122054566077 2
      vertex -6.947770268242084 14.689826013255955 10
      vertex -6.947770268242084 14.689826013255955 2
    endloop
  endfacet
  facet normal -0.4052413140049892 0.9142097557035309 0
    outer loop
      vertex -6.947770268242084 14.689826013255955 2
      vertex -6.218605775932709 15.01304240330841 10
      vertex -6.218605775932709 15.01304240330841 2
    endloop
  endfacet
  facet normal -0.35989503653498955 0.9329927988347384 0
    outer loop
      vertex -6.218605775932709 15.01304240330841 2
      vertex -5.474460117623575 15.300091059224089 10
      vertex -5.474460117623575 15.300091059224089 2
    endloop
  endfacet
  facet normal -0.3136817403988885 0.9495281805930378 0
    outer loop
      vertex -5.474460117623575 15.300091059224089 2
      vertex -4.717126005385013 15.550280455648393 10
      vertex -4.717126005385013 15.550280455648393 2
    endloop
  endfacet
  facet normal -0.266712757474899 0.9637760657954397 0
    outer loop
      vertex -4.717126005385013 15.550280455648393 2
      vertex -3.9484279234280377 15.763007864411339 10
      vertex -3.9484279234280377 15.763007864411339 2
    endloop
  endfacet
  facet normal -0.21910124015687113 0.9757021300385282 0
    outer loop
      vertex -3.9484279234280377 15.763007864411339 2
      vertex -3.170217732762084 15.937760806552495 10
      vertex -3.170217732762084 15.937760806552495 2
    endloop
  endfacet
  facet normal -0.17096188876030333 0.9852776423889409 0
    outer loop
      vertex -3.170217732762084 15.937760806552495 2
      vertex -2.3843702098996284 16.074118286927693 10
      vertex -2.3843702098996284 16.074118286927693 2
    endloop
  endfacet
  facet normal -0.12241067519921355 0.9924795345987104 0
    outer loop
      vertex -2.3843702098996284 16.074118286927693 2
      vertex -1.5927785303553599 16.1717518084232 10
      vertex -1.5927785303553599 16.1717518084232 2
    endloop
  endfacet
  facet normal -0.07356456359966819 0.9972904566786902 0
    outer loop
      vertex -1.5927785303553599 16.1717518084232 2
      vertex -0.7973497078205427 16.23042616333405 10
      vertex -0.7973497078205427 16.23042616333405 2
    endloop
  endfacet
  facet normal -0.024541228522911972 0.9996988186962044 0
    outer loop
      vertex -0.7973497078205427 16.23042616333405 2
      vertex 0 16.25 10
      vertex 0 16.25 2
    endloop
  endfacet
  facet normal -0.9996988186962044 0.024541228522911972 0
    outer loop
      vertex -16.25 0 2
      vertex -16.25 0 10
      vertex -16.23042616333405 0.7973497078205427 10
    endloop
  endfacet
  facet normal -0.9972904566786902 0.07356456359966819 0
    outer loop
      vertex -16.23042616333405 0.7973497078205427 2
      vertex -16.23042616333405 0.7973497078205427 10
      vertex -16.1717518084232 1.5927785303553599 10
    endloop
  endfacet
  facet normal -0.9924795345987104 0.12241067519921355 0
    outer loop
      vertex -16.1717518084232 1.5927785303553599 2
      vertex -16.1717518084232 1.5927785303553599 10
      vertex -16.074118286927693 2.3843702098996284 10
    endloop
  endfacet
  facet normal -0.9852776423889409 0.17096188876030333 0
    outer loop
      vertex -16.074118286927693 2.3843702098996284 2
      vertex -16.074118286927693 2.3843702098996284 10
      vertex -15.937760806552495 3.170217732762084 10
    endloop
  endfacet
  facet normal -0.9757021300385282 0.21910124015687113 0
    outer loop
      vertex -15.937760806552495 3.170217732762084 2
      vertex -15.937760806552495 3.170217732762084 10
      vertex -15.763007864411339 3.9484279234280377 10
    endloop
  endfacet
  facet normal -0.9637760657954397 0.266712757474899 0
    outer loop
      vertex -15.763007864411339 3.9484279234280377 2
      vertex -15.763007864411339 3.9484279234280377 10
      vertex -15.550280455648393 4.717126005385013 10
    endloop
  endfacet
  facet normal -0.9495281805930378 0.3136817403988885 0
    outer loop
      vertex -15.550280455648393 4.717126005385013 2
      vertex -15.550280455648393 4.717126005385013 10
      vertex -15.300091059224089 5.474460117623575 10
    endloop
  endfacet
  facet normal -0.9329927988347384 0.35989503653498955 0
    outer loop
      vertex -15.300091059224089 5.474460117623575 2
      vertex -15.300091059224089 5.474460117623575 10
      vertex -15.01304240330841 6.218605775932709 10
    endloop
  endfacet
  facet normal -0.9142097557035309 0.4052413140049892 0
    outer loop
      vertex -15.01304240330841 6.218605775932709 2
      vertex -15.01304240330841 6.218605775932709 10
      vertex -14.689826013255955 6.947770268242084 10
    endloop
  endfacet
  facet normal -0.8932243011955155 0.4496113296546063 0
    outer loop
      vertex -14.689826013255955 6.947770268242084 2
      vertex -14.689826013255955 6.947770268242084 10
      vertex -14.33122054566077 7.660196973422462 10
    endloop
  endfacet
  facet normal -0.8700869911087109 0.492898192229785 0
    outer loop
      vertex -14.33122054566077 7.660196973422462 2
      vertex -14.33122054566077 7.660196973422462 10
      vertex -13.93808991250442 8.354169593139854 10
    endloop
  endfacet
  facet normal -0.8448535652497073 0.5349976198870969 0
    outer loop
      vertex -13.93808991250442 8.354169593139854 2
      vertex -13.93808991250442 8.354169593139854 10
      vertex -13.51138119991636 9.028016286568535 10
    endloop
  endfacet
  facet normal 0 0 1
    outer loop
      vertex -16.23042616333405 -0.7973497078205427 10
      vertex -16.23042616333405 0.7973497078205427 10
      vertex -16.25 0 10
    endloop
  endfacet
  facet normal 0 0 1
    outer loop
      vertex -16.1717518084232 -1.5927785303553599 10
      vertex -16.1717518084232 1.5927785303553599 10
      vertex -16.23042616333405 0.7973497078205427 10
    endloop
  endfacet
  facet normal 0 0 1
    outer loop
      vertex -16.074118286927693 -2.3843702098996284 10
      vertex -16.074118286927693 2.3843702098996284 10
      vertex -16.1717518084232 1.5927785303553599 10
    endloop
  endfacet
  facet normal 0 0 1
    outer loop
      vertex -15.937760806552495 -3.170217732762084 10
      vertex -15.937760806552495 3.170217732762084 10
      vertex -16.074118286927693 2.3843702098996284 10
    endloop
  endfacet
  facet normal 0 0 1
    outer loop
      vertex -15.763007864411339 -3.9484279234280377 10
      vertex -15.763007864411339 3.9484279234280377 10
      vertex -15.937760806552495 3.170217732762084 10
    endloop
  endfacet
  facet normal 0 0 1
    outer loop
      vertex -15.300091059224089 -5.474460117623575 10
      vertex -15.25 0 10
      vertex -15.300091059224089 5.474460117623575 10
    endloop
  endfacet
  facet normal 0 0 1
    outer loop
      vertex -15.550280455648393 -4.717126005385013 10
      vertex -15.550280455648393 4.717126005385013 10
      vertex -15.763007864411339 3.9484279234280377 10
    endloop
  endfacet
  facet normal 0 0 1
    outer loop
      vertex -15.300091059224089 -5.474460117623575 10
      vertex -15.300091059224089 5.474460117623575 10
      vertex -15.550280455648393 4.717126005385013 10
    endloop
  endfacet
  facet normal 0 0 1
    outer loop
      vertex -15.300091059224089 5.474460117623575 10
      vertex -15.25 0 10
      vertex -15.231630707128879 0.7482820334931247 10
    endloop
  endfacet
  facet normal 0 0 1
    outer loop
      vertex -15.300091059224089 5.474460117623575 10
      vertex -15.231630707128879 0.7482820334931247 10
      vertex -15.176567081751003 1.4947613900257992 10
    endloop
  endfacet
  facet normal 0 0 1
    outer loop
      vertex -15.300091059224089 5.474460117623575 10
      vertex -15.176567081751003 1.4947613900257992 10
      vertex -15.08494177696291 2.2376397354442665 10
    endloop
  endfacet
  facet normal 0 0 1
    outer loop
      vertex -15.300091059224089 5.474460117623575 10
      vertex -15.08494177696291 2.2376397354442665 10
      vertex -14.956975526149265 2.975127410745956 10
    endloop
  endfacet
  facet normal 0 0 1
    outer loop
      vertex -15.01304240330841 6.218605775932709 10
      vertex -14.956975526149265 2.975127410745956 10
      vertex -14.792976611216796 3.705447743524774 10
    endloop
  endfacet
  facet normal 0 0 1
    outer loop
      vertex -15.01304240330841 6.218605775932709 10
      vertex -14.792976611216796 3.705447743524774 10
      vertex -14.593340119916185 4.426841328130551 10
    endloop
  endfacet
  facet normal 0 0 1
    outer loop
      vertex -15.300091059224089 5.474460117623575 10
      vertex -14.956975526149265 2.975127410745956 10
      vertex -15.01304240330841 6.218605775932709 10
    endloop
  endfacet
  facet normal 0 0 1
    outer loop
      vertex -15.01304240330841 6.218605775932709 10
      vertex -14.593340119916185 4.426841328130551 10
      vertex -14.689826013255955 6.947770268242084 10
    endloop
  endfacet
  facet normal 0 0 1
    outer loop
      vertex -14.689826013255955 6.947770268242084 10
      vertex -14.593340119916185 4.426841328130551 10
      vertex -14.358546994041067 5.137570264231356 10
    endloop
  endfacet
  facet normal 0 0 1
    outer loop
      vertex -14.689826013255955 6.947770268242084 10
      vertex -14.358546994041067 5.137570264231356 10
      vertex -14.089162870797123 5.835922343567619 10
    endloop
  endfacet
  facet normal 0 0 1
    outer loop
      vertex -14.689826013255955 6.947770268242084 10
      vertex -14.089162870797123 5.835922343567619 10
      vertex -14.33122054566077 7.660196973422462 10
    endloop
  endfacet
  facet normal 0 0 1
    outer loop
      vertex -14.33122054566077 7.660196973422462 10
      vertex -14.089162870797123 5.835922343567619 10
      vertex -13.785836720132512 6.520215174811802 10
    endloop
  endfacet
  facet normal 0 0 1
    outer loop
      vertex -14.33122054566077 7.660196973422462 10
      vertex -13.785836720132512 6.520215174811802 10
      vertex -13.93808991250442 8.354169593139854 10
    endloop
  endfacet
  facet normal 0 0 1
    outer loop
      vertex -13.93808991250442 8.354169593139854 10
      vertex -13.785836720132512 6.520215174811802 10
      vertex -13.449299281312415 7.188800236596464 10
    endloop
  endfacet
  facet normal 0 0 1
    outer loop
      vertex -13.93808991250442 8.354169593139854 10
      vertex -13.449299281312415 7.188800236596464 10
      vertex -13.51138119991636 9.028016286568535 10
    endloop
  endfacet
  facet normal 0 0 1
    outer loop
      vertex -13.51138119991636 9.028016286568535 10
      vertex -13.449299281312415 7.188800236596464 10
      vertex -13.080361302504148 7.840066848946632 10
    endloop
  endfacet
  facet normal 0 0 1
    outer loop
      vertex -13.51138119991636 9.028016286568535 10
      vertex -13.080361302504148 7.840066848946632 10
      vertex -12.679911587613814 8.472446053548934 10
    endloop
  endfacet
  facet normal -0.8175848131515842 0.5758081914178446 0
    outer loop
      vertex -13.51138119991636 9.028016286568535 2
      vertex -13.51138119991636 9.028016286568535 10
      vertex -13.05212238656048 9.680113698002042 10
    endloop
  endfacet
  facet normal -0.7883464276266056 0.6152315905806276 0
    outer loop
      vertex -13.05212238656048 9.680113698002042 2
      vertex -13.05212238656048 9.680113698002042 10
      vertex -12.561419867144476 10.308890867659239 10
    endloop
  endfacet
  facet normal -0.7572088465064849 0.6531728429537762 0
    outer loop
      vertex -12.561419867144476 10.308890867659239 2
      vertex -12.561419867144476 10.308890867659239 10
      vertex -12.040455787018086 10.912833016264049 10
    endloop
  endfacet
  facet normal -0.7242470829514671 0.6895405447370667 0
    outer loop
      vertex -12.040455787018086 10.912833016264049 2
      vertex -12.040455787018086 10.912833016264049 10
      vertex -11.490485194281398 11.490485194281398 10
    endloop
  endfacet
  facet normal -0.6895405447370667 0.7242470829514671 0
    outer loop
      vertex -11.490485194281398 11.490485194281398 2
      vertex -11.490485194281398 11.490485194281398 10
      vertex -10.912833016264049 12.040455787018086 10
    endloop
  endfacet
  facet normal -0.6531728429537762 0.7572088465064849 0
    outer loop
      vertex -10.912833016264049 12.040455787018086 2
      vertex -10.912833016264049 12.040455787018086 10
      vertex -10.308890867659239 12.561419867144476 10
    endloop
  endfacet
  facet normal -0.6152315905806276 0.7883464276266056 0
    outer loop
      vertex -10.308890867659239 12.561419867144476 2
      vertex -10.308890867659239 12.561419867144476 10
      vertex -9.680113698002042 13.05212238656048 10
    endloop
  endfacet
  facet normal -0.5758081914178446 0.8175848131515842 0
    outer loop
      vertex -9.680113698002042 13.05212238656048 2
      vertex -9.680113698002042 13.05212238656048 10
      vertex -9.028016286568535 13.51138119991636 10
    endloop
  endfacet
  facet normal -0.5349976198870969 0.8448535652497073 0
    outer loop
      vertex -9.028016286568535 13.51138119991636 2
      vertex -9.028016286568535 13.51138119991636 10
      vertex -8.354169593139854 13.93808991250442 10
    endloop
  endfacet
  facet normal 0 0 1
    outer loop
      vertex -13.51138119991636 9.028016286568535 10
      vertex -12.679911587613814 8.472446053548934 10
      vertex -13.05212238656048 9.680113698002042 10
    endloop
  endfacet
  facet normal 0 0 1
    outer loop
      vertex -13.05212238656048 9.680113698002042 10
      vertex -12.679911587613814 8.472446053548934 10
      vertex -12.248914855079835 9.08441439350961 10
    endloop
  endfacet
  facet normal 0 0 1
    outer loop
      vertex -13.05212238656048 9.680113698002042 10
      vertex -12.248914855079835 9.08441439350961 10
      vertex -12.561419867144476 10.308890867659239 10
    endloop
  endfacet
  facet normal 0 0 1
    outer loop
      vertex -12.561419867144476 10.308890867659239 10
      vertex -12.248914855079835 9.08441439350961 10
      vertex -11.78840941378174 9.674497583495594 10
    endloop
  endfacet
  facet normal 0 0 1
    outer loop
      vertex -12.561419867144476 10.308890867659239 10
      vertex -11.78840941378174 9.674497583495594 10
      vertex -12.040455787018086 10.912833016264049 10
    endloop
  endfacet
  facet normal 0 0 1
    outer loop
      vertex -12.040455787018086 10.912833016264049 10
      vertex -11.78840941378174 9.674497583495594 10
      vertex -11.299504661663127 10.24127406141703 10
    endloop
  endfacet
  facet normal 0 0 1
    outer loop
      vertex -12.040455787018086 10.912833016264049 10
      vertex -11.299504661663127 10.24127406141703 10
      vertex -11.490485194281398 11.490485194281398 10
    endloop
  endfacet
  facet normal 0 0 1
    outer loop
      vertex -11.490485194281398 11.490485194281398 10
      vertex -11.299504661663127 10.24127406141703 10
      vertex -10.78337841309485 10.78337841309485 10
    endloop
  endfacet
  facet normal 0 0 1
    outer loop
      vertex -11.490485194281398 11.490485194281398 10
      vertex -10.78337841309485 10.78337841309485 10
      vertex -10.912833016264049 12.040455787018086 10
    endloop
  endfacet
  facet normal 0 0 1
    outer loop
      vertex -10.912833016264049 12.040455787018086 10
      vertex -10.78337841309485 10.78337841309485 10
      vertex -10.24127406141703 11.299504661663127 10
    endloop
  endfacet
  facet normal 0 0 1
    outer loop
      vertex -10.912833016264049 12.040455787018086 10
      vertex -10.24127406141703 11.299504661663127 10
      vertex -10.308890867659239 12.561419867144476 10
    endloop
  endfacet
  facet normal 0 0 1
    outer loop
      vertex -10.308890867659239 12.561419867144476 10
      vertex -10.24127406141703 11.299504661663127 10
      vertex -9.674497583495594 11.78840941378174 10
    endloop
  endfacet
  facet normal 0 0 1
    outer loop
      vertex -10.308890867659239 12.561419867144476 10
      vertex -9.674497583495594 11.78840941378174 10
      vertex -9.680113698002042 13.05212238656048 10
    endloop
  endfacet
  facet normal 0 0 1
    outer loop
      vertex -9.680113698002042 13.05212238656048 10
      vertex -9.674497583495594 11.78840941378174 10
      vertex -9.08441439350961 12.248914855079835 10
    endloop
  endfacet
  facet normal 0 0 1
    outer loop
      vertex -9.680113698002042 13.05212238656048 10
      vertex -9.08441439350961 12.248914855079835 10
      vertex -8.472446053548934 12.679911587613814 10
    endloop
  endfacet
  facet normal 0 0 1
    outer loop
      vertex -9.680113698002042 13.05212238656048 10
      vertex -8.472446053548934 12.679911587613814 10
      vertex -9.028016286568535 13.51138119991636 10
    endloop
  endfacet
  facet normal -0.492898192229785 0.8700869911087109 0
    outer loop
      vertex -8.354169593139854 13.93808991250442 2
      vertex -8.354169593139854 13.93808991250442 10
      vertex -7.660196973422462 14.33122054566077 10
    endloop
  endfacet
  facet normal -0.4496113296546063 0.8932243011955155 0
    outer loop
      vertex -7.660196973422462 14.33122054566077 2
      vertex -7.660196973422462 14.33122054566077 10
      vertex -6.947770268242084 14.689826013255955 10
    endloop
  endfacet
  facet normal -0.4052413140049892 0.9142097557035309 0
    outer loop
      vertex -6.947770268242084 14.689826013255955 2
      vertex -6.947770268242084 14.689826013255955 10
      vertex -6.218605775932709 15.01304240330841 10
    endloop
  endfacet
  facet normal -0.35989503653498955 0.9329927988347384 0
    outer loop
      vertex -6.218605775932709 15.01304240330841 2
      vertex -6.218605775932709 15.01304240330841 10
      vertex -5.474460117623575 15.300091059224089 10
    endloop
  endfacet
  facet normal -0.3136817403988885 0.9495281805930378 0
    outer loop
      vertex -5.474460117623575 15.300091059224089 2
      vertex -5.474460117623575 15.300091059224089 10
      vertex -4.717126005385013 15.550280455648393 10
    endloop
  endfacet
  facet normal -0.266712757474899 0.9637760657954397 0
    outer loop
      vertex -4.717126005385013 15.550280455648393 2
      vertex -4.717126005385013 15.550280455648393 10
      vertex -3.9484279234280377 15.763007864411339 10
    endloop
  endfacet
  facet normal -0.21910124015687113 0.9757021300385282 0
    outer loop
      vertex -3.9484279234280377 15.763007864411339 2
      vertex -3.9484279234280377 15.763007864411339 10
      vertex -3.170217732762084 15.937760806552495 10
    endloop
  endfacet
  facet normal -0.17096188876030333 0.9852776423889409 0
    outer loop
      vertex -3.170217732762084 15.937760806552495 2
      vertex -3.170217732762084 15.937760806552495 10
      vertex -2.3843702098996284 16.074118286927693 10
    endloop
  endfacet
  facet normal -0.12241067519921355 0.9924795345987104 0
    outer loop
      vertex -2.3843702098996284 16.074118286927693 2
      vertex -2.3843702098996284 16.074118286927693 10
      vertex -1.5927785303553599 16.1717518084232 10
    endloop
  endfacet
  facet normal -0.07356456359966819 0.9972904566786902 0
    outer loop
      vertex -1.5927785303553599 16.1717518084232 2
      vertex -1.5927785303553599 16.1717518084232 10
      vertex -0.7973497078205427 16.23042616333405 10
    endloop
  endfacet
  facet normal -0.024541228522911972 0.9996988186962044 0
    outer loop
      vertex -0.7973497078205427 16.23042616333405 2
      vertex -0.7973497078205427 16.23042616333405 10
      vertex 0 16.25 10
    endloop
  endfacet
  facet normal 0 0 1
    outer loop
      vertex -9.028016286568535 13.51138119991636 10
      vertex -8.472446053548934 12.679911587613814 10
      vertex -7.840066848946632 13.080361302504148 10
    endloop
  endfacet
  facet normal 0 0 1
    outer loop
      vertex -9.028016286568535 13.51138119991636 10
      vertex -7.840066848946632 13.080361302504148 10
      vertex -8.354169593139854 13.93808991250442 10
    endloop
  endfacet
  facet normal 0 0 1
    outer loop
      vertex -8.354169593139854 13.93808991250442 10
      vertex -7.840066848946632 13.080361302504148 10
      vertex -7.188800236596464 13.449299281312415 10
    endloop
  endfacet
  facet normal 0 0 1
    outer loop
      vertex -8.354169593139854 13.93808991250442 10
      vertex -7.188800236596464 13.449299281312415 10
      vertex -7.660196973422462 14.33122054566077 10
    endloop
  endfacet
  facet normal 0 0 1
    outer loop
      vertex -7.660196973422462 14.33122054566077 10
      vertex -7.188800236596464 13.449299281312415 10
      vertex -6.520215174811802 13.785836720132512 10
    endloop
  endfacet
  facet normal 0 0 1
    outer loop
      vertex -7.660196973422462 14.33122054566077 10
      vertex -6.520215174811802 13.785836720132512 10
      vertex -6.947770268242084 14.689826013255955 10
    endloop
  endfacet
  facet normal 0 0 1
    outer loop
      vertex -6.947770268242084 14.689826013255955 10
      vertex -6.520215174811802 13.785836720132512 10
      vertex -5.835922343567619 14.089162870797123 10
    endloop
  endfacet
  facet normal 0 0 1
    outer loop
      vertex -6.947770268242084 14.689826013255955 10
      vertex -5.835922343567619 14.089162870797123 10
      vertex -6.218605775932709 15.01304240330841 10
    endloop
  endfacet
  facet normal 0 0 1
    outer loop
      vertex -6.218605775932709 15.01304240330841 10
      vertex -5.835922343567619 14.089162870797123 10
      vertex -5.137570264231356 14.358546994041067 10
    endloop
  endfacet
  facet normal 0 0 1
    outer loop
      vertex -6.218605775932709 15.01304240330841 10
      vertex -5.137570264231356 14.358546994041067 10
      vertex -5.474460117623575 15.300091059224089 10
    endloop
  endfacet
  facet normal 0 0 1
    outer loop
      vertex -5.474460117623575 15.300091059224089 10
      vertex -5.137570264231356 14.358546994041067 10
      vertex -4.426841328130551 14.593340119916185 10
    endloop
  endfacet
  facet normal 0 0 1
    outer loop
      vertex -5.474460117623575 15.300091059224089 10
      vertex -4.426841328130551 14.593340119916185 10
      vertex -4.717126005385013 15.550280455648393 10
    endloop
  endfacet
  facet normal 0 0 1
    outer loop
      vertex -4.717126005385013 15.550280455648393 10
      vertex -4.426841328130551 14.593340119916185 10
      vertex -3.705447743524774 14.792976611216796 10
    endloop
  endfacet
  facet normal 0 0 1
    outer loop
      vertex -4.717126005385013 15.550280455648393 10
      vertex -3.705447743524774 14.792976611216796 10
      vertex -3.9484279234280377 15.763007864411339 10
    endloop
  endfacet
  facet normal 0 0 1
    outer loop
      vertex -3.9484279234280377 15.763007864411339 10
      vertex -3.705447743524774 14.792976611216796 10
      vertex -2.975127410745956 14.956975526149265 10
    endloop
  endfacet
  facet normal 0 0 1
    outer loop
      vertex -3.9484279234280377 15.763007864411339 10
      vertex -2.975127410745956 14.956975526149265 10
      vertex -3.170217732762084 15.937760806552495 10
    endloop
  endfacet
  facet normal 0 0 1
    outer loop
      vertex -3.170217732762084 15.937760806552495 10
      vertex -2.975127410745956 14.956975526149265 10
      vertex -2.2376397354442665 15.08494177696291 10
    endloop
  endfacet
  facet normal 0 0 1
    outer loop
      vertex -3.170217732762084 15.937760806552495 10
      vertex -2.2376397354442665 15.08494177696291 10
      vertex -2.3843702098996284 16.074118286927693 10
    endloop
  endfacet
  facet normal 0 0 1
    outer loop
      vertex -2.3843702098996284 16.074118286927693 10
      vertex -2.2376397354442665 15.08494177696291 10
      vertex -1.4947613900257992 15.176567081751003 10
    endloop
  endfacet
  facet normal 0 0 1
    outer loop
      vertex -2.3843702098996284 16.074118286927693 10
      vertex -1.4947613900257992 15.176567081751003 10
      vertex -1.5927785303553599 16.1717518084232 10
    endloop
  endfacet
  facet normal 0 0 1
    outer loop
      vertex -1.5927785303553599 16.1717518084232 10
      vertex -1.4947613900257992 15.176567081751003 10
      vertex -0.7482820334931247 15.231630707128879 10
    endloop
  endfacet
  facet normal 0 0 1
    outer loop
      vertex -1.5927785303553599 16.1717518084232 10
      vertex -0.7482820334931247 15.231630707128879 10
      vertex -0.7973497078205427 16.23042616333405 10
    endloop
  endfacet
  facet normal 0 0 1
    outer loop
      vertex -0.7973497078205427 16.23042616333405 10
      vertex -0.7482820334931247 15.231630707128879 10
      vertex 0 15.25 10
    endloop
  endfacet
  facet normal 0 0 1
    outer loop
      vertex -0.7973497078205427 16.23042616333405 10
      vertex 0 15.25 10
      vertex 0 16.25 10
    endloop
  endfacet
  facet normal 0.024541228522911972 -0.9996988186962044 0
    outer loop
      vertex 0 -16.25 2
      vertex 0.7973497078205427 -16.23042616333405 2
      vertex 0 -16.25 10
    endloop
  endfacet
  facet normal 0.07356456359966819 -0.9972904566786902 0
    outer loop
      vertex 0.7973497078205427 -16.23042616333405 2
      vertex 1.5927785303553599 -16.1717518084232 2
      vertex 0.7973497078205427 -16.23042616333405 10
    endloop
  endfacet
  facet normal 0.12241067519921355 -0.9924795345987104 0
    outer loop
      vertex 1.5927785303553599 -16.1717518084232 2
      vertex 2.3843702098996284 -16.074118286927693 2
      vertex 1.5927785303553599 -16.1717518084232 10
    endloop
  endfacet
  facet normal 0.17096188876030333 -0.9852776423889409 0
    outer loop
      vertex 2.3843702098996284 -16.074118286927693 2
      vertex 3.170217732762084 -15.937760806552495 2
      vertex 2.3843702098996284 -16.074118286927693 10
    endloop
  endfacet
  facet normal 0.21910124015687113 -0.9757021300385282 0
    outer loop
      vertex 3.170217732762084 -15.937760806552495 2
      vertex 3.9484279234280377 -15.763007864411339 2
      vertex 3.170217732762084 -15.937760806552495 10
    endloop
  endfacet
  facet normal 0.266712757474899 -0.9637760657954397 0
    outer loop
      vertex 3.9484279234280377 -15.763007864411339 2
      vertex 4.717126005385013 -15.550280455648393 2
      vertex 3.9484279234280377 -15.763007864411339 10
    endloop
  endfacet
  facet normal 0.3136817403988885 -0.9495281805930378 0
    outer loop
      vertex 4.717126005385013 -15.550280455648393 2
      vertex 5.474460117623575 -15.300091059224089 2
      vertex 4.717126005385013 -15.550280455648393 10
    endloop
  endfacet
  facet normal 0.35989503653498955 -0.9329927988347384 0
    outer loop
      vertex 5.474460117623575 -15.300091059224089 2
      vertex 6.218605775932709 -15.01304240330841 2
      vertex 5.474460117623575 -15.300091059224089 10
    endloop
  endfacet
  facet normal 0.4052413140049892 -0.9142097557035309 0
    outer loop
      vertex 6.218605775932709 -15.01304240330841 2
      vertex 6.947770268242084 -14.689826013255955 2
      vertex 6.218605775932709 -15.01304240330841 10
    endloop
  endfacet
  facet normal 0.4496113296546063 -0.8932243011955155 0
    outer loop
      vertex 6.947770268242084 -14.689826013255955 2
      vertex 7.660196973422462 -14.33122054566077 2
      vertex 6.947770268242084 -14.689826013255955 10
    endloop
  endfacet
  facet normal 0.492898192229785 -0.8700869911087109 0
    outer loop
      vertex 7.660196973422462 -14.33122054566077 2
      vertex 8.354169593139854 -13.93808991250442 2
      vertex 7.660196973422462 -14.33122054566077 10
    endloop
  endfacet
  facet normal 0.5349976198870969 -0.8448535652497073 0
    outer loop
      vertex 8.354169593139854 -13.93808991250442 2
      vertex 9.028016286568535 -13.51138119991636 2
      vertex 8.354169593139854 -13.93808991250442 10
    endloop
  endfacet
  facet normal 0.5758081914178446 -0.8175848131515842 0
    outer loop
      vertex 9.028016286568535 -13.51138119991636 2
      vertex 9.680113698002042 -13.05212238656048 2
      vertex 9.028016286568535 -13.51138119991636 10
    endloop
  endfacet
  facet normal 0.6152315905806276 -0.7883464276266056 0
    outer loop
      vertex 9.680113698002042 -13.05212238656048 2
      vertex 10.308890867659239 -12.561419867144476 2
      vertex 9.680113698002042 -13.05212238656048 10
    endloop
  endfacet
  facet normal 0.6531728429537762 -0.7572088465064849 0
    outer loop
      vertex 10.308890867659239 -12.561419867144476 2
      vertex 10.912833016264049 -12.040455787018086 2
      vertex 10.308890867659239 -12.561419867144476 10
    endloop
  endfacet
  facet normal 0.6895405447370667 -0.7242470829514671 0
    outer loop
      vertex 10.912833016264049 -12.040455787018086 2
      vertex 11.490485194281398 -11.490485194281398 2
      vertex 10.912833016264049 -12.040455787018086 10
    endloop
  endfacet
  facet normal 0.7242470829514671 -0.6895405447370667 0
    outer loop
      vertex 11.490485194281398 -11.490485194281398 2
      vertex 12.040455787018086 -10.912833016264049 2
      vertex 11.490485194281398 -11.490485194281398 10
    endloop
  endfacet
  facet normal 0.7572088465064849 -0.6531728429537762 0
    outer loop
      vertex 12.040455787018086 -10.912833016264049 2
      vertex 12.561419867144476 -10.308890867659239 2
      vertex 12.040455787018086 -10.912833016264049 10
    endloop
  endfacet
  facet normal 0.7883464276266056 -0.6152315905806276 0
    outer loop
      vertex 12.561419867144476 -10.308890867659239 2
      vertex 13.05212238656048 -9.680113698002042 2
      vertex 12.561419867144476 -10.308890867659239 10
    endloop
  endfacet
  facet normal 0.8175848131515842 -0.5758081914178446 0
    outer loop
      vertex 13.05212238656048 -9.680113698002042 2
      vertex 13.51138119991636 -9.028016286568535 2
      vertex 13.05212238656048 -9.680113698002042 10
    endloop
  endfacet
  facet normal 0.8448535652497073 -0.5349976198870969 0
    outer loop
      vertex 13.51138119991636 -9.028016286568535 2
      vertex 13.93808991250442 -8.354169593139854 2
      vertex 13.51138119991636 -9.028016286568535 10
    endloop
  endfacet
  facet normal 0.8700869911087109 -0.492898192229785 0
    outer loop
      vertex 13.93808991250442 -8.354169593139854 2
      vertex 14.33122054566077 -7.660196973422462 2
      vertex 13.93808991250442 -8.354169593139854 10
    endloop
  endfacet
  facet normal 0.8932243011955155 -0.4496113296546063 0
    outer loop
      vertex 14.33122054566077 -7.660196973422462 2
      vertex 14.689826013255955 -6.947770268242084 2
      vertex 14.33122054566077 -7.660196973422462 10
    endloop
  endfacet
  facet normal 0.9142097557035309 -0.4052413140049892 0
    outer loop
      vertex 14.689826013255955 -6.947770268242084 2
      vertex 15.01304240330841 -6.218605775932709 2
      vertex 14.689826013255955 -6.947770268242084 10
    endloop
  endfacet
  facet normal 0.9329927988347384 -0.35989503653498955 0
    outer loop
      vertex 15.01304240330841 -6.218605775932709 2
      vertex 15.300091059224089 -5.474460117623575 2
      vertex 15.01304240330841 -6.218605775932709 10
    endloop
  endfacet
  facet normal 0.9495281805930378 -0.3136817403988885 0
    outer loop
      vertex 15.300091059224089 -5.474460117623575 2
      vertex 15.550280455648393 -4.717126005385013 2
      vertex 15.300091059224089 -5.474460117623575 10
    endloop
  endfacet
  facet normal 0.9637760657954397 -0.266712757474899 0
    outer loop
      vertex 15.550280455648393 -4.717126005385013 2
      vertex 15.763007864411339 -3.9484279234280377 2
      vertex 15.550280455648393 -4.717126005385013 10
    endloop
  endfacet
  facet normal 0.9757021300385282 -0.21910124015687113 0
    outer loop
      vertex 15.763007864411339 -3.9484279234280377 2
      vertex 15.937760806552495 -3.170217732762084 2
      vertex 15.763007864411339 -3.9484279234280377 10
    endloop
  endfacet
  facet normal 0.9852776423889409 -0.17096188876030333 0
    outer loop
      vertex 15.937760806552495 -3.170217732762084 2
      vertex 16.074118286927693 -2.3843702098996284 2
      vertex 15.937760806552495 -3.170217732762084 10
    endloop
  endfacet
  facet normal 0.9924795345987104 -0.12241067519921355 0
    outer loop
      vertex 16.074118286927693 -2.3843702098996284 2
      vertex 16.1717518084232 -1.5927785303553599 2
      vertex 16.074118286927693 -2.3843702098996284 10
    endloop
  endfacet
  facet normal 0.9972904566786902 -0.07356456359966819 0
    outer loop
      vertex 16.1717518084232 -1.5927785303553599 2
      vertex 16.23042616333405 -0.7973497078205427 2
      vertex 16.1717518084232 -1.5927785303553599 10
    endloop
  endfacet
  facet normal 0.9996988186962044 -0.024541228522911972 0
    outer loop
      vertex 16.23042616333405 -0.7973497078205427 2
      vertex 16.25 0 2
      vertex 16.23042616333405 -0.7973497078205427 10
    endloop
  endfacet
  facet normal 0.024541228522911972 -0.9996988186962044 0
    outer loop
      vertex 0.7973497078205427 -16.23042616333405 2
      vertex 0.7973497078205427 -16.23042616333405 10
      vertex 0 -16.25 10
    endloop
  endfacet
  facet normal 0.07356456359966819 -0.9972904566786902 0
    outer loop
      vertex 1.5927785303553599 -16.1717518084232 2
      vertex 1.5927785303553599 -16.1717518084232 10
      vertex 0.7973497078205427 -16.23042616333405 10
    endloop
  endfacet
  facet normal 0.12241067519921355 -0.9924795345987104 0
    outer loop
      vertex 2.3843702098996284 -16.074118286927693 2
      vertex 2.3843702098996284 -16.074118286927693 10
      vertex 1.5927785303553599 -16.1717518084232 10
    endloop
  endfacet
  facet normal 0.17096188876030333 -0.9852776423889409 0
    outer loop
      vertex 3.170217732762084 -15.937760806552495 2
      vertex 3.170217732762084 -15.937760806552495 10
      vertex 2.3843702098996284 -16.074118286927693 10
    endloop
  endfacet
  facet normal 0.21910124015687113 -0.9757021300385282 0
    outer loop
      vertex 3.9484279234280377 -15.763007864411339 2
      vertex 3.9484279234280377 -15.763007864411339 10
      vertex 3.170217732762084 -15.937760806552495 10
    endloop
  endfacet
  facet normal 0.266712757474899 -0.9637760657954397 0
    outer loop
      vertex 4.717126005385013 -15.550280455648393 2
      vertex 4.717126005385013 -15.550280455648393 10
      vertex 3.9484279234280377 -15.763007864411339 10
    endloop
  endfacet
  facet normal 0.3136817403988885 -0.9495281805930378 0
    outer loop
      vertex 5.474460117623575 -15.300091059224089 2
      vertex 5.474460117623575 -15.300091059224089 10
      vertex 4.717126005385013 -15.550280455648393 10
    endloop
  endfacet
  facet normal 0.35989503653498955 -0.9329927988347384 0
    outer loop
      vertex 6.218605775932709 -15.01304240330841 2
      vertex 6.218605775932709 -15.01304240330841 10
      vertex 5.474460117623575 -15.300091059224089 10
    endloop
  endfacet
  facet normal 0.4052413140049892 -0.9142097557035309 0
    outer loop
      vertex 6.947770268242084 -14.689826013255955 2
      vertex 6.947770268242084 -14.689826013255955 10
      vertex 6.218605775932709 -15.01304240330841 10
    endloop
  endfacet
  facet normal 0.4496113296546063 -0.8932243011955155 0
    outer loop
      vertex 7.660196973422462 -14.33122054566077 2
      vertex 7.660196973422462 -14.33122054566077 10
      vertex 6.947770268242084 -14.689826013255955 10
    endloop
  endfacet
  facet normal 0.492898192229785 -0.8700869911087109 0
    outer loop
      vertex 8.354169593139854 -13.93808991250442 2
      vertex 8.354169593139854 -13.93808991250442 10
      vertex 7.660196973422462 -14.33122054566077 10
    endloop
  endfacet
  facet normal 0 0 1
    outer loop
      vertex 0 -16.25 10
      vertex 0.7973497078205427 -16.23042616333405 10
      vertex 0 -15.25 10
    endloop
  endfacet
  facet normal 0 0 1
    outer loop
      vertex 0.7973497078205427 -16.23042616333405 10
      vertex 0.7482820334931247 -15.231630707128879 10
      vertex 0 -15.25 10
    endloop
  endfacet
  facet normal 0 0 1
    outer loop
      vertex 0.7973497078205427 -16.23042616333405 10
      vertex 1.5927785303553599 -16.1717518084232 10
      vertex 0.7482820334931247 -15.231630707128879 10
    endloop
  endfacet
  facet normal 0 0 1
    outer loop
      vertex 1.5927785303553599 -16.1717518084232 10
      vertex 1.4947613900257992 -15.176567081751003 10
      vertex 0.7482820334931247 -15.231630707128879 10
    endloop
  endfacet
  facet normal 0 0 1
    outer loop
      vertex 1.5927785303553599 -16.1717518084232 10
      vertex 2.3843702098996284 -16.074118286927693 10
      vertex 1.4947613900257992 -15.176567081751003 10
    endloop
  endfacet
  facet normal 0 0 1
    outer loop
      vertex 2.3843702098996284 -16.074118286927693 10
      vertex 2.2376397354442665 -15.08494177696291 10
      vertex 1.4947613900257992 -15.176567081751003 10
    endloop
  endfacet
  facet normal 0 0 1
    outer loop
      vertex 2.3843702098996284 -16.074118286927693 10
      vertex 3.170217732762084 -15.937760806552495 10
      vertex 2.2376397354442665 -15.08494177696291 10
    endloop
  endfacet
  facet normal 0 0 1
    outer loop
      vertex 3.170217732762084 -15.937760806552495 10
      vertex 2.975127410745956 -14.956975526149265 10
      vertex 2.2376397354442665 -15.08494177696291 10
    endloop
  endfacet
  facet normal 0 0 1
    outer loop
      vertex 3.170217732762084 -15.937760806552495 10
      vertex 3.9484279234280377 -15.763007864411339 10
      vertex 2.975127410745956 -14.956975526149265 10
    endloop
  endfacet
  facet normal 0 0 1
    outer loop
      vertex 3.9484279234280377 -15.763007864411339 10
      vertex 3.705447743524774 -14.792976611216796 10
      vertex 2.975127410745956 -14.956975526149265 10
    endloop
  endfacet
  facet normal 0 0 1
    outer loop
      vertex 3.9484279234280377 -15.763007864411339 10
      vertex 4.717126005385013 -15.550280455648393 10
      vertex 3.705447743524774 -14.792976611216796 10
    endloop
  endfacet
  facet normal 0 0 1
    outer loop
      vertex 4.717126005385013 -15.550280455648393 10
      vertex 4.426841328130551 -14.593340119916185 10
      vertex 3.705447743524774 -14.792976611216796 10
    endloop
  endfacet
  facet normal 0 0 1
    outer loop
      vertex 4.717126005385013 -15.550280455648393 10
      vertex 5.474460117623575 -15.300091059224089 10
      vertex 4.426841328130551 -14.593340119916185 10
    endloop
  endfacet
  facet normal 0 0 1
    outer loop
      vertex 5.474460117623575 -15.300091059224089 10
      vertex 5.137570264231356 -14.358546994041067 10
      vertex 4.426841328130551 -14.593340119916185 10
    endloop
  endfacet
  facet normal 0 0 1
    outer loop
      vertex 5.474460117623575 -15.300091059224089 10
      vertex 6.218605775932709 -15.01304240330841 10
      vertex 5.137570264231356 -14.358546994041067 10
    endloop
  endfacet
  facet normal 0 0 1
    outer loop
      vertex 6.218605775932709 -15.01304240330841 10
      vertex 5.835922343567619 -14.089162870797123 10
      vertex 5.137570264231356 -14.358546994041067 10
    endloop
  endfacet
  facet normal 0 0 1
    outer loop
      vertex 6.218605775932709 -15.01304240330841 10
      vertex 6.947770268242084 -14.689826013255955 10
      vertex 5.835922343567619 -14.089162870797123 10
    endloop
  endfacet
  facet normal 0 0 1
    outer loop
      vertex 6.947770268242084 -14.689826013255955 10
      vertex 6.520215174811802 -13.785836720132512 10
      vertex 5.835922343567619 -14.089162870797123 10
    endloop
  endfacet
  facet normal 0 0 1
    outer loop
      vertex 6.947770268242084 -14.689826013255955 10
      vertex 7.660196973422462 -14.33122054566077 10
      vertex 6.520215174811802 -13.785836720132512 10
    endloop
  endfacet
  facet normal 0 0 1
    outer loop
      vertex 7.660196973422462 -14.33122054566077 10
      vertex 7.188800236596464 -13.449299281312415 10
      vertex 6.520215174811802 -13.785836720132512 10
    endloop
  endfacet
  facet normal 0 0 1
    outer loop
      vertex 7.660196973422462 -14.33122054566077 10
      vertex 8.354169593139854 -13.93808991250442 10
      vertex 7.188800236596464 -13.449299281312415 10
    endloop
  endfacet
  facet normal 0 0 1
    outer loop
      vertex 8.354169593139854 -13.93808991250442 10
      vertex 7.840066848946632 -13.080361302504148 10
      vertex 7.188800236596464 -13.449299281312415 10
    endloop
  endfacet
  facet normal 0 0 1
    outer loop
      vertex 8.354169593139854 -13.93808991250442 10
      vertex 9.028016286568535 -13.51138119991636 10
      vertex 7.840066848946632 -13.080361302504148 10
    endloop
  endfacet
  facet normal 0 0 1
    outer loop
      vertex 9.028016286568535 -13.51138119991636 10
      vertex 8.472446053548934 -12.679911587613814 10
      vertex 7.840066848946632 -13.080361302504148 10
    endloop
  endfacet
  facet normal 0.5349976198870969 -0.8448535652497073 0
    outer loop
      vertex 9.028016286568535 -13.51138119991636 2
      vertex 9.028016286568535 -13.51138119991636 10
      vertex 8.354169593139854 -13.93808991250442 10
    endloop
  endfacet
  facet normal 0.5758081914178446 -0.8175848131515842 0
    outer loop
      vertex 9.680113698002042 -13.05212238656048 2
      vertex 9.680113698002042 -13.05212238656048 10
      vertex 9.028016286568535 -13.51138119991636 10
    endloop
  endfacet
  facet normal 0.6152315905806276 -0.7883464276266056 0
    outer loop
      vertex 10.308890867659239 -12.561419867144476 2
      vertex 10.308890867659239 -12.561419867144476 10
      vertex 9.680113698002042 -13.05212238656048 10
    endloop
  endfacet
  facet normal 0.6531728429537762 -0.7572088465064849 0
    outer loop
      vertex 10.912833016264049 -12.040455787018086 2
      vertex 10.912833016264049 -12.040455787018086 10
      vertex 10.308890867659239 -12.561419867144476 10
    endloop
  endfacet
  facet normal 0.6895405447370667 -0.7242470829514671 0
    outer loop
      vertex 11.490485194281398 -11.490485194281398 2
      vertex 11.490485194281398 -11.490485194281398 10
      vertex 10.912833016264049 -12.040455787018086 10
    endloop
  endfacet
  facet normal 0.7242470829514671 -0.6895405447370667 0
    outer loop
      vertex 12.040455787018086 -10.912833016264049 2
      vertex 12.040455787018086 -10.912833016264049 10
      vertex 11.490485194281398 -11.490485194281398 10
    endloop
  endfacet
  facet normal 0.7572088465064849 -0.6531728429537762 0
    outer loop
      vertex 12.561419867144476 -10.308890867659239 2
      vertex 12.561419867144476 -10.308890867659239 10
      vertex 12.040455787018086 -10.912833016264049 10
    endloop
  endfacet
  facet normal 0.7883464276266056 -0.6152315905806276 0
    outer loop
      vertex 13.05212238656048 -9.680113698002042 2
      vertex 13.05212238656048 -9.680113698002042 10
      vertex 12.561419867144476 -10.308890867659239 10
    endloop
  endfacet
  facet normal 0.8175848131515842 -0.5758081914178446 0
    outer loop
      vertex 13.51138119991636 -9.028016286568535 2
      vertex 13.51138119991636 -9.028016286568535 10
      vertex 13.05212238656048 -9.680113698002042 10
    endloop
  endfacet
  facet normal 0 0 1
    outer loop
      vertex 9.028016286568535 -13.51138119991636 10
      vertex 9.680113698002042 -13.05212238656048 10
      vertex 8.472446053548934 -12.679911587613814 10
    endloop
  endfacet
  facet normal 0 0 1
    outer loop
      vertex 9.680113698002042 -13.05212238656048 10
      vertex 9.08441439350961 -12.248914855079835 10
      vertex 8.472446053548934 -12.679911587613814 10
    endloop
  endfacet
  facet normal 0 0 1
    outer loop
      vertex 9.680113698002042 -13.05212238656048 10
      vertex 9.674497583495594 -11.78840941378174 10
      vertex 9.08441439350961 -12.248914855079835 10
    endloop
  endfacet
  facet normal 0 0 1
    outer loop
      vertex 9.680113698002042 -13.05212238656048 10
      vertex 10.308890867659239 -12.561419867144476 10
      vertex 9.674497583495594 -11.78840941378174 10
    endloop
  endfacet
  facet normal 0 0 1
    outer loop
      vertex 10.308890867659239 -12.561419867144476 10
      vertex 10.24127406141703 -11.299504661663127 10
      vertex 9.674497583495594 -11.78840941378174 10
    endloop
  endfacet
  facet normal 0 0 1
    outer loop
      vertex 10.308890867659239 -12.561419867144476 10
      vertex 10.912833016264049 -12.040455787018086 10
      vertex 10.24127406141703 -11.299504661663127 10
    endloop
  endfacet
  facet normal 0 0 1
    outer loop
      vertex 10.912833016264049 -12.040455787018086 10
      vertex 10.78337841309485 -10.78337841309485 10
      vertex 10.24127406141703 -11.299504661663127 10
    endloop
  endfacet
  facet normal 0 0 1
    outer loop
      vertex 10.912833016264049 -12.040455787018086 10
      vertex 11.490485194281398 -11.490485194281398 10
      vertex 10.78337841309485 -10.78337841309485 10
    endloop
  endfacet
  facet normal 0 0 1
    outer loop
      vertex 11.490485194281398 -11.490485194281398 10
      vertex 11.299504661663127 -10.24127406141703 10
      vertex 10.78337841309485 -10.78337841309485 10
    endloop
  endfacet
  facet normal 0 0 1
    outer loop
      vertex 11.490485194281398 -11.490485194281398 10
      vertex 12.040455787018086 -10.912833016264049 10
      vertex 11.299504661663127 -10.24127406141703 10
    endloop
  endfacet
  facet normal 0 0 1
    outer loop
      vertex 12.040455787018086 -10.912833016264049 10
      vertex 11.78840941378174 -9.674497583495594 10
      vertex 11.299504661663127 -10.24127406141703 10
    endloop
  endfacet
  facet normal 0 0 1
    outer loop
      vertex 12.040455787018086 -10.912833016264049 10
      vertex 12.561419867144476 -10.308890867659239 10
      vertex 11.78840941378174 -9.674497583495594 10
    endloop
  endfacet
  facet normal 0 0 1
    outer loop
      vertex 12.561419867144476 -10.308890867659239 10
      vertex 12.248914855079835 -9.08441439350961 10
      vertex 11.78840941378174 -9.674497583495594 10
    endloop
  endfacet
  facet normal 0 0 1
    outer loop
      vertex 12.561419867144476 -10.308890867659239 10
      vertex 13.05212238656048 -9.680113698002042 10
      vertex 12.248914855079835 -9.08441439350961 10
    endloop
  endfacet
  facet normal 0 0 1
    outer loop
      vertex 13.05212238656048 -9.680113698002042 10
      vertex 12.679911587613814 -8.472446053548934 10
      vertex 12.248914855079835 -9.08441439350961 10
    endloop
  endfacet
  facet normal 0 0 1
    outer loop
      vertex 13.05212238656048 -9.680113698002042 10
      vertex 13.51138119991636 -9.028016286568535 10
      vertex 12.679911587613814 -8.472446053548934 10
    endloop
  endfacet
  facet normal 0.8448535652497073 -0.5349976198870969 0
    outer loop
      vertex 13.93808991250442 -8.354169593139854 2
      vertex 13.93808991250442 -8.354169593139854 10
      vertex 13.51138119991636 -9.028016286568535 10
    endloop
  endfacet
  facet normal 0.8700869911087109 -0.492898192229785 0
    outer loop
      vertex 14.33122054566077 -7.660196973422462 2
      vertex 14.33122054566077 -7.660196973422462 10
      vertex 13.93808991250442 -8.354169593139854 10
    endloop
  endfacet
  facet normal 0.8932243011955155 -0.4496113296546063 0
    outer loop
      vertex 14.689826013255955 -6.947770268242084 2
      vertex 14.689826013255955 -6.947770268242084 10
      vertex 14.33122054566077 -7.660196973422462 10
    endloop
  endfacet
  facet normal 0.9142097557035309 -0.4052413140049892 0
    outer loop
      vertex 15.01304240330841 -6.218605775932709 2
      vertex 15.01304240330841 -6.218605775932709 10
      vertex 14.689826013255955 -6.947770268242084 10
    endloop
  endfacet
  facet normal 0.9329927988347384 -0.35989503653498955 0
    outer loop
      vertex 15.300091059224089 -5.474460117623575 2
      vertex 15.300091059224089 -5.474460117623575 10
      vertex 15.01304240330841 -6.218605775932709 10
    endloop
  endfacet
  facet normal 0.9495281805930378 -0.3136817403988885 0
    outer loop
      vertex 15.550280455648393 -4.717126005385013 2
      vertex 15.550280455648393 -4.717126005385013 10
      vertex 15.300091059224089 -5.474460117623575 10
    endloop
  endfacet
  facet normal 0.9637760657954397 -0.266712757474899 0
    outer loop
      vertex 15.763007864411339 -3.9484279234280377 2
      vertex 15.763007864411339 -3.9484279234280377 10
      vertex 15.550280455648393 -4.717126005385013 10
    endloop
  endfacet
  facet normal 0.9757021300385282 -0.21910124015687113 0
    outer loop
      vertex 15.937760806552495 -3.170217732762084 2
      vertex 15.937760806552495 -3.170217732762084 10
      vertex 15.763007864411339 -3.9484279234280377 10
    endloop
  endfacet
  facet normal 0.9852776423889409 -0.17096188876030333 0
    outer loop
      vertex 16.074118286927693 -2.3843702098996284 2
      vertex 16.074118286927693 -2.3843702098996284 10
      vertex 15.937760806552495 -3.170217732762084 10
    endloop
  endfacet
  facet normal 0.9924795345987104 -0.12241067519921355 0
    outer loop
      vertex 16.1717518084232 -1.5927785303553599 2
      vertex 16.1717518084232 -1.5927785303553599 10
      vertex 16.074118286927693 -2.3843702098996284 10
    endloop
  endfacet
  facet normal 0.9972904566786902 -0.07356456359966819 0
    outer loop
      vertex 16.23042616333405 -0.7973497078205427 2
      vertex 16.23042616333405 -0.7973497078205427 10
      vertex 16.1717518084232 -1.5927785303553599 10
    endloop
  endfacet
  facet normal 0.9996988186962044 -0.024541228522911972 0
    outer loop
      vertex 16.23042616333405 -0.7973497078205427 10
      vertex 16.25 0 2
      vertex 16.25 0 10
    endloop
  endfacet
  facet normal 0 0 1
    outer loop
      vertex 13.51138119991636 -9.028016286568535 10
      vertex 13.080361302504148 -7.840066848946632 10
      vertex 12.679911587613814 -8.472446053548934 10
    endloop
  endfacet
  facet normal 0 0 1
    outer loop
      vertex 13.51138119991636 -9.028016286568535 10
      vertex 13.449299281312415 -7.188800236596464 10
      vertex 13.080361302504148 -7.840066848946632 10
    endloop
  endfacet
  facet normal 0 0 1
    outer loop
      vertex 13.51138119991636 -9.028016286568535 10
      vertex 13.93808991250442 -8.354169593139854 10
      vertex 13.449299281312415 -7.188800236596464 10
    endloop
  endfacet
  facet normal 0 0 1
    outer loop
      vertex 13.93808991250442 -8.354169593139854 10
      vertex 13.785836720132512 -6.520215174811802 10
      vertex 13.449299281312415 -7.188800236596464 10
    endloop
  endfacet
  facet normal 0 0 1
    outer loop
      vertex 13.93808991250442 -8.354169593139854 10
      vertex 14.33122054566077 -7.660196973422462 10
      vertex 13.785836720132512 -6.520215174811802 10
    endloop
  endfacet
  facet normal 0 0 1
    outer loop
      vertex 14.33122054566077 -7.660196973422462 10
      vertex 14.089162870797123 -5.835922343567619 10
      vertex 13.785836720132512 -6.520215174811802 10
    endloop
  endfacet
  facet normal 0 0 1
    outer loop
      vertex 14.33122054566077 -7.660196973422462 10
      vertex 14.689826013255955 -6.947770268242084 10
      vertex 14.089162870797123 -5.835922343567619 10
    endloop
  endfacet
  facet normal 0 0 1
    outer loop
      vertex 14.689826013255955 -6.947770268242084 10
      vertex 14.358546994041067 -5.137570264231356 10
      vertex 14.089162870797123 -5.835922343567619 10
    endloop
  endfacet
  facet normal 0 0 1
    outer loop
      vertex 14.689826013255955 -6.947770268242084 10
      vertex 14.593340119916185 -4.426841328130551 10
      vertex 14.358546994041067 -5.137570264231356 10
    endloop
  endfacet
  facet normal 0 0 1
    outer loop
      vertex 14.689826013255955 -6.947770268242084 10
      vertex 15.01304240330841 -6.218605775932709 10
      vertex 14.593340119916185 -4.426841328130551 10
    endloop
  endfacet
  facet normal 0 0 1
    outer loop
      vertex 15.01304240330841 -6.218605775932709 10
      vertex 15.300091059224089 -5.474460117623575 10
      vertex 14.956975526149265 -2.975127410745956 10
    endloop
  endfacet
  facet normal 0 0 1
    outer loop
      vertex 15.01304240330841 -6.218605775932709 10
      vertex 14.792976611216796 -3.705447743524774 10
      vertex 14.593340119916185 -4.426841328130551 10
    endloop
  endfacet
  facet normal 0 0 1
    outer loop
      vertex 15.01304240330841 -6.218605775932709 10
      vertex 14.956975526149265 -2.975127410745956 10
      vertex 14.792976611216796 -3.705447743524774 10
    endloop
  endfacet
  facet normal 0 0 1
    outer loop
      vertex 15.300091059224089 -5.474460117623575 10
      vertex 15.08494177696291 -2.2376397354442665 10
      vertex 14.956975526149265 -2.975127410745956 10
    endloop
  endfacet
  facet normal 0 0 1
    outer loop
      vertex 15.300091059224089 -5.474460117623575 10
      vertex 15.176567081751003 -1.4947613900257992 10
      vertex 15.08494177696291 -2.2376397354442665 10
    endloop
  endfacet
  facet normal 0 0 1
    outer loop
      vertex 15.300091059224089 -5.474460117623575 10
      vertex 15.231630707128879 -0.7482820334931247 10
      vertex 15.176567081751003 -1.4947613900257992 10
    endloop
  endfacet
  facet normal 0 0 1
    outer loop
      vertex 15.300091059224089 -5.474460117623575 10
      vertex 15.25 0 10
      vertex 15.231630707128879 -0.7482820334931247 10
    endloop
  endfacet
  facet normal 0 0 1
    outer loop
      vertex 15.300091059224089 -5.474460117623575 10
      vertex 15.550280455648393 -4.717126005385013 10
      vertex 15.300091059224089 5.474460117623575 10
    endloop
  endfacet
  facet normal 0 0 1
    outer loop
      vertex 15.550280455648393 -4.717126005385013 10
      vertex 15.763007864411339 -3.9484279234280377 10
      vertex 15.550280455648393 4.717126005385013 10
    endloop
  endfacet
  facet normal 0 0 1
    outer loop
      vertex 15.763007864411339 -3.9484279234280377 10
      vertex 15.937760806552495 -3.170217732762084 10
      vertex 15.763007864411339 3.9484279234280377 10
    endloop
  endfacet
  facet normal 0 0 1
    outer loop
      vertex 15.937760806552495 -3.170217732762084 10
      vertex 16.074118286927693 -2.3843702098996284 10
      vertex 15.937760806552495 3.170217732762084 10
    endloop
  endfacet
  facet normal 0 0 1
    outer loop
      vertex 16.074118286927693 -2.3843702098996284 10
      vertex 16.1717518084232 -1.5927785303553599 10
      vertex 16.074118286927693 2.3843702098996284 10
    endloop
  endfacet
  facet normal 0 0 1
    outer loop
      vertex 16.1717518084232 -1.5927785303553599 10
      vertex 16.23042616333405 -0.7973497078205427 10
      vertex 16.1717518084232 1.5927785303553599 10
    endloop
  endfacet
  facet normal 0.024541228522911972 0.9996988186962044 0
    outer loop
      vertex 0 16.25 2
      vertex 0.7973497078205427 16.23042616333405 10
      vertex 0.7973497078205427 16.23042616333405 2
    endloop
  endfacet
  facet normal 0.12241067519921355 0.9924795345987104 0
    outer loop
      vertex 1.5927785303553599 16.1717518084232 2
      vertex 2.3843702098996284 16.074118286927693 10
      vertex 2.3843702098996284 16.074118286927693 2
    endloop
  endfacet
  facet normal 0.07356456359966819 0.9972904566786902 0
    outer loop
      vertex 0.7973497078205427 16.23042616333405 2
      vertex 1.5927785303553599 16.1717518084232 10
      vertex 1.5927785303553599 16.1717518084232 2
    endloop
  endfacet
  facet normal 0.17096188876030333 0.9852776423889409 0
    outer loop
      vertex 2.3843702098996284 16.074118286927693 2
      vertex 3.170217732762084 15.937760806552495 10
      vertex 3.170217732762084 15.937760806552495 2
    endloop
  endfacet
  facet normal 0.21910124015687113 0.9757021300385282 0
    outer loop
      vertex 3.170217732762084 15.937760806552495 2
      vertex 3.9484279234280377 15.763007864411339 10
      vertex 3.9484279234280377 15.763007864411339 2
    endloop
  endfacet
  facet normal 0.266712757474899 0.9637760657954397 0
    outer loop
      vertex 3.9484279234280377 15.763007864411339 2
      vertex 4.717126005385013 15.550280455648393 10
      vertex 4.717126005385013 15.550280455648393 2
    endloop
  endfacet
  facet normal 0.3136817403988885 0.9495281805930378 0
    outer loop
      vertex 4.717126005385013 15.550280455648393 2
      vertex 5.474460117623575 15.300091059224089 10
      vertex 5.474460117623575 15.300091059224089 2
    endloop
  endfacet
  facet normal 0.35989503653498955 0.9329927988347384 0
    outer loop
      vertex 6.218605775932709 15.01304240330841 2
      vertex 5.474460117623575 15.300091059224089 2
      vertex 6.218605775932709 15.01304240330841 10
    endloop
  endfacet
  facet normal 0.4052413140049892 0.9142097557035309 0
    outer loop
      vertex 6.218605775932709 15.01304240330841 2
      vertex 6.947770268242084 14.689826013255955 10
      vertex 6.947770268242084 14.689826013255955 2
    endloop
  endfacet
  facet normal 0.4496113296546063 0.8932243011955155 0
    outer loop
      vertex 6.947770268242084 14.689826013255955 2
      vertex 7.660196973422462 14.33122054566077 10
      vertex 7.660196973422462 14.33122054566077 2
    endloop
  endfacet
  facet normal 0.492898192229785 0.8700869911087109 0
    outer loop
      vertex 8.354169593139854 13.93808991250442 2
      vertex 7.660196973422462 14.33122054566077 2
      vertex 8.354169593139854 13.93808991250442 10
    endloop
  endfacet
  facet normal 0.9924795345987104 0.12241067519921355 0
    outer loop
      vertex 16.1717518084232 1.5927785303553599 2
      vertex 16.074118286927693 2.3843702098996284 2
      vertex 16.1717518084232 1.5927785303553599 10
    endloop
  endfacet
  facet normal 0.9996988186962044 0.024541228522911972 0
    outer loop
      vertex 16.25 0 2
      vertex 16.23042616333405 0.7973497078205427 2
      vertex 16.25 0 10
    endloop
  endfacet
  facet normal 0.9972904566786902 0.07356456359966819 0
    outer loop
      vertex 16.1717518084232 1.5927785303553599 2
      vertex 16.23042616333405 0.7973497078205427 10
      vertex 16.23042616333405 0.7973497078205427 2
    endloop
  endfacet
  facet normal 0.9852776423889409 0.17096188876030333 0
    outer loop
      vertex 16.074118286927693 2.3843702098996284 2
      vertex 15.937760806552495 3.170217732762084 2
      vertex 16.074118286927693 2.3843702098996284 10
    endloop
  endfacet
  facet normal 0.9757021300385282 0.21910124015687113 0
    outer loop
      vertex 15.937760806552495 3.170217732762084 2
      vertex 15.763007864411339 3.9484279234280377 2
      vertex 15.937760806552495 3.170217732762084 10
    endloop
  endfacet
  facet normal 0.9637760657954397 0.266712757474899 0
    outer loop
      vertex 15.763007864411339 3.9484279234280377 2
      vertex 15.550280455648393 4.717126005385013 2
      vertex 15.763007864411339 3.9484279234280377 10
    endloop
  endfacet
  facet normal 0.9142097557035309 0.4052413140049892 0
    outer loop
      vertex 15.01304240330841 6.218605775932709 2
      vertex 14.689826013255955 6.947770268242084 2
      vertex 15.01304240330841 6.218605775932709 10
    endloop
  endfacet
  facet normal 0.8448535652497073 0.5349976198870969 0
    outer loop
      vertex 13.93808991250442 8.354169593139854 2
      vertex 13.51138119991636 9.028016286568535 2
      vertex 13.93808991250442 8.354169593139854 10
    endloop
  endfacet
  facet normal 0.8932243011955155 0.4496113296546063 0
    outer loop
      vertex 14.689826013255955 6.947770268242084 2
      vertex 14.33122054566077 7.660196973422462 2
      vertex 14.689826013255955 6.947770268242084 10
    endloop
  endfacet
  facet normal 0.8700869911087109 0.492898192229785 0
    outer loop
      vertex 13.93808991250442 8.354169593139854 2
      vertex 14.33122054566077 7.660196973422462 10
      vertex 14.33122054566077 7.660196973422462 2
    endloop
  endfacet
  facet normal 0.9495281805930378 0.3136817403988885 0
    outer loop
      vertex 15.550280455648393 4.717126005385013 2
      vertex 15.300091059224089 5.474460117623575 2
      vertex 15.550280455648393 4.717126005385013 10
    endloop
  endfacet
  facet normal 0.9329927988347384 0.35989503653498955 0
    outer loop
      vertex 15.01304240330841 6.218605775932709 2
      vertex 15.300091059224089 5.474460117623575 10
      vertex 15.300091059224089 5.474460117623575 2
    endloop
  endfacet
  facet normal 0.6152315905806276 0.7883464276266056 0
    outer loop
      vertex 10.308890867659239 12.561419867144476 2
      vertex 9.680113698002042 13.05212238656048 2
      vertex 10.308890867659239 12.561419867144476 10
    endloop
  endfacet
  facet normal 0.6531728429537762 0.7572088465064849 0
    outer loop
      vertex 10.308890867659239 12.561419867144476 2
      vertex 10.912833016264049 12.040455787018086 10
      vertex 10.912833016264049 12.040455787018086 2
    endloop
  endfacet
  facet normal 0.7572088465064849 0.6531728429537762 0
    outer loop
      vertex 12.561419867144476 10.308890867659239 2
      vertex 12.040455787018086 10.912833016264049 2
      vertex 12.561419867144476 10.308890867659239 10
    endloop
  endfacet
  facet normal 0.7883464276266056 0.6152315905806276 0
    outer loop
      vertex 12.561419867144476 10.308890867659239 2
      vertex 13.05212238656048 9.680113698002042 10
      vertex 13.05212238656048 9.680113698002042 2
    endloop
  endfacet
  facet normal 0.6895405447370667 0.7242470829514671 0
    outer loop
      vertex 11.490485194281398 11.490485194281398 2
      vertex 10.912833016264049 12.040455787018086 2
      vertex 11.490485194281398 11.490485194281398 10
    endloop
  endfacet
  facet normal 0.7242470829514671 0.6895405447370667 0
    outer loop
      vertex 11.490485194281398 11.490485194281398 2
      vertex 12.040455787018086 10.912833016264049 10
      vertex 12.040455787018086 10.912833016264049 2
    endloop
  endfacet
  facet normal 0.5349976198870969 0.8448535652497073 0
    outer loop
      vertex 8.354169593139854 13.93808991250442 2
      vertex 9.028016286568535 13.51138119991636 10
      vertex 9.028016286568535 13.51138119991636 2
    endloop
  endfacet
  facet normal 0.5758081914178446 0.8175848131515842 0
    outer loop
      vertex 9.028016286568535 13.51138119991636 2
      vertex 9.680113698002042 13.05212238656048 10
      vertex 9.680113698002042 13.05212238656048 2
    endloop
  endfacet
  facet normal 0.8175848131515842 0.5758081914178446 0
    outer loop
      vertex 13.05212238656048 9.680113698002042 2
      vertex 13.51138119991636 9.028016286568535 10
      vertex 13.51138119991636 9.028016286568535 2
    endloop
  endfacet
  facet normal 0.024541228522911972 0.9996988186962044 0
    outer loop
      vertex 0 16.25 2
      vertex 0 16.25 10
      vertex 0.7973497078205427 16.23042616333405 10
    endloop
  endfacet
  facet normal 0.07356456359966819 0.9972904566786902 0
    outer loop
      vertex 0.7973497078205427 16.23042616333405 2
      vertex 0.7973497078205427 16.23042616333405 10
      vertex 1.5927785303553599 16.1717518084232 10
    endloop
  endfacet
  facet normal 0.12241067519921355 0.9924795345987104 0
    outer loop
      vertex 1.5927785303553599 16.1717518084232 2
      vertex 1.5927785303553599 16.1717518084232 10
      vertex 2.3843702098996284 16.074118286927693 10
    endloop
  endfacet
  facet normal 0.17096188876030333 0.9852776423889409 0
    outer loop
      vertex 2.3843702098996284 16.074118286927693 2
      vertex 2.3843702098996284 16.074118286927693 10
      vertex 3.170217732762084 15.937760806552495 10
    endloop
  endfacet
  facet normal 0.21910124015687113 0.9757021300385282 0
    outer loop
      vertex 3.170217732762084 15.937760806552495 2
      vertex 3.170217732762084 15.937760806552495 10
      vertex 3.9484279234280377 15.763007864411339 10
    endloop
  endfacet
  facet normal 0.266712757474899 0.9637760657954397 0
    outer loop
      vertex 3.9484279234280377 15.763007864411339 2
      vertex 3.9484279234280377 15.763007864411339 10
      vertex 4.717126005385013 15.550280455648393 10
    endloop
  endfacet
  facet normal 0.4052413140049892 0.9142097557035309 0
    outer loop
      vertex 6.218605775932709 15.01304240330841 2
      vertex 6.218605775932709 15.01304240330841 10
      vertex 6.947770268242084 14.689826013255955 10
    endloop
  endfacet
  facet normal 0.3136817403988885 0.9495281805930378 0
    outer loop
      vertex 4.717126005385013 15.550280455648393 2
      vertex 4.717126005385013 15.550280455648393 10
      vertex 5.474460117623575 15.300091059224089 10
    endloop
  endfacet
  facet normal 0.35989503653498955 0.9329927988347384 0
    outer loop
      vertex 5.474460117623575 15.300091059224089 2
      vertex 5.474460117623575 15.300091059224089 10
      vertex 6.218605775932709 15.01304240330841 10
    endloop
  endfacet
  facet normal 0.4496113296546063 0.8932243011955155 0
    outer loop
      vertex 6.947770268242084 14.689826013255955 2
      vertex 6.947770268242084 14.689826013255955 10
      vertex 7.660196973422462 14.33122054566077 10
    endloop
  endfacet
  facet normal 0.5349976198870969 0.8448535652497073 0
    outer loop
      vertex 8.354169593139854 13.93808991250442 2
      vertex 8.354169593139854 13.93808991250442 10
      vertex 9.028016286568535 13.51138119991636 10
    endloop
  endfacet
  facet normal 0.492898192229785 0.8700869911087109 0
    outer loop
      vertex 7.660196973422462 14.33122054566077 2
      vertex 7.660196973422462 14.33122054566077 10
      vertex 8.354169593139854 13.93808991250442 10
    endloop
  endfacet
  facet normal 0 0 1
    outer loop
      vertex 0 16.25 10
      vertex 0 15.25 10
      vertex 0.7482820334931247 15.231630707128879 10
    endloop
  endfacet
  facet normal 0 0 1
    outer loop
      vertex 0 16.25 10
      vertex 0.7482820334931247 15.231630707128879 10
      vertex 0.7973497078205427 16.23042616333405 10
    endloop
  endfacet
  facet normal 0 0 1
    outer loop
      vertex 0.7973497078205427 16.23042616333405 10
      vertex 0.7482820334931247 15.231630707128879 10
      vertex 1.4947613900257992 15.176567081751003 10
    endloop
  endfacet
  facet normal 0 0 1
    outer loop
      vertex 0.7973497078205427 16.23042616333405 10
      vertex 1.4947613900257992 15.176567081751003 10
      vertex 1.5927785303553599 16.1717518084232 10
    endloop
  endfacet
  facet normal 0 0 1
    outer loop
      vertex 1.5927785303553599 16.1717518084232 10
      vertex 1.4947613900257992 15.176567081751003 10
      vertex 2.2376397354442665 15.08494177696291 10
    endloop
  endfacet
  facet normal 0 0 1
    outer loop
      vertex 1.5927785303553599 16.1717518084232 10
      vertex 2.2376397354442665 15.08494177696291 10
      vertex 2.3843702098996284 16.074118286927693 10
    endloop
  endfacet
  facet normal 0 0 1
    outer loop
      vertex 3.9484279234280377 15.763007864411339 10
      vertex 3.705447743524774 14.792976611216796 10
      vertex 4.426841328130551 14.593340119916185 10
    endloop
  endfacet
  facet normal 0 0 1
    outer loop
      vertex 2.3843702098996284 16.074118286927693 10
      vertex 2.2376397354442665 15.08494177696291 10
      vertex 2.975127410745956 14.956975526149265 10
    endloop
  endfacet
  facet normal 0 0 1
    outer loop
      vertex 2.3843702098996284 16.074118286927693 10
      vertex 2.975127410745956 14.956975526149265 10
      vertex 3.170217732762084 15.937760806552495 10
    endloop
  endfacet
  facet normal 0 0 1
    outer loop
      vertex 3.170217732762084 15.937760806552495 10
      vertex 2.975127410745956 14.956975526149265 10
      vertex 3.705447743524774 14.792976611216796 10
    endloop
  endfacet
  facet normal 0 0 1
    outer loop
      vertex 3.170217732762084 15.937760806552495 10
      vertex 3.705447743524774 14.792976611216796 10
      vertex 3.9484279234280377 15.763007864411339 10
    endloop
  endfacet
  facet normal 0 0 1
    outer loop
      vertex 4.717126005385013 15.550280455648393 10
      vertex 4.426841328130551 14.593340119916185 10
      vertex 5.137570264231356 14.358546994041067 10
    endloop
  endfacet
  facet normal 0 0 1
    outer loop
      vertex 4.717126005385013 15.550280455648393 10
      vertex 5.137570264231356 14.358546994041067 10
      vertex 5.474460117623575 15.300091059224089 10
    endloop
  endfacet
  facet normal 0 0 1
    outer loop
      vertex 5.474460117623575 15.300091059224089 10
      vertex 5.137570264231356 14.358546994041067 10
      vertex 5.835922343567619 14.089162870797123 10
    endloop
  endfacet
  facet normal 0 0 1
    outer loop
      vertex 6.218605775932709 15.01304240330841 10
      vertex 5.474460117623575 15.300091059224089 10
      vertex 5.835922343567619 14.089162870797123 10
    endloop
  endfacet
  facet normal 0 0 1
    outer loop
      vertex 6.218605775932709 15.01304240330841 10
      vertex 5.835922343567619 14.089162870797123 10
      vertex 6.520215174811802 13.785836720132512 10
    endloop
  endfacet
  facet normal 0 0 1
    outer loop
      vertex 3.9484279234280377 15.763007864411339 10
      vertex 4.426841328130551 14.593340119916185 10
      vertex 4.717126005385013 15.550280455648393 10
    endloop
  endfacet
  facet normal 0 0 1
    outer loop
      vertex 6.947770268242084 14.689826013255955 10
      vertex 6.520215174811802 13.785836720132512 10
      vertex 7.188800236596464 13.449299281312415 10
    endloop
  endfacet
  facet normal 0 0 1
    outer loop
      vertex 6.218605775932709 15.01304240330841 10
      vertex 6.520215174811802 13.785836720132512 10
      vertex 6.947770268242084 14.689826013255955 10
    endloop
  endfacet
  facet normal 0 0 1
    outer loop
      vertex 6.947770268242084 14.689826013255955 10
      vertex 7.188800236596464 13.449299281312415 10
      vertex 7.660196973422462 14.33122054566077 10
    endloop
  endfacet
  facet normal 0 0 1
    outer loop
      vertex 7.660196973422462 14.33122054566077 10
      vertex 7.188800236596464 13.449299281312415 10
      vertex 7.840066848946632 13.080361302504148 10
    endloop
  endfacet
  facet normal 0 0 1
    outer loop
      vertex 8.354169593139854 13.93808991250442 10
      vertex 7.660196973422462 14.33122054566077 10
      vertex 7.840066848946632 13.080361302504148 10
    endloop
  endfacet
  facet normal 0 0 1
    outer loop
      vertex 8.354169593139854 13.93808991250442 10
      vertex 7.840066848946632 13.080361302504148 10
      vertex 8.472446053548934 12.679911587613814 10
    endloop
  endfacet
  facet normal 0 0 1
    outer loop
      vertex 8.354169593139854 13.93808991250442 10
      vertex 8.472446053548934 12.679911587613814 10
      vertex 9.028016286568535 13.51138119991636 10
    endloop
  endfacet
  facet normal 0.9924795345987104 0.12241067519921355 0
    outer loop
      vertex 16.074118286927693 2.3843702098996284 2
      vertex 16.074118286927693 2.3843702098996284 10
      vertex 16.1717518084232 1.5927785303553599 10
    endloop
  endfacet
  facet normal 0.9996988186962044 0.024541228522911972 0
    outer loop
      vertex 16.23042616333405 0.7973497078205427 2
      vertex 16.23042616333405 0.7973497078205427 10
      vertex 16.25 0 10
    endloop
  endfacet
  facet normal 0.9972904566786902 0.07356456359966819 0
    outer loop
      vertex 16.1717518084232 1.5927785303553599 2
      vertex 16.1717518084232 1.5927785303553599 10
      vertex 16.23042616333405 0.7973497078205427 10
    endloop
  endfacet
  facet normal 0.9852776423889409 0.17096188876030333 0
    outer loop
      vertex 15.937760806552495 3.170217732762084 2
      vertex 15.937760806552495 3.170217732762084 10
      vertex 16.074118286927693 2.3843702098996284 10
    endloop
  endfacet
  facet normal 0.9757021300385282 0.21910124015687113 0
    outer loop
      vertex 15.763007864411339 3.9484279234280377 2
      vertex 15.763007864411339 3.9484279234280377 10
      vertex 15.937760806552495 3.170217732762084 10
    endloop
  endfacet
  facet normal 0.8932243011955155 0.4496113296546063 0
    outer loop
      vertex 14.33122054566077 7.660196973422462 2
      vertex 14.33122054566077 7.660196973422462 10
      vertex 14.689826013255955 6.947770268242084 10
    endloop
  endfacet
  facet normal 0.9142097557035309 0.4052413140049892 0
    outer loop
      vertex 14.689826013255955 6.947770268242084 2
      vertex 14.689826013255955 6.947770268242084 10
      vertex 15.01304240330841 6.218605775932709 10
    endloop
  endfacet
  facet normal 0.8700869911087109 0.492898192229785 0
    outer loop
      vertex 13.93808991250442 8.354169593139854 2
      vertex 13.93808991250442 8.354169593139854 10
      vertex 14.33122054566077 7.660196973422462 10
    endloop
  endfacet
  facet normal 0.9637760657954397 0.266712757474899 0
    outer loop
      vertex 15.550280455648393 4.717126005385013 2
      vertex 15.550280455648393 4.717126005385013 10
      vertex 15.763007864411339 3.9484279234280377 10
    endloop
  endfacet
  facet normal 0.9495281805930378 0.3136817403988885 0
    outer loop
      vertex 15.300091059224089 5.474460117623575 2
      vertex 15.300091059224089 5.474460117623575 10
      vertex 15.550280455648393 4.717126005385013 10
    endloop
  endfacet
  facet normal 0.9329927988347384 0.35989503653498955 0
    outer loop
      vertex 15.01304240330841 6.218605775932709 2
      vertex 15.01304240330841 6.218605775932709 10
      vertex 15.300091059224089 5.474460117623575 10
    endloop
  endfacet
  facet normal 0 0 1
    outer loop
      vertex 15.01304240330841 6.218605775932709 10
      vertex 15.08494177696291 2.2376397354442665 10
      vertex 15.176567081751003 1.4947613900257992 10
    endloop
  endfacet
  facet normal 0 0 1
    outer loop
      vertex 15.01304240330841 6.218605775932709 10
      vertex 14.956975526149265 2.975127410745956 10
      vertex 15.08494177696291 2.2376397354442665 10
    endloop
  endfacet
  facet normal 0 0 1
    outer loop
      vertex 15.01304240330841 6.218605775932709 10
      vertex 14.792976611216796 3.705447743524774 10
      vertex 14.956975526149265 2.975127410745956 10
    endloop
  endfacet
  facet normal 0 0 1
    outer loop
      vertex 15.300091059224089 -5.474460117623575 10
      vertex 15.300091059224089 5.474460117623575 10
      vertex 15.25 0 10
    endloop
  endfacet
  facet normal 0 0 1
    outer loop
      vertex 16.1717518084232 -1.5927785303553599 10
      vertex 16.1717518084232 1.5927785303553599 10
      vertex 16.074118286927693 2.3843702098996284 10
    endloop
  endfacet
  facet normal 0 0 1
    outer loop
      vertex 16.074118286927693 -2.3843702098996284 10
      vertex 16.074118286927693 2.3843702098996284 10
      vertex 15.937760806552495 3.170217732762084 10
    endloop
  endfacet
  facet normal 0 0 1
    outer loop
      vertex 15.300091059224089 5.474460117623575 10
      vertex 15.231630707128879 0.7482820334931247 10
      vertex 15.25 0 10
    endloop
  endfacet
  facet normal 0 0 1
    outer loop
      vertex 15.550280455648393 -4.717126005385013 10
      vertex 15.550280455648393 4.717126005385013 10
      vertex 15.300091059224089 5.474460117623575 10
    endloop
  endfacet
  facet normal 0 0 1
    outer loop
      vertex 15.937760806552495 -3.170217732762084 10
      vertex 15.937760806552495 3.170217732762084 10
      vertex 15.763007864411339 3.9484279234280377 10
    endloop
  endfacet
  facet normal 0 0 1
    outer loop
      vertex 15.763007864411339 -3.9484279234280377 10
      vertex 15.763007864411339 3.9484279234280377 10
      vertex 15.550280455648393 4.717126005385013 10
    endloop
  endfacet
  facet normal 0 0 1
    outer loop
      vertex 16.23042616333405 -0.7973497078205427 10
      vertex 16.25 0 10
      vertex 16.23042616333405 0.7973497078205427 10
    endloop
  endfacet
  facet normal 0 0 1
    outer loop
      vertex 16.23042616333405 -0.7973497078205427 10
      vertex 16.23042616333405 0.7973497078205427 10
      vertex 16.1717518084232 1.5927785303553599 10
    endloop
  endfacet
  facet normal 0 0 1
    outer loop
      vertex 15.300091059224089 5.474460117623575 10
      vertex 15.176567081751003 1.4947613900257992 10
      vertex 15.231630707128879 0.7482820334931247 10
    endloop
  endfacet
  facet normal 0 0 1
    outer loop
      vertex 14.689826013255955 6.947770268242084 10
      vertex 14.593340119916185 4.426841328130551 10
      vertex 14.792976611216796 3.705447743524774 10
    endloop
  endfacet
  facet normal 0 0 1
    outer loop
      vertex 14.33122054566077 7.660196973422462 10
      vertex 14.358546994041067 5.137570264231356 10
      vertex 14.593340119916185 4.426841328130551 10
    endloop
  endfacet
  facet normal 0 0 1
    outer loop
      vertex 14.33122054566077 7.660196973422462 10
      vertex 14.089162870797123 5.835922343567619 10
      vertex 14.358546994041067 5.137570264231356 10
    endloop
  endfacet
  facet normal 0 0 1
    outer loop
      vertex 14.689826013255955 6.947770268242084 10
      vertex 14.33122054566077 7.660196973422462 10
      vertex 14.593340119916185 4.426841328130551 10
    endloop
  endfacet
  facet normal 0 0 1
    outer loop
      vertex 15.01304240330841 6.218605775932709 10
      vertex 14.689826013255955 6.947770268242084 10
      vertex 14.792976611216796 3.705447743524774 10
    endloop
  endfacet
  facet normal 0 0 1
    outer loop
      vertex 13.93808991250442 8.354169593139854 10
      vertex 13.785836720132512 6.520215174811802 10
      vertex 14.089162870797123 5.835922343567619 10
    endloop
  endfacet
  facet normal 0 0 1
    outer loop
      vertex 13.05212238656048 9.680113698002042 10
      vertex 13.080361302504148 7.840066848946632 10
      vertex 13.449299281312415 7.188800236596464 10
    endloop
  endfacet
  facet normal 0 0 1
    outer loop
      vertex 13.51138119991636 9.028016286568535 10
      vertex 13.449299281312415 7.188800236596464 10
      vertex 13.785836720132512 6.520215174811802 10
    endloop
  endfacet
  facet normal 0 0 1
    outer loop
      vertex 13.93808991250442 8.354169593139854 10
      vertex 13.51138119991636 9.028016286568535 10
      vertex 13.785836720132512 6.520215174811802 10
    endloop
  endfacet
  facet normal 0 0 1
    outer loop
      vertex 13.93808991250442 8.354169593139854 10
      vertex 14.089162870797123 5.835922343567619 10
      vertex 14.33122054566077 7.660196973422462 10
    endloop
  endfacet
  facet normal 0 0 1
    outer loop
      vertex 15.01304240330841 6.218605775932709 10
      vertex 15.176567081751003 1.4947613900257992 10
      vertex 15.300091059224089 5.474460117623575 10
    endloop
  endfacet
  facet normal 0.6152315905806276 0.7883464276266056 0
    outer loop
      vertex 9.680113698002042 13.05212238656048 2
      vertex 9.680113698002042 13.05212238656048 10
      vertex 10.308890867659239 12.561419867144476 10
    endloop
  endfacet
  facet normal 0.6531728429537762 0.7572088465064849 0
    outer loop
      vertex 10.308890867659239 12.561419867144476 2
      vertex 10.308890867659239 12.561419867144476 10
      vertex 10.912833016264049 12.040455787018086 10
    endloop
  endfacet
  facet normal 0.7572088465064849 0.6531728429537762 0
    outer loop
      vertex 12.040455787018086 10.912833016264049 2
      vertex 12.040455787018086 10.912833016264049 10
      vertex 12.561419867144476 10.308890867659239 10
    endloop
  endfacet
  facet normal 0.7883464276266056 0.6152315905806276 0
    outer loop
      vertex 12.561419867144476 10.308890867659239 2
      vertex 12.561419867144476 10.308890867659239 10
      vertex 13.05212238656048 9.680113698002042 10
    endloop
  endfacet
  facet normal 0.6895405447370667 0.7242470829514671 0
    outer loop
      vertex 10.912833016264049 12.040455787018086 2
      vertex 10.912833016264049 12.040455787018086 10
      vertex 11.490485194281398 11.490485194281398 10
    endloop
  endfacet
  facet normal 0.7242470829514671 0.6895405447370667 0
    outer loop
      vertex 11.490485194281398 11.490485194281398 2
      vertex 11.490485194281398 11.490485194281398 10
      vertex 12.040455787018086 10.912833016264049 10
    endloop
  endfacet
  facet normal 0.5758081914178446 0.8175848131515842 0
    outer loop
      vertex 9.028016286568535 13.51138119991636 2
      vertex 9.028016286568535 13.51138119991636 10
      vertex 9.680113698002042 13.05212238656048 10
    endloop
  endfacet
  facet normal 0.8175848131515842 0.5758081914178446 0
    outer loop
      vertex 13.05212238656048 9.680113698002042 2
      vertex 13.05212238656048 9.680113698002042 10
      vertex 13.51138119991636 9.028016286568535 10
    endloop
  endfacet
  facet normal 0.8448535652497073 0.5349976198870969 0
    outer loop
      vertex 13.51138119991636 9.028016286568535 2
      vertex 13.51138119991636 9.028016286568535 10
      vertex 13.93808991250442 8.354169593139854 10
    endloop
  endfacet
  facet normal 0 0 1
    outer loop
      vertex 9.028016286568535 13.51138119991636 10
      vertex 8.472446053548934 12.679911587613814 10
      vertex 9.08441439350961 12.248914855079835 10
    endloop
  endfacet
  facet normal 0 0 1
    outer loop
      vertex 9.680113698002042 13.05212238656048 10
      vertex 9.08441439350961 12.248914855079835 10
      vertex 9.674497583495594 11.78840941378174 10
    endloop
  endfacet
  facet normal 0 0 1
    outer loop
      vertex 9.028016286568535 13.51138119991636 10
      vertex 9.08441439350961 12.248914855079835 10
      vertex 9.680113698002042 13.05212238656048 10
    endloop
  endfacet
  facet normal 0 0 1
    outer loop
      vertex 10.308890867659239 12.561419867144476 10
      vertex 10.24127406141703 11.299504661663127 10
      vertex 10.78337841309485 10.78337841309485 10
    endloop
  endfacet
  facet normal 0 0 1
    outer loop
      vertex 10.308890867659239 12.561419867144476 10
      vertex 10.78337841309485 10.78337841309485 10
      vertex 10.912833016264049 12.040455787018086 10
    endloop
  endfacet
  facet normal 0 0 1
    outer loop
      vertex 9.680113698002042 13.05212238656048 10
      vertex 9.674497583495594 11.78840941378174 10
      vertex 10.24127406141703 11.299504661663127 10
    endloop
  endfacet
  facet normal 0 0 1
    outer loop
      vertex 10.308890867659239 12.561419867144476 10
      vertex 9.680113698002042 13.05212238656048 10
      vertex 10.24127406141703 11.299504661663127 10
    endloop
  endfacet
  facet normal 0 0 1
    outer loop
      vertex 11.490485194281398 11.490485194281398 10
      vertex 11.299504661663127 10.24127406141703 10
      vertex 11.78840941378174 9.674497583495594 10
    endloop
  endfacet
  facet normal 0 0 1
    outer loop
      vertex 11.490485194281398 11.490485194281398 10
      vertex 11.78840941378174 9.674497583495594 10
      vertex 12.040455787018086 10.912833016264049 10
    endloop
  endfacet
  facet normal 0 0 1
    outer loop
      vertex 13.05212238656048 9.680113698002042 10
      vertex 12.679911587613814 8.472446053548934 10
      vertex 13.080361302504148 7.840066848946632 10
    endloop
  endfacet
  facet normal 0 0 1
    outer loop
      vertex 12.561419867144476 10.308890867659239 10
      vertex 12.248914855079835 9.08441439350961 10
      vertex 12.679911587613814 8.472446053548934 10
    endloop
  endfacet
  facet normal 0 0 1
    outer loop
      vertex 12.561419867144476 10.308890867659239 10
      vertex 12.679911587613814 8.472446053548934 10
      vertex 13.05212238656048 9.680113698002042 10
    endloop
  endfacet
  facet normal 0 0 1
    outer loop
      vertex 12.040455787018086 10.912833016264049 10
      vertex 11.78840941378174 9.674497583495594 10
      vertex 12.248914855079835 9.08441439350961 10
    endloop
  endfacet
  facet normal 0 0 1
    outer loop
      vertex 12.561419867144476 10.308890867659239 10
      vertex 12.040455787018086 10.912833016264049 10
      vertex 12.248914855079835 9.08441439350961 10
    endloop
  endfacet
  facet normal 0 0 1
    outer loop
      vertex 10.912833016264049 12.040455787018086 10
      vertex 10.78337841309485 10.78337841309485 10
      vertex 11.299504661663127 10.24127406141703 10
    endloop
  endfacet
  facet normal 0 0 1
    outer loop
      vertex 11.490485194281398 11.490485194281398 10
      vertex 10.912833016264049 12.040455787018086 10
      vertex 11.299504661663127 10.24127406141703 10
    endloop
  endfacet
  facet normal 0 0 1
    outer loop
      vertex 13.05212238656048 9.680113698002042 10
      vertex 13.449299281312415 7.188800236596464 10
      vertex 13.51138119991636 9.028016286568535 10
    endloop
  endfacet
  facet normal -0.7572088465064846 -0.6531728429537768 0
    outer loop
      vertex -13.334430320507213 -10.943284151822885 0
      vertex -12.781406912373045 -11.584391971111067 0
      vertex -13.334430320507213 -10.943284151822885 2
    endloop
  endfacet
  facet normal -0.8175848131515837 -0.5758081914178452 0
    outer loop
      vertex -14.342850812218906 -9.583586519588138 0
      vertex -13.855329918041125 -10.275813002494475 0
      vertex -14.342850812218906 -9.583586519588138 2
    endloop
  endfacet
  facet normal -0.8448535652497071 -0.5349976198870972 0
    outer loop
      vertex -14.795818522504693 -8.868272337333076 0
      vertex -14.342850812218906 -9.583586519588138 0
      vertex -14.795818522504693 -8.868272337333076 2
    endloop
  endfacet
  facet normal -0.7883464276266064 -0.6152315905806267 0
    outer loop
      vertex -13.334430320507213 -10.943284151822885 0
      vertex -13.855329918041125 -10.275813002494475 2
      vertex -13.855329918041125 -10.275813002494475 0
    endloop
  endfacet
  facet normal -0.7572088465064846 -0.6531728429537768 0
    outer loop
      vertex -13.334430320507213 -10.943284151822885 2
      vertex -12.781406912373045 -11.584391971111067 0
      vertex -12.781406912373045 -11.584391971111067 2
    endloop
  endfacet
  facet normal -0.8175848131515837 -0.5758081914178452 0
    outer loop
      vertex -13.855329918041125 -10.275813002494475 0
      vertex -13.855329918041125 -10.275813002494475 2
      vertex -14.342850812218906 -9.583586519588138 2
    endloop
  endfacet
  facet normal -0.8448535652497071 -0.5349976198870972 0
    outer loop
      vertex -14.342850812218906 -9.583586519588138 0
      vertex -14.342850812218906 -9.583586519588138 2
      vertex -14.795818522504693 -8.868272337333076 2
    endloop
  endfacet
  facet normal -0.7883464276266064 -0.6152315905806267 0
    outer loop
      vertex -13.334430320507213 -10.943284151822885 0
      vertex -13.334430320507213 -10.943284151822885 2
      vertex -13.855329918041125 -10.275813002494475 2
    endloop
  endfacet
  facet normal 0 0 1
    outer loop
      vertex -14.795818522504693 -8.868272337333076 2
      vertex -14.342850812218906 -9.583586519588138 2
      vertex -14.33122054566077 -7.660196973422462 2
    endloop
  endfacet
  facet normal 0 0 1
    outer loop
      vertex -13.334430320507213 -10.943284151822885 2
      vertex -13.05212238656048 -9.680113698002042 2
      vertex -13.855329918041125 -10.275813002494475 2
    endloop
  endfacet
  facet normal 0 0 1
    outer loop
      vertex -13.334430320507213 -10.943284151822885 2
      vertex -12.561419867144476 -10.308890867659239 2
      vertex -13.05212238656048 -9.680113698002042 2
    endloop
  endfacet
  facet normal 0 0 1
    outer loop
      vertex -14.342850812218906 -9.583586519588138 2
      vertex -13.855329918041125 -10.275813002494475 2
      vertex -13.51138119991636 -9.028016286568535 2
    endloop
  endfacet
  facet normal 0 0 1
    outer loop
      vertex -14.342850812218906 -9.583586519588138 2
      vertex -13.51138119991636 -9.028016286568535 2
      vertex -13.93808991250442 -8.354169593139854 2
    endloop
  endfacet
  facet normal 0 0 1
    outer loop
      vertex -13.855329918041125 -10.275813002494475 2
      vertex -13.05212238656048 -9.680113698002042 2
      vertex -13.51138119991636 -9.028016286568535 2
    endloop
  endfacet
  facet normal -0.6531728429537768 -0.7572088465064846 0
    outer loop
      vertex -10.943284151822885 -13.334430320507213 0
      vertex -10.943284151822885 -13.334430320507213 2
      vertex -11.584391971111067 -12.781406912373045 0
    endloop
  endfacet
  facet normal -0.5758081914178452 -0.8175848131515837 0
    outer loop
      vertex -10.275813002494475 -13.855329918041125 0
      vertex -9.583586519588138 -14.342850812218906 0
      vertex -9.583586519588138 -14.342850812218906 2
    endloop
  endfacet
  facet normal -0.6152315905806267 -0.7883464276266064 0
    outer loop
      vertex -10.943284151822885 -13.334430320507213 0
      vertex -10.275813002494475 -13.855329918041125 0
      vertex -10.275813002494475 -13.855329918041125 2
    endloop
  endfacet
  facet normal -0.5349976198870972 -0.8448535652497071 0
    outer loop
      vertex -9.583586519588138 -14.342850812218906 0
      vertex -8.868272337333076 -14.795818522504693 0
      vertex -8.868272337333076 -14.795818522504693 2
    endloop
  endfacet
  facet normal -0.6531728429537768 -0.7572088465064846 0
    outer loop
      vertex -10.943284151822885 -13.334430320507213 2
      vertex -11.584391971111067 -12.781406912373045 2
      vertex -11.584391971111067 -12.781406912373045 0
    endloop
  endfacet
  facet normal -0.5758081914178452 -0.8175848131515837 0
    outer loop
      vertex -10.275813002494475 -13.855329918041125 0
      vertex -9.583586519588138 -14.342850812218906 2
      vertex -10.275813002494475 -13.855329918041125 2
    endloop
  endfacet
  facet normal -0.6152315905806267 -0.7883464276266064 0
    outer loop
      vertex -10.943284151822885 -13.334430320507213 0
      vertex -10.275813002494475 -13.855329918041125 2
      vertex -10.943284151822885 -13.334430320507213 2
    endloop
  endfacet
  facet normal -0.5349976198870972 -0.8448535652497071 0
    outer loop
      vertex -9.583586519588138 -14.342850812218906 0
      vertex -8.868272337333076 -14.795818522504693 2
      vertex -9.583586519588138 -14.342850812218906 2
    endloop
  endfacet
  facet normal 0 0 1
    outer loop
      vertex -10.943284151822885 -13.334430320507213 2
      vertex -10.275813002494475 -13.855329918041125 2
      vertex -9.680113698002042 -13.05212238656048 2
    endloop
  endfacet
  facet normal 0 0 1
    outer loop
      vertex -10.943284151822885 -13.334430320507213 2
      vertex -9.680113698002042 -13.05212238656048 2
      vertex -10.308890867659239 -12.561419867144476 2
    endloop
  endfacet
  facet normal 0 0 1
    outer loop
      vertex -9.583586519588138 -14.342850812218906 2
      vertex -8.868272337333076 -14.795818522504693 2
      vertex -8.354169593139854 -13.93808991250442 2
    endloop
  endfacet
  facet normal 0 0 1
    outer loop
      vertex -10.275813002494475 -13.855329918041125 2
      vertex -9.583586519588138 -14.342850812218906 2
      vertex -9.028016286568535 -13.51138119991636 2
    endloop
  endfacet
  facet normal 0 0 1
    outer loop
      vertex -10.275813002494475 -13.855329918041125 2
      vertex -9.028016286568535 -13.51138119991636 2
      vertex -9.680113698002042 -13.05212238656048 2
    endloop
  endfacet
  facet normal 0 0 1
    outer loop
      vertex -9.583586519588138 -14.342850812218906 2
      vertex -8.354169593139854 -13.93808991250442 2
      vertex -9.028016286568535 -13.51138119991636 2
    endloop
  endfacet
  facet normal -0.7242470829514674 -0.6895405447370663 0
    outer loop
      vertex -12.197591975467946 -12.197591975467946 0
      vertex -12.781406912373045 -11.584391971111067 2
      vertex -12.781406912373045 -11.584391971111067 0
    endloop
  endfacet
  facet normal -0.6895405447370663 -0.7242470829514674 0
    outer loop
      vertex -12.197591975467946 -12.197591975467946 0
      vertex -11.584391971111067 -12.781406912373045 0
      vertex -11.584391971111067 -12.781406912373045 2
    endloop
  endfacet
  facet normal -0.7242470829514674 -0.6895405447370663 0
    outer loop
      vertex -12.197591975467946 -12.197591975467946 0
      vertex -12.197591975467946 -12.197591975467946 2
      vertex -12.781406912373045 -11.584391971111067 2
    endloop
  endfacet
  facet normal -0.6895405447370663 -0.7242470829514674 0
    outer loop
      vertex -12.197591975467946 -12.197591975467946 0
      vertex -11.584391971111067 -12.781406912373045 2
      vertex -12.197591975467946 -12.197591975467946 2
    endloop
  endfacet
  facet normal 0 0 1
    outer loop
      vertex -13.334430320507213 -10.943284151822885 2
      vertex -12.781406912373045 -11.584391971111067 2
      vertex -12.561419867144476 -10.308890867659239 2
    endloop
  endfacet
  facet normal 0 0 1
    outer loop
      vertex -12.781406912373045 -11.584391971111067 2
      vertex -12.040455787018086 -10.912833016264049 2
      vertex -12.561419867144476 -10.308890867659239 2
    endloop
  endfacet
  facet normal 0 0 1
    outer loop
      vertex -12.197591975467946 -12.197591975467946 2
      vertex -12.040455787018086 -10.912833016264049 2
      vertex -12.781406912373045 -11.584391971111067 2
    endloop
  endfacet
  facet normal 0 0 1
    outer loop
      vertex -12.197591975467946 -12.197591975467946 2
      vertex -11.490485194281398 -11.490485194281398 2
      vertex -12.040455787018086 -10.912833016264049 2
    endloop
  endfacet
  facet normal 0 0 1
    outer loop
      vertex -12.197591975467946 -12.197591975467946 2
      vertex -11.584391971111067 -12.781406912373045 2
      vertex -11.490485194281398 -11.490485194281398 2
    endloop
  endfacet
  facet normal 0 0 1
    outer loop
      vertex -11.584391971111067 -12.781406912373045 2
      vertex -10.912833016264049 -12.040455787018086 2
      vertex -11.490485194281398 -11.490485194281398 2
    endloop
  endfacet
  facet normal 0 0 1
    outer loop
      vertex -10.943284151822885 -13.334430320507213 2
      vertex -10.912833016264049 -12.040455787018086 2
      vertex -11.584391971111067 -12.781406912373045 2
    endloop
  endfacet
  facet normal 0 0 1
    outer loop
      vertex -10.943284151822885 -13.334430320507213 2
      vertex -10.308890867659239 -12.561419867144476 2
      vertex -10.912833016264049 -12.040455787018086 2
    endloop
  endfacet
  facet normal -0.8932243011955157 -0.44961132965460593 0
    outer loop
      vertex -15.213141810009125 -8.13159371024846 0
      vertex -15.593815306379398 -7.375325361672366 2
      vertex -15.593815306379398 -7.375325361672366 0
    endloop
  endfacet
  facet normal -0.9142097557035311 -0.40524131400498886 0
    outer loop
      vertex -15.936921935819695 -6.601289208297799 0
      vertex -15.593815306379398 -7.375325361672366 0
      vertex -15.936921935819695 -6.601289208297799 2
    endloop
  endfacet
  facet normal -0.9495281805930359 -0.31368174039889346 0
    outer loop
      vertex -16.241635124407107 -5.811349971015796 0
      vertex -16.507220791380604 -5.007410682639475 2
      vertex -16.507220791380604 -5.007410682639475 0
    endloop
  endfacet
  facet normal -0.9637760657954401 -0.26671275747489753 0
    outer loop
      vertex -16.507220791380604 -5.007410682639475 0
      vertex -16.733039117605884 -4.191408103331302 2
      vertex -16.733039117605884 -4.191408103331302 0
    endloop
  endfacet
  facet normal -0.9329927988347388 -0.3598950365349879 0
    outer loop
      vertex -15.936921935819695 -6.601289208297799 0
      vertex -16.241635124407107 -5.811349971015796 2
      vertex -16.241635124407107 -5.811349971015796 0
    endloop
  endfacet
  facet normal -0.8700869911087111 -0.49289819222978454 0
    outer loop
      vertex -14.795818522504693 -8.868272337333076 0
      vertex -15.213141810009125 -8.13159371024846 2
      vertex -15.213141810009125 -8.13159371024846 0
    endloop
  endfacet
  facet normal -0.8932243011955157 -0.44961132965460593 0
    outer loop
      vertex -15.213141810009125 -8.13159371024846 0
      vertex -15.213141810009125 -8.13159371024846 2
      vertex -15.593815306379398 -7.375325361672366 2
    endloop
  endfacet
  facet normal -0.9142097557035311 -0.40524131400498886 0
    outer loop
      vertex -15.593815306379398 -7.375325361672366 0
      vertex -15.593815306379398 -7.375325361672366 2
      vertex -15.936921935819695 -6.601289208297799 2
    endloop
  endfacet
  facet normal 0 0 1
    outer loop
      vertex -15.213141810009125 -8.13159371024846 2
      vertex -15.01304240330841 -6.218605775932709 2
      vertex -15.593815306379398 -7.375325361672366 2
    endloop
  endfacet
  facet normal -0.9495281805930359 -0.31368174039889346 0
    outer loop
      vertex -16.241635124407107 -5.811349971015796 0
      vertex -16.241635124407107 -5.811349971015796 2
      vertex -16.507220791380604 -5.007410682639475 2
    endloop
  endfacet
  facet normal -0.9637760657954401 -0.26671275747489753 0
    outer loop
      vertex -16.507220791380604 -5.007410682639475 0
      vertex -16.507220791380604 -5.007410682639475 2
      vertex -16.733039117605884 -4.191408103331302 2
    endloop
  endfacet
  facet normal -0.9329927988347388 -0.3598950365349879 0
    outer loop
      vertex -15.936921935819695 -6.601289208297799 0
      vertex -15.936921935819695 -6.601289208297799 2
      vertex -16.241635124407107 -5.811349971015796 2
    endloop
  endfacet
  facet normal 0 0 1
    outer loop
      vertex -15.936921935819695 -6.601289208297799 2
      vertex -15.593815306379398 -7.375325361672366 2
      vertex -15.550280455648393 -4.717126005385013 2
    endloop
  endfacet
  facet normal 0 0 1
    outer loop
      vertex -15.593815306379398 -7.375325361672366 2
      vertex -15.01304240330841 -6.218605775932709 2
      vertex -15.300091059224089 -5.474460117623575 2
    endloop
  endfacet
  facet normal 0 0 1
    outer loop
      vertex -15.593815306379398 -7.375325361672366 2
      vertex -15.300091059224089 -5.474460117623575 2
      vertex -15.550280455648393 -4.717126005385013 2
    endloop
  endfacet
  facet normal 0 0 1
    outer loop
      vertex -15.936921935819695 -6.601289208297799 2
      vertex -15.937760806552495 -3.170217732762084 2
      vertex -16.241635124407107 -5.811349971015796 2
    endloop
  endfacet
  facet normal 0 0 1
    outer loop
      vertex -15.936921935819695 -6.601289208297799 2
      vertex -15.550280455648393 -4.717126005385013 2
      vertex -15.763007864411339 -3.9484279234280377 2
    endloop
  endfacet
  facet normal 0 0 1
    outer loop
      vertex -15.936921935819695 -6.601289208297799 2
      vertex -15.763007864411339 -3.9484279234280377 2
      vertex -15.937760806552495 -3.170217732762084 2
    endloop
  endfacet
  facet normal -0.8700869911087111 -0.49289819222978454 0
    outer loop
      vertex -14.795818522504693 -8.868272337333076 0
      vertex -14.795818522504693 -8.868272337333076 2
      vertex -15.213141810009125 -8.13159371024846 2
    endloop
  endfacet
  facet normal 0 0 1
    outer loop
      vertex -14.795818522504693 -8.868272337333076 2
      vertex -14.689826013255955 -6.947770268242084 2
      vertex -15.213141810009125 -8.13159371024846 2
    endloop
  endfacet
  facet normal 0 0 1
    outer loop
      vertex -14.795818522504693 -8.868272337333076 2
      vertex -14.33122054566077 -7.660196973422462 2
      vertex -14.689826013255955 -6.947770268242084 2
    endloop
  endfacet
  facet normal 0 0 1
    outer loop
      vertex -14.342850812218906 -9.583586519588138 2
      vertex -13.93808991250442 -8.354169593139854 2
      vertex -14.33122054566077 -7.660196973422462 2
    endloop
  endfacet
  facet normal 0 0 1
    outer loop
      vertex -15.213141810009125 -8.13159371024846 2
      vertex -14.689826013255955 -6.947770268242084 2
      vertex -15.01304240330841 -6.218605775932709 2
    endloop
  endfacet
  facet normal 0 0 -1
    outer loop
      vertex -15.936921935819695 -6.601289208297799 0
      vertex -15.593815306379398 7.375325361672366 0
      vertex -15.593815306379398 -7.375325361672366 0
    endloop
  endfacet
  facet normal 0 0 -1
    outer loop
      vertex -15.213141810009125 -8.13159371024846 0
      vertex -15.593815306379398 -7.375325361672366 0
      vertex -15.213141810009125 8.13159371024846 0
    endloop
  endfacet
  facet normal -0.9757021300385286 -0.2191012401568699 0
    outer loop
      vertex -16.733039117605884 -4.191408103331302 0
      vertex -16.918546086955725 -3.3653080547782124 2
      vertex -16.918546086955725 -3.3653080547782124 0
    endloop
  endfacet
  facet normal -0.9852776423889414 -0.17096188876030036 0
    outer loop
      vertex -16.918546086955725 -3.3653080547782124 0
      vertex -17.06329479689247 -2.5311006843549904 2
      vertex -17.06329479689247 -2.5311006843549904 0
    endloop
  endfacet
  facet normal 0 0 -1
    outer loop
      vertex -16.733039117605884 -4.191408103331302 0
      vertex -16.918546086955725 -3.3653080547782124 0
      vertex -16.733039117605884 4.191408103331302 0
    endloop
  endfacet
  facet normal 0 0 -1
    outer loop
      vertex -16.241635124407107 -5.811349971015796 0
      vertex -16.507220791380604 -5.007410682639475 0
      vertex -16.241635124407107 5.811349971015796 0
    endloop
  endfacet
  facet normal 0 0 -1
    outer loop
      vertex -16.507220791380604 -5.007410682639475 0
      vertex -16.733039117605884 -4.191408103331302 0
      vertex -16.507220791380604 5.007410682639475 0
    endloop
  endfacet
  facet normal 0 0 -1
    outer loop
      vertex -17.06329479689247 -2.5311006843549904 0
      vertex -17.166936535095395 -1.6907956706849203 0
      vertex -17.06329479689247 2.5311006843549904 0
    endloop
  endfacet
  facet normal 0 0 -1
    outer loop
      vertex -16.918546086955725 -3.3653080547782124 0
      vertex -17.06329479689247 -2.5311006843549904 0
      vertex -16.918546086955725 3.3653080547782124 0
    endloop
  endfacet
  facet normal 0 0 -1
    outer loop
      vertex -17.166936535095395 -1.6907956706849203 0
      vertex -17.229221619539224 -0.8464173821479608 0
      vertex -17.166936535095395 1.6907956706849203 0
    endloop
  endfacet
  facet normal 0 0 -1
    outer loop
      vertex -15.936921935819695 -6.601289208297799 0
      vertex -16.241635124407107 -5.811349971015796 0
      vertex -15.936921935819695 6.601289208297799 0
    endloop
  endfacet
  facet normal -0.9924795345987101 -0.12241067519921585 0
    outer loop
      vertex -17.06329479689247 -2.5311006843549904 0
      vertex -17.166936535095395 -1.6907956706849203 2
      vertex -17.166936535095395 -1.6907956706849203 0
    endloop
  endfacet
  facet normal -0.99729045667869 -0.07356456359966916 0
    outer loop
      vertex -17.166936535095395 -1.6907956706849203 0
      vertex -17.229221619539224 -0.8464173821479608 2
      vertex -17.229221619539224 -0.8464173821479608 0
    endloop
  endfacet
  facet normal -0.9996988186962042 -0.02454122852291171 0
    outer loop
      vertex -17.229221619539224 -0.8464173821479608 0
      vertex -17.25 0 2
      vertex -17.25 0 0
    endloop
  endfacet
  facet normal 0 0 -1
    outer loop
      vertex -14.795818522504693 -8.868272337333076 0
      vertex -15.213141810009125 -8.13159371024846 0
      vertex -14.795818522504693 8.868272337333076 0
    endloop
  endfacet
  facet normal 0 0 -1
    outer loop
      vertex -14.795818522504693 -8.868272337333076 0
      vertex -14.342850812218906 9.583586519588138 0
      vertex -14.342850812218906 -9.583586519588138 0
    endloop
  endfacet
  facet normal 0 0 -1
    outer loop
      vertex -14.342850812218906 -9.583586519588138 0
      vertex -13.855329918041125 10.275813002494475 0
      vertex -13.855329918041125 -10.275813002494475 0
    endloop
  endfacet
  facet normal 0 0 -1
    outer loop
      vertex -13.334430320507213 -10.943284151822885 0
      vertex -13.855329918041125 -10.275813002494475 0
      vertex -13.334430320507213 10.943284151822885 0
    endloop
  endfacet
  facet normal 0 0 -1
    outer loop
      vertex -13.334430320507213 -10.943284151822885 0
      vertex -12.781406912373045 11.584391971111067 0
      vertex -12.781406912373045 -11.584391971111067 0
    endloop
  endfacet
  facet normal -0.9757021300385286 -0.2191012401568699 0
    outer loop
      vertex -16.733039117605884 -4.191408103331302 0
      vertex -16.733039117605884 -4.191408103331302 2
      vertex -16.918546086955725 -3.3653080547782124 2
    endloop
  endfacet
  facet normal -0.9852776423889414 -0.17096188876030036 0
    outer loop
      vertex -16.918546086955725 -3.3653080547782124 0
      vertex -16.918546086955725 -3.3653080547782124 2
      vertex -17.06329479689247 -2.5311006843549904 2
    endloop
  endfacet
  facet normal -0.9924795345987101 -0.12241067519921585 0
    outer loop
      vertex -17.06329479689247 -2.5311006843549904 0
      vertex -17.06329479689247 -2.5311006843549904 2
      vertex -17.166936535095395 -1.6907956706849203 2
    endloop
  endfacet
  facet normal 0 0 1
    outer loop
      vertex -16.241635124407107 -5.811349971015796 2
      vertex -16.1717518084232 -1.5927785303553599 2
      vertex -16.23042616333405 -0.7973497078205427 2
    endloop
  endfacet
  facet normal 0 0 1
    outer loop
      vertex -16.241635124407107 -5.811349971015796 2
      vertex -15.937760806552495 -3.170217732762084 2
      vertex -16.074118286927693 -2.3843702098996284 2
    endloop
  endfacet
  facet normal 0 0 1
    outer loop
      vertex -16.241635124407107 -5.811349971015796 2
      vertex -16.074118286927693 -2.3843702098996284 2
      vertex -16.1717518084232 -1.5927785303553599 2
    endloop
  endfacet
  facet normal -0.99729045667869 -0.07356456359966916 0
    outer loop
      vertex -17.166936535095395 -1.6907956706849203 0
      vertex -17.166936535095395 -1.6907956706849203 2
      vertex -17.229221619539224 -0.8464173821479608 2
    endloop
  endfacet
  facet normal -0.9996988186962042 -0.02454122852291171 0
    outer loop
      vertex -17.229221619539224 -0.8464173821479608 0
      vertex -17.229221619539224 -0.8464173821479608 2
      vertex -17.25 0 2
    endloop
  endfacet
  facet normal 0 0 1
    outer loop
      vertex -16.918546086955725 -3.3653080547782124 2
      vertex -17.06329479689247 2.5311006843549904 2
      vertex -17.06329479689247 -2.5311006843549904 2
    endloop
  endfacet
  facet normal 0 0 1
    outer loop
      vertex -16.733039117605884 -4.191408103331302 2
      vertex -16.918546086955725 3.3653080547782124 2
      vertex -16.918546086955725 -3.3653080547782124 2
    endloop
  endfacet
  facet normal 0 0 1
    outer loop
      vertex -16.507220791380604 -5.007410682639475 2
      vertex -16.733039117605884 4.191408103331302 2
      vertex -16.733039117605884 -4.191408103331302 2
    endloop
  endfacet
  facet normal 0 0 1
    outer loop
      vertex -16.241635124407107 -5.811349971015796 2
      vertex -16.507220791380604 5.007410682639475 2
      vertex -16.507220791380604 -5.007410682639475 2
    endloop
  endfacet
  facet normal 0 0 1
    outer loop
      vertex -17.06329479689247 -2.5311006843549904 2
      vertex -17.166936535095395 1.6907956706849203 2
      vertex -17.166936535095395 -1.6907956706849203 2
    endloop
  endfacet
  facet normal 0 0 1
    outer loop
      vertex -17.166936535095395 -1.6907956706849203 2
      vertex -17.229221619539224 0.8464173821479608 2
      vertex -17.229221619539224 -0.8464173821479608 2
    endloop
  endfacet
  facet normal 0 0 1
    outer loop
      vertex -16.241635124407107 -5.811349971015796 2
      vertex -16.23042616333405 -0.7973497078205427 2
      vertex -16.507220791380604 5.007410682639475 2
    endloop
  endfacet
  facet normal 0 0 -1
    outer loop
      vertex -10.943284151822885 -13.334430320507213 0
      vertex -10.275813002494475 13.855329918041125 0
      vertex -10.275813002494475 -13.855329918041125 0
    endloop
  endfacet
  facet normal 0 0 -1
    outer loop
      vertex -10.275813002494475 -13.855329918041125 0
      vertex -9.583586519588138 14.342850812218906 0
      vertex -9.583586519588138 -14.342850812218906 0
    endloop
  endfacet
  facet normal 0 0 -1
    outer loop
      vertex -9.583586519588138 -14.342850812218906 0
      vertex -8.868272337333076 14.795818522504693 0
      vertex -8.868272337333076 -14.795818522504693 0
    endloop
  endfacet
  facet normal 0 0 -1
    outer loop
      vertex -12.197591975467946 -12.197591975467946 0
      vertex -12.781406912373045 -11.584391971111067 0
      vertex -12.197591975467946 12.197591975467946 0
    endloop
  endfacet
  facet normal 0 0 -1
    outer loop
      vertex -12.197591975467946 -12.197591975467946 0
      vertex -11.584391971111067 12.781406912373045 0
      vertex -11.584391971111067 -12.781406912373045 0
    endloop
  endfacet
  facet normal 0 0 -1
    outer loop
      vertex -10.943284151822885 -13.334430320507213 0
      vertex -11.584391971111067 -12.781406912373045 0
      vertex -10.943284151822885 13.334430320507213 0
    endloop
  endfacet
  facet normal -0.44961132965460593 -0.8932243011955157 0
    outer loop
      vertex -8.13159371024846 -15.213141810009125 0
      vertex -7.375325361672366 -15.593815306379398 0
      vertex -7.375325361672366 -15.593815306379398 2
    endloop
  endfacet
  facet normal -0.40524131400498886 -0.9142097557035311 0
    outer loop
      vertex -7.375325361672366 -15.593815306379398 0
      vertex -6.601289208297799 -15.936921935819695 0
      vertex -6.601289208297799 -15.936921935819695 2
    endloop
  endfacet
  facet normal -0.49289819222978454 -0.8700869911087111 0
    outer loop
      vertex -8.868272337333076 -14.795818522504693 0
      vertex -8.13159371024846 -15.213141810009125 0
      vertex -8.13159371024846 -15.213141810009125 2
    endloop
  endfacet
  facet normal -0.3598950365349879 -0.9329927988347388 0
    outer loop
      vertex -6.601289208297799 -15.936921935819695 0
      vertex -5.811349971015796 -16.241635124407107 0
      vertex -5.811349971015796 -16.241635124407107 2
    endloop
  endfacet
  facet normal -0.31368174039889346 -0.9495281805930359 0
    outer loop
      vertex -5.811349971015796 -16.241635124407107 0
      vertex -5.007410682639475 -16.507220791380604 0
      vertex -5.007410682639475 -16.507220791380604 2
    endloop
  endfacet
  facet normal -0.26671275747489753 -0.9637760657954401 0
    outer loop
      vertex -5.007410682639475 -16.507220791380604 0
      vertex -4.191408103331302 -16.733039117605884 0
      vertex -4.191408103331302 -16.733039117605884 2
    endloop
  endfacet
  facet normal -0.44961132965460593 -0.8932243011955157 0
    outer loop
      vertex -8.13159371024846 -15.213141810009125 0
      vertex -7.375325361672366 -15.593815306379398 2
      vertex -8.13159371024846 -15.213141810009125 2
    endloop
  endfacet
  facet normal -0.40524131400498886 -0.9142097557035311 0
    outer loop
      vertex -7.375325361672366 -15.593815306379398 0
      vertex -6.601289208297799 -15.936921935819695 2
      vertex -7.375325361672366 -15.593815306379398 2
    endloop
  endfacet
  facet normal 0 0 1
    outer loop
      vertex -8.13159371024846 -15.213141810009125 2
      vertex -7.375325361672366 -15.593815306379398 2
      vertex -6.947770268242084 -14.689826013255955 2
    endloop
  endfacet
  facet normal 0 0 1
    outer loop
      vertex -7.375325361672366 -15.593815306379398 2
      vertex -6.218605775932709 -15.01304240330841 2
      vertex -6.947770268242084 -14.689826013255955 2
    endloop
  endfacet
  facet normal 0 0 1
    outer loop
      vertex -7.375325361672366 -15.593815306379398 2
      vertex -6.601289208297799 -15.936921935819695 2
      vertex -6.218605775932709 -15.01304240330841 2
    endloop
  endfacet
  facet normal -0.49289819222978454 -0.8700869911087111 0
    outer loop
      vertex -8.868272337333076 -14.795818522504693 0
      vertex -8.13159371024846 -15.213141810009125 2
      vertex -8.868272337333076 -14.795818522504693 2
    endloop
  endfacet
  facet normal 0 0 1
    outer loop
      vertex -8.868272337333076 -14.795818522504693 2
      vertex -8.13159371024846 -15.213141810009125 2
      vertex -7.660196973422462 -14.33122054566077 2
    endloop
  endfacet
  facet normal 0 0 1
    outer loop
      vertex -8.868272337333076 -14.795818522504693 2
      vertex -7.660196973422462 -14.33122054566077 2
      vertex -8.354169593139854 -13.93808991250442 2
    endloop
  endfacet
  facet normal 0 0 1
    outer loop
      vertex -8.13159371024846 -15.213141810009125 2
      vertex -6.947770268242084 -14.689826013255955 2
      vertex -7.660196973422462 -14.33122054566077 2
    endloop
  endfacet
  facet normal -0.31368174039889346 -0.9495281805930359 0
    outer loop
      vertex -5.811349971015796 -16.241635124407107 0
      vertex -5.007410682639475 -16.507220791380604 2
      vertex -5.811349971015796 -16.241635124407107 2
    endloop
  endfacet
  facet normal -0.3598950365349879 -0.9329927988347388 0
    outer loop
      vertex -6.601289208297799 -15.936921935819695 0
      vertex -5.811349971015796 -16.241635124407107 2
      vertex -6.601289208297799 -15.936921935819695 2
    endloop
  endfacet
  facet normal -0.26671275747489753 -0.9637760657954401 0
    outer loop
      vertex -5.007410682639475 -16.507220791380604 0
      vertex -4.191408103331302 -16.733039117605884 2
      vertex -5.007410682639475 -16.507220791380604 2
    endloop
  endfacet
  facet normal 0 0 1
    outer loop
      vertex -6.601289208297799 -15.936921935819695 2
      vertex -5.811349971015796 -16.241635124407107 2
      vertex -5.474460117623575 -15.300091059224089 2
    endloop
  endfacet
  facet normal 0 0 1
    outer loop
      vertex -6.601289208297799 -15.936921935819695 2
      vertex -5.474460117623575 -15.300091059224089 2
      vertex -6.218605775932709 -15.01304240330841 2
    endloop
  endfacet
  facet normal 0 0 1
    outer loop
      vertex -5.007410682639475 -16.507220791380604 2
      vertex -4.191408103331302 -16.733039117605884 2
      vertex -3.9484279234280377 -15.763007864411339 2
    endloop
  endfacet
  facet normal 0 0 1
    outer loop
      vertex -5.811349971015796 -16.241635124407107 2
      vertex -5.007410682639475 -16.507220791380604 2
      vertex -4.717126005385013 -15.550280455648393 2
    endloop
  endfacet
  facet normal 0 0 1
    outer loop
      vertex -5.811349971015796 -16.241635124407107 2
      vertex -4.717126005385013 -15.550280455648393 2
      vertex -5.474460117623575 -15.300091059224089 2
    endloop
  endfacet
  facet normal 0 0 1
    outer loop
      vertex -5.007410682639475 -16.507220791380604 2
      vertex -3.9484279234280377 -15.763007864411339 2
      vertex -4.717126005385013 -15.550280455648393 2
    endloop
  endfacet
  facet normal -0.2191012401568699 -0.9757021300385286 0
    outer loop
      vertex -4.191408103331302 -16.733039117605884 0
      vertex -3.3653080547782124 -16.918546086955725 0
      vertex -3.3653080547782124 -16.918546086955725 2
    endloop
  endfacet
  facet normal -0.17096188876030036 -0.9852776423889414 0
    outer loop
      vertex -3.3653080547782124 -16.918546086955725 0
      vertex -2.5311006843549904 -17.06329479689247 0
      vertex -2.5311006843549904 -17.06329479689247 2
    endloop
  endfacet
  facet normal -0.12241067519921585 -0.9924795345987101 0
    outer loop
      vertex -2.5311006843549904 -17.06329479689247 0
      vertex -1.6907956706849203 -17.166936535095395 0
      vertex -1.6907956706849203 -17.166936535095395 2
    endloop
  endfacet
  facet normal -0.07356456359966916 -0.99729045667869 0
    outer loop
      vertex -1.6907956706849203 -17.166936535095395 0
      vertex -0.8464173821479608 -17.229221619539224 0
      vertex -0.8464173821479608 -17.229221619539224 2
    endloop
  endfacet
  facet normal -0.02454122852291171 -0.9996988186962042 0
    outer loop
      vertex -0.8464173821479608 -17.229221619539224 0
      vertex 0 -17.25 0
      vertex 0 -17.25 2
    endloop
  endfacet
  facet normal -0.2191012401568699 -0.9757021300385286 0
    outer loop
      vertex -4.191408103331302 -16.733039117605884 0
      vertex -3.3653080547782124 -16.918546086955725 2
      vertex -4.191408103331302 -16.733039117605884 2
    endloop
  endfacet
  facet normal -0.17096188876030036 -0.9852776423889414 0
    outer loop
      vertex -3.3653080547782124 -16.918546086955725 0
      vertex -2.5311006843549904 -17.06329479689247 2
      vertex -3.3653080547782124 -16.918546086955725 2
    endloop
  endfacet
  facet normal -0.12241067519921585 -0.9924795345987101 0
    outer loop
      vertex -2.5311006843549904 -17.06329479689247 0
      vertex -1.6907956706849203 -17.166936535095395 2
      vertex -2.5311006843549904 -17.06329479689247 2
    endloop
  endfacet
  facet normal 0 0 1
    outer loop
      vertex -4.191408103331302 -16.733039117605884 2
      vertex -3.3653080547782124 -16.918546086955725 2
      vertex -3.170217732762084 -15.937760806552495 2
    endloop
  endfacet
  facet normal 0 0 1
    outer loop
      vertex -4.191408103331302 -16.733039117605884 2
      vertex -3.170217732762084 -15.937760806552495 2
      vertex -3.9484279234280377 -15.763007864411339 2
    endloop
  endfacet
  facet normal 0 0 1
    outer loop
      vertex -3.3653080547782124 -16.918546086955725 2
      vertex -2.3843702098996284 -16.074118286927693 2
      vertex -3.170217732762084 -15.937760806552495 2
    endloop
  endfacet
  facet normal 0 0 1
    outer loop
      vertex -3.3653080547782124 -16.918546086955725 2
      vertex -2.5311006843549904 -17.06329479689247 2
      vertex -2.3843702098996284 -16.074118286927693 2
    endloop
  endfacet
  facet normal 0 0 1
    outer loop
      vertex -2.5311006843549904 -17.06329479689247 2
      vertex -1.5927785303553599 -16.1717518084232 2
      vertex -2.3843702098996284 -16.074118286927693 2
    endloop
  endfacet
  facet normal -0.07356456359966916 -0.99729045667869 0
    outer loop
      vertex -1.6907956706849203 -17.166936535095395 0
      vertex -0.8464173821479608 -17.229221619539224 2
      vertex -1.6907956706849203 -17.166936535095395 2
    endloop
  endfacet
  facet normal -0.02454122852291171 -0.9996988186962042 0
    outer loop
      vertex -0.8464173821479608 -17.229221619539224 0
      vertex 0 -17.25 2
      vertex -0.8464173821479608 -17.229221619539224 2
    endloop
  endfacet
  facet normal 0 0 1
    outer loop
      vertex -2.5311006843549904 -17.06329479689247 2
      vertex -1.6907956706849203 -17.166936535095395 2
      vertex -1.5927785303553599 -16.1717518084232 2
    endloop
  endfacet
  facet normal 0 0 1
    outer loop
      vertex -1.6907956706849203 -17.166936535095395 2
      vertex -0.8464173821479608 -17.229221619539224 2
      vertex -0.7973497078205427 -16.23042616333405 2
    endloop
  endfacet
  facet normal 0 0 1
    outer loop
      vertex -1.6907956706849203 -17.166936535095395 2
      vertex -0.7973497078205427 -16.23042616333405 2
      vertex -1.5927785303553599 -16.1717518084232 2
    endloop
  endfacet
  facet normal 0 0 1
    outer loop
      vertex -0.8464173821479608 -17.229221619539224 2
      vertex 0 -16.25 2
      vertex -0.7973497078205427 -16.23042616333405 2
    endloop
  endfacet
  facet normal 0 0 1
    outer loop
      vertex -0.8464173821479608 -17.229221619539224 2
      vertex 0 -17.25 2
      vertex 0 -16.25 2
    endloop
  endfacet
  facet normal 0 0 -1
    outer loop
      vertex -8.868272337333076 -14.795818522504693 0
      vertex -8.13159371024846 15.213141810009125 0
      vertex -8.13159371024846 -15.213141810009125 0
    endloop
  endfacet
  facet normal 0 0 -1
    outer loop
      vertex -8.13159371024846 -15.213141810009125 0
      vertex -7.375325361672366 15.593815306379398 0
      vertex -7.375325361672366 -15.593815306379398 0
    endloop
  endfacet
  facet normal 0 0 -1
    outer loop
      vertex -7.375325361672366 -15.593815306379398 0
      vertex -6.601289208297799 15.936921935819695 0
      vertex -6.601289208297799 -15.936921935819695 0
    endloop
  endfacet
  facet normal 0 0 -1
    outer loop
      vertex -6.601289208297799 -15.936921935819695 0
      vertex -5.811349971015796 16.241635124407107 0
      vertex -5.811349971015796 -16.241635124407107 0
    endloop
  endfacet
  facet normal 0 0 -1
    outer loop
      vertex -5.811349971015796 -16.241635124407107 0
      vertex -5.007410682639475 16.507220791380604 0
      vertex -5.007410682639475 -16.507220791380604 0
    endloop
  endfacet
  facet normal 0 0 -1
    outer loop
      vertex -5.007410682639475 -16.507220791380604 0
      vertex -4.191408103331302 16.733039117605884 0
      vertex -4.191408103331302 -16.733039117605884 0
    endloop
  endfacet
  facet normal 0 0 -1
    outer loop
      vertex -4.191408103331302 -16.733039117605884 0
      vertex -3.3653080547782124 16.918546086955725 0
      vertex -3.3653080547782124 -16.918546086955725 0
    endloop
  endfacet
  facet normal 0 0 -1
    outer loop
      vertex -3.3653080547782124 -16.918546086955725 0
      vertex -2.5311006843549904 17.06329479689247 0
      vertex -2.5311006843549904 -17.06329479689247 0
    endloop
  endfacet
  facet normal 0 0 -1
    outer loop
      vertex -2.5311006843549904 -17.06329479689247 0
      vertex -1.6907956706849203 17.166936535095395 0
      vertex -1.6907956706849203 -17.166936535095395 0
    endloop
  endfacet
  facet normal 0 0 -1
    outer loop
      vertex -1.6907956706849203 -17.166936535095395 0
      vertex -0.8464173821479608 17.229221619539224 0
      vertex -0.8464173821479608 -17.229221619539224 0
    endloop
  endfacet
  facet normal 0 0 -1
    outer loop
      vertex -0.8464173821479608 -17.229221619539224 0
      vertex 0 17.25 0
      vertex 0 -17.25 0
    endloop
  endfacet
  facet normal 0 0 -1
    outer loop
      vertex -17.229221619539224 -0.8464173821479608 0
      vertex -17.25 0 0
      vertex -17.229221619539224 0.8464173821479608 0
    endloop
  endfacet
  facet normal 0 0 -1
    outer loop
      vertex -17.229221619539224 -0.8464173821479608 0
      vertex -17.229221619539224 0.8464173821479608 0
      vertex -17.166936535095395 1.6907956706849203 0
    endloop
  endfacet
  facet normal 0 0 -1
    outer loop
      vertex -17.166936535095395 -1.6907956706849203 0
      vertex -17.166936535095395 1.6907956706849203 0
      vertex -17.06329479689247 2.5311006843549904 0
    endloop
  endfacet
  facet normal 0 0 -1
    outer loop
      vertex -17.06329479689247 -2.5311006843549904 0
      vertex -17.06329479689247 2.5311006843549904 0
      vertex -16.918546086955725 3.3653080547782124 0
    endloop
  endfacet
  facet normal 0 0 -1
    outer loop
      vertex -16.918546086955725 -3.3653080547782124 0
      vertex -16.918546086955725 3.3653080547782124 0
      vertex -16.733039117605884 4.191408103331302 0
    endloop
  endfacet
  facet normal 0 0 -1
    outer loop
      vertex -16.733039117605884 -4.191408103331302 0
      vertex -16.733039117605884 4.191408103331302 0
      vertex -16.507220791380604 5.007410682639475 0
    endloop
  endfacet
  facet normal 0 0 -1
    outer loop
      vertex -16.507220791380604 -5.007410682639475 0
      vertex -16.507220791380604 5.007410682639475 0
      vertex -16.241635124407107 5.811349971015796 0
    endloop
  endfacet
  facet normal -0.9996988186962042 0.02454122852291171 0
    outer loop
      vertex -17.25 0 0
      vertex -17.229221619539224 0.8464173821479608 2
      vertex -17.229221619539224 0.8464173821479608 0
    endloop
  endfacet
  facet normal -0.99729045667869 0.07356456359966916 0
    outer loop
      vertex -17.229221619539224 0.8464173821479608 0
      vertex -17.166936535095395 1.6907956706849203 2
      vertex -17.166936535095395 1.6907956706849203 0
    endloop
  endfacet
  facet normal 0 0 -1
    outer loop
      vertex -16.241635124407107 -5.811349971015796 0
      vertex -16.241635124407107 5.811349971015796 0
      vertex -15.936921935819695 6.601289208297799 0
    endloop
  endfacet
  facet normal 0 0 -1
    outer loop
      vertex -15.936921935819695 -6.601289208297799 0
      vertex -15.936921935819695 6.601289208297799 0
      vertex -15.593815306379398 7.375325361672366 0
    endloop
  endfacet
  facet normal 0 0 -1
    outer loop
      vertex -15.593815306379398 -7.375325361672366 0
      vertex -15.593815306379398 7.375325361672366 0
      vertex -15.213141810009125 8.13159371024846 0
    endloop
  endfacet
  facet normal -0.9924795345987101 0.12241067519921585 0
    outer loop
      vertex -17.166936535095395 1.6907956706849203 0
      vertex -17.06329479689247 2.5311006843549904 2
      vertex -17.06329479689247 2.5311006843549904 0
    endloop
  endfacet
  facet normal -0.9852776423889414 0.17096188876030036 0
    outer loop
      vertex -17.06329479689247 2.5311006843549904 0
      vertex -16.918546086955725 3.3653080547782124 2
      vertex -16.918546086955725 3.3653080547782124 0
    endloop
  endfacet
  facet normal -0.9757021300385286 0.2191012401568699 0
    outer loop
      vertex -16.918546086955725 3.3653080547782124 0
      vertex -16.733039117605884 4.191408103331302 2
      vertex -16.733039117605884 4.191408103331302 0
    endloop
  endfacet
  facet normal 0 0 -1
    outer loop
      vertex -15.213141810009125 -8.13159371024846 0
      vertex -15.213141810009125 8.13159371024846 0
      vertex -14.795818522504693 8.868272337333076 0
    endloop
  endfacet
  facet normal 0 0 -1
    outer loop
      vertex -14.795818522504693 -8.868272337333076 0
      vertex -14.795818522504693 8.868272337333076 0
      vertex -14.342850812218906 9.583586519588138 0
    endloop
  endfacet
  facet normal 0 0 -1
    outer loop
      vertex -14.342850812218906 -9.583586519588138 0
      vertex -14.342850812218906 9.583586519588138 0
      vertex -13.855329918041125 10.275813002494475 0
    endloop
  endfacet
  facet normal 0 0 -1
    outer loop
      vertex -13.855329918041125 -10.275813002494475 0
      vertex -13.855329918041125 10.275813002494475 0
      vertex -13.334430320507213 10.943284151822885 0
    endloop
  endfacet
  facet normal 0 0 -1
    outer loop
      vertex -13.334430320507213 -10.943284151822885 0
      vertex -13.334430320507213 10.943284151822885 0
      vertex -12.781406912373045 11.584391971111067 0
    endloop
  endfacet
  facet normal -0.9996988186962042 0.02454122852291171 0
    outer loop
      vertex -17.25 0 0
      vertex -17.25 0 2
      vertex -17.229221619539224 0.8464173821479608 2
    endloop
  endfacet
  facet normal -0.99729045667869 0.07356456359966916 0
    outer loop
      vertex -17.229221619539224 0.8464173821479608 0
      vertex -17.229221619539224 0.8464173821479608 2
      vertex -17.166936535095395 1.6907956706849203 2
    endloop
  endfacet
  facet normal -0.9924795345987101 0.12241067519921585 0
    outer loop
      vertex -17.166936535095395 1.6907956706849203 0
      vertex -17.166936535095395 1.6907956706849203 2
      vertex -17.06329479689247 2.5311006843549904 2
    endloop
  endfacet
  facet normal 0 0 1
    outer loop
      vertex -17.229221619539224 -0.8464173821479608 2
      vertex -17.229221619539224 0.8464173821479608 2
      vertex -17.25 0 2
    endloop
  endfacet
  facet normal 0 0 1
    outer loop
      vertex -17.166936535095395 -1.6907956706849203 2
      vertex -17.166936535095395 1.6907956706849203 2
      vertex -17.229221619539224 0.8464173821479608 2
    endloop
  endfacet
  facet normal 0 0 1
    outer loop
      vertex -17.06329479689247 -2.5311006843549904 2
      vertex -17.06329479689247 2.5311006843549904 2
      vertex -17.166936535095395 1.6907956706849203 2
    endloop
  endfacet
  facet normal 0 0 1
    outer loop
      vertex -16.918546086955725 -3.3653080547782124 2
      vertex -16.918546086955725 3.3653080547782124 2
      vertex -17.06329479689247 2.5311006843549904 2
    endloop
  endfacet
  facet normal 0 0 1
    outer loop
      vertex -16.733039117605884 -4.191408103331302 2
      vertex -16.733039117605884 4.191408103331302 2
      vertex -16.918546086955725 3.3653080547782124 2
    endloop
  endfacet
  facet normal 0 0 1
    outer loop
      vertex -16.507220791380604 -5.007410682639475 2
      vertex -16.507220791380604 5.007410682639475 2
      vertex -16.733039117605884 4.191408103331302 2
    endloop
  endfacet
  facet normal 0 0 1
    outer loop
      vertex -16.23042616333405 -0.7973497078205427 2
      vertex -16.25 0 2
      vertex -16.507220791380604 5.007410682639475 2
    endloop
  endfacet
  facet normal -0.9852776423889414 0.17096188876030036 0
    outer loop
      vertex -17.06329479689247 2.5311006843549904 0
      vertex -17.06329479689247 2.5311006843549904 2
      vertex -16.918546086955725 3.3653080547782124 2
    endloop
  endfacet
  facet normal -0.9757021300385286 0.2191012401568699 0
    outer loop
      vertex -16.918546086955725 3.3653080547782124 0
      vertex -16.918546086955725 3.3653080547782124 2
      vertex -16.733039117605884 4.191408103331302 2
    endloop
  endfacet
  facet normal 0 0 1
    outer loop
      vertex -16.25 0 2
      vertex -16.23042616333405 0.7973497078205427 2
      vertex -16.241635124407107 5.811349971015796 2
    endloop
  endfacet
  facet normal 0 0 1
    outer loop
      vertex -16.23042616333405 0.7973497078205427 2
      vertex -16.1717518084232 1.5927785303553599 2
      vertex -16.241635124407107 5.811349971015796 2
    endloop
  endfacet
  facet normal 0 0 1
    outer loop
      vertex -16.25 0 2
      vertex -16.241635124407107 5.811349971015796 2
      vertex -16.507220791380604 5.007410682639475 2
    endloop
  endfacet
  facet normal 0 0 1
    outer loop
      vertex -16.1717518084232 1.5927785303553599 2
      vertex -16.074118286927693 2.3843702098996284 2
      vertex -16.241635124407107 5.811349971015796 2
    endloop
  endfacet
  facet normal 0 0 1
    outer loop
      vertex -16.074118286927693 2.3843702098996284 2
      vertex -15.937760806552495 3.170217732762084 2
      vertex -16.241635124407107 5.811349971015796 2
    endloop
  endfacet
  facet normal -0.9637760657954401 0.26671275747489753 0
    outer loop
      vertex -16.733039117605884 4.191408103331302 0
      vertex -16.507220791380604 5.007410682639475 2
      vertex -16.507220791380604 5.007410682639475 0
    endloop
  endfacet
  facet normal -0.9495281805930359 0.31368174039889346 0
    outer loop
      vertex -16.507220791380604 5.007410682639475 0
      vertex -16.241635124407107 5.811349971015796 2
      vertex -16.241635124407107 5.811349971015796 0
    endloop
  endfacet
  facet normal -0.9329927988347388 0.3598950365349879 0
    outer loop
      vertex -16.241635124407107 5.811349971015796 0
      vertex -15.936921935819695 6.601289208297799 2
      vertex -15.936921935819695 6.601289208297799 0
    endloop
  endfacet
  facet normal -0.9142097557035311 0.40524131400498886 0
    outer loop
      vertex -15.936921935819695 6.601289208297799 0
      vertex -15.593815306379398 7.375325361672366 2
      vertex -15.593815306379398 7.375325361672366 0
    endloop
  endfacet
  facet normal -0.8932243011955157 0.44961132965460593 0
    outer loop
      vertex -15.593815306379398 7.375325361672366 0
      vertex -15.213141810009125 8.13159371024846 2
      vertex -15.213141810009125 8.13159371024846 0
    endloop
  endfacet
  facet normal -0.8700869911087111 0.49289819222978454 0
    outer loop
      vertex -15.213141810009125 8.13159371024846 0
      vertex -14.795818522504693 8.868272337333076 2
      vertex -14.795818522504693 8.868272337333076 0
    endloop
  endfacet
  facet normal -0.9637760657954401 0.26671275747489753 0
    outer loop
      vertex -16.733039117605884 4.191408103331302 0
      vertex -16.733039117605884 4.191408103331302 2
      vertex -16.507220791380604 5.007410682639475 2
    endloop
  endfacet
  facet normal -0.9495281805930359 0.31368174039889346 0
    outer loop
      vertex -16.507220791380604 5.007410682639475 0
      vertex -16.507220791380604 5.007410682639475 2
      vertex -16.241635124407107 5.811349971015796 2
    endloop
  endfacet
  facet normal -0.9329927988347388 0.3598950365349879 0
    outer loop
      vertex -16.241635124407107 5.811349971015796 0
      vertex -16.241635124407107 5.811349971015796 2
      vertex -15.936921935819695 6.601289208297799 2
    endloop
  endfacet
  facet normal 0 0 1
    outer loop
      vertex -15.937760806552495 3.170217732762084 2
      vertex -15.763007864411339 3.9484279234280377 2
      vertex -15.936921935819695 6.601289208297799 2
    endloop
  endfacet
  facet normal 0 0 1
    outer loop
      vertex -15.937760806552495 3.170217732762084 2
      vertex -15.936921935819695 6.601289208297799 2
      vertex -16.241635124407107 5.811349971015796 2
    endloop
  endfacet
  facet normal 0 0 1
    outer loop
      vertex -15.763007864411339 3.9484279234280377 2
      vertex -15.550280455648393 4.717126005385013 2
      vertex -15.593815306379398 7.375325361672366 2
    endloop
  endfacet
  facet normal 0 0 1
    outer loop
      vertex -15.763007864411339 3.9484279234280377 2
      vertex -15.593815306379398 7.375325361672366 2
      vertex -15.936921935819695 6.601289208297799 2
    endloop
  endfacet
  facet normal 0 0 1
    outer loop
      vertex -15.550280455648393 4.717126005385013 2
      vertex -15.300091059224089 5.474460117623575 2
      vertex -15.593815306379398 7.375325361672366 2
    endloop
  endfacet
  facet normal -0.9142097557035311 0.40524131400498886 0
    outer loop
      vertex -15.936921935819695 6.601289208297799 0
      vertex -15.936921935819695 6.601289208297799 2
      vertex -15.593815306379398 7.375325361672366 2
    endloop
  endfacet
  facet normal -0.8932243011955157 0.44961132965460593 0
    outer loop
      vertex -15.593815306379398 7.375325361672366 0
      vertex -15.593815306379398 7.375325361672366 2
      vertex -15.213141810009125 8.13159371024846 2
    endloop
  endfacet
  facet normal 0 0 1
    outer loop
      vertex -15.300091059224089 5.474460117623575 2
      vertex -15.213141810009125 8.13159371024846 2
      vertex -15.593815306379398 7.375325361672366 2
    endloop
  endfacet
  facet normal 0 0 1
    outer loop
      vertex -15.300091059224089 5.474460117623575 2
      vertex -15.01304240330841 6.218605775932709 2
      vertex -15.213141810009125 8.13159371024846 2
    endloop
  endfacet
  facet normal -0.8700869911087111 0.49289819222978454 0
    outer loop
      vertex -15.213141810009125 8.13159371024846 0
      vertex -15.213141810009125 8.13159371024846 2
      vertex -14.795818522504693 8.868272337333076 2
    endloop
  endfacet
  facet normal 0 0 1
    outer loop
      vertex -15.01304240330841 6.218605775932709 2
      vertex -14.689826013255955 6.947770268242084 2
      vertex -14.795818522504693 8.868272337333076 2
    endloop
  endfacet
  facet normal 0 0 1
    outer loop
      vertex -15.213141810009125 8.13159371024846 2
      vertex -15.01304240330841 6.218605775932709 2
      vertex -14.795818522504693 8.868272337333076 2
    endloop
  endfacet
  facet normal 0 0 1
    outer loop
      vertex -14.689826013255955 6.947770268242084 2
      vertex -14.342850812218906 9.583586519588138 2
      vertex -14.795818522504693 8.868272337333076 2
    endloop
  endfacet
  facet normal 0 0 1
    outer loop
      vertex -14.689826013255955 6.947770268242084 2
      vertex -14.33122054566077 7.660196973422462 2
      vertex -14.342850812218906 9.583586519588138 2
    endloop
  endfacet
  facet normal 0 0 1
    outer loop
      vertex -14.33122054566077 7.660196973422462 2
      vertex -13.93808991250442 8.354169593139854 2
      vertex -14.342850812218906 9.583586519588138 2
    endloop
  endfacet
  facet normal 0 0 -1
    outer loop
      vertex -12.781406912373045 -11.584391971111067 0
      vertex -12.781406912373045 11.584391971111067 0
      vertex -12.197591975467946 12.197591975467946 0
    endloop
  endfacet
  facet normal 0 0 -1
    outer loop
      vertex -12.197591975467946 -12.197591975467946 0
      vertex -12.197591975467946 12.197591975467946 0
      vertex -11.584391971111067 12.781406912373045 0
    endloop
  endfacet
  facet normal 0 0 -1
    outer loop
      vertex -11.584391971111067 -12.781406912373045 0
      vertex -11.584391971111067 12.781406912373045 0
      vertex -10.943284151822885 13.334430320507213 0
    endloop
  endfacet
  facet normal 0 0 -1
    outer loop
      vertex -10.943284151822885 -13.334430320507213 0
      vertex -10.943284151822885 13.334430320507213 0
      vertex -10.275813002494475 13.855329918041125 0
    endloop
  endfacet
  facet normal 0 0 -1
    outer loop
      vertex -10.275813002494475 -13.855329918041125 0
      vertex -10.275813002494475 13.855329918041125 0
      vertex -9.583586519588138 14.342850812218906 0
    endloop
  endfacet
  facet normal 0 0 -1
    outer loop
      vertex -9.583586519588138 -14.342850812218906 0
      vertex -9.583586519588138 14.342850812218906 0
      vertex -8.868272337333076 14.795818522504693 0
    endloop
  endfacet
  facet normal -0.8448535652497071 0.5349976198870972 0
    outer loop
      vertex -14.795818522504693 8.868272337333076 0
      vertex -14.342850812218906 9.583586519588138 2
      vertex -14.342850812218906 9.583586519588138 0
    endloop
  endfacet
  facet normal -0.8175848131515837 0.5758081914178452 0
    outer loop
      vertex -14.342850812218906 9.583586519588138 0
      vertex -13.855329918041125 10.275813002494475 2
      vertex -13.855329918041125 10.275813002494475 0
    endloop
  endfacet
  facet normal -0.7883464276266064 0.6152315905806267 0
    outer loop
      vertex -13.855329918041125 10.275813002494475 0
      vertex -13.334430320507213 10.943284151822885 2
      vertex -13.334430320507213 10.943284151822885 0
    endloop
  endfacet
  facet normal -0.7572088465064846 0.6531728429537768 0
    outer loop
      vertex -13.334430320507213 10.943284151822885 0
      vertex -12.781406912373045 11.584391971111067 2
      vertex -12.781406912373045 11.584391971111067 0
    endloop
  endfacet
  facet normal -0.8448535652497071 0.5349976198870972 0
    outer loop
      vertex -14.795818522504693 8.868272337333076 0
      vertex -14.795818522504693 8.868272337333076 2
      vertex -14.342850812218906 9.583586519588138 2
    endloop
  endfacet
  facet normal -0.8175848131515837 0.5758081914178452 0
    outer loop
      vertex -14.342850812218906 9.583586519588138 0
      vertex -14.342850812218906 9.583586519588138 2
      vertex -13.855329918041125 10.275813002494475 2
    endloop
  endfacet
  facet normal -0.7883464276266064 0.6152315905806267 0
    outer loop
      vertex -13.855329918041125 10.275813002494475 0
      vertex -13.855329918041125 10.275813002494475 2
      vertex -13.334430320507213 10.943284151822885 2
    endloop
  endfacet
  facet normal 0 0 1
    outer loop
      vertex -13.93808991250442 8.354169593139854 2
      vertex -13.855329918041125 10.275813002494475 2
      vertex -14.342850812218906 9.583586519588138 2
    endloop
  endfacet
  facet normal 0 0 1
    outer loop
      vertex -13.93808991250442 8.354169593139854 2
      vertex -13.51138119991636 9.028016286568535 2
      vertex -13.855329918041125 10.275813002494475 2
    endloop
  endfacet
  facet normal 0 0 1
    outer loop
      vertex -13.51138119991636 9.028016286568535 2
      vertex -13.334430320507213 10.943284151822885 2
      vertex -13.855329918041125 10.275813002494475 2
    endloop
  endfacet
  facet normal 0 0 1
    outer loop
      vertex -13.51138119991636 9.028016286568535 2
      vertex -13.05212238656048 9.680113698002042 2
      vertex -13.334430320507213 10.943284151822885 2
    endloop
  endfacet
  facet normal 0 0 1
    outer loop
      vertex -13.05212238656048 9.680113698002042 2
      vertex -12.781406912373045 11.584391971111067 2
      vertex -13.334430320507213 10.943284151822885 2
    endloop
  endfacet
  facet normal -0.7572088465064846 0.6531728429537768 0
    outer loop
      vertex -13.334430320507213 10.943284151822885 0
      vertex -13.334430320507213 10.943284151822885 2
      vertex -12.781406912373045 11.584391971111067 2
    endloop
  endfacet
  facet normal -0.7242470829514674 0.6895405447370663 0
    outer loop
      vertex -12.781406912373045 11.584391971111067 0
      vertex -12.197591975467946 12.197591975467946 2
      vertex -12.197591975467946 12.197591975467946 0
    endloop
  endfacet
  facet normal -0.6895405447370663 0.7242470829514674 0
    outer loop
      vertex -12.197591975467946 12.197591975467946 0
      vertex -12.197591975467946 12.197591975467946 2
      vertex -11.584391971111067 12.781406912373045 0
    endloop
  endfacet
  facet normal 0 0 1
    outer loop
      vertex -13.05212238656048 9.680113698002042 2
      vertex -12.561419867144476 10.308890867659239 2
      vertex -12.781406912373045 11.584391971111067 2
    endloop
  endfacet
  facet normal -0.7242470829514674 0.6895405447370663 0
    outer loop
      vertex -12.781406912373045 11.584391971111067 0
      vertex -12.781406912373045 11.584391971111067 2
      vertex -12.197591975467946 12.197591975467946 2
    endloop
  endfacet
  facet normal -0.6895405447370663 0.7242470829514674 0
    outer loop
      vertex -11.584391971111067 12.781406912373045 0
      vertex -12.197591975467946 12.197591975467946 2
      vertex -11.584391971111067 12.781406912373045 2
    endloop
  endfacet
  facet normal 0 0 1
    outer loop
      vertex -12.561419867144476 10.308890867659239 2
      vertex -12.197591975467946 12.197591975467946 2
      vertex -12.781406912373045 11.584391971111067 2
    endloop
  endfacet
  facet normal 0 0 1
    outer loop
      vertex -12.561419867144476 10.308890867659239 2
      vertex -12.040455787018086 10.912833016264049 2
      vertex -12.197591975467946 12.197591975467946 2
    endloop
  endfacet
  facet normal 0 0 1
    outer loop
      vertex -12.040455787018086 10.912833016264049 2
      vertex -11.584391971111067 12.781406912373045 2
      vertex -12.197591975467946 12.197591975467946 2
    endloop
  endfacet
  facet normal 0 0 1
    outer loop
      vertex -12.040455787018086 10.912833016264049 2
      vertex -11.490485194281398 11.490485194281398 2
      vertex -11.584391971111067 12.781406912373045 2
    endloop
  endfacet
  facet normal 0 0 1
    outer loop
      vertex -11.490485194281398 11.490485194281398 2
      vertex -10.943284151822885 13.334430320507213 2
      vertex -11.584391971111067 12.781406912373045 2
    endloop
  endfacet
  facet normal 0 0 1
    outer loop
      vertex -11.490485194281398 11.490485194281398 2
      vertex -10.912833016264049 12.040455787018086 2
      vertex -10.943284151822885 13.334430320507213 2
    endloop
  endfacet
  facet normal 0 0 1
    outer loop
      vertex -10.912833016264049 12.040455787018086 2
      vertex -10.308890867659239 12.561419867144476 2
      vertex -10.943284151822885 13.334430320507213 2
    endloop
  endfacet
  facet normal -0.6531728429537768 0.7572088465064846 0
    outer loop
      vertex -11.584391971111067 12.781406912373045 0
      vertex -11.584391971111067 12.781406912373045 2
      vertex -10.943284151822885 13.334430320507213 0
    endloop
  endfacet
  facet normal -0.6152315905806267 0.7883464276266064 0
    outer loop
      vertex -10.943284151822885 13.334430320507213 0
      vertex -10.943284151822885 13.334430320507213 2
      vertex -10.275813002494475 13.855329918041125 0
    endloop
  endfacet
  facet normal -0.5758081914178452 0.8175848131515837 0
    outer loop
      vertex -10.275813002494475 13.855329918041125 0
      vertex -10.275813002494475 13.855329918041125 2
      vertex -9.583586519588138 14.342850812218906 0
    endloop
  endfacet
  facet normal -0.5349976198870972 0.8448535652497071 0
    outer loop
      vertex -9.583586519588138 14.342850812218906 0
      vertex -9.583586519588138 14.342850812218906 2
      vertex -8.868272337333076 14.795818522504693 0
    endloop
  endfacet
  facet normal -0.6531728429537768 0.7572088465064846 0
    outer loop
      vertex -11.584391971111067 12.781406912373045 2
      vertex -10.943284151822885 13.334430320507213 2
      vertex -10.943284151822885 13.334430320507213 0
    endloop
  endfacet
  facet normal -0.6152315905806267 0.7883464276266064 0
    outer loop
      vertex -10.275813002494475 13.855329918041125 0
      vertex -10.943284151822885 13.334430320507213 2
      vertex -10.275813002494475 13.855329918041125 2
    endloop
  endfacet
  facet normal -0.5758081914178452 0.8175848131515837 0
    outer loop
      vertex -9.583586519588138 14.342850812218906 0
      vertex -10.275813002494475 13.855329918041125 2
      vertex -9.583586519588138 14.342850812218906 2
    endloop
  endfacet
  facet normal -0.5349976198870972 0.8448535652497071 0
    outer loop
      vertex -8.868272337333076 14.795818522504693 0
      vertex -9.583586519588138 14.342850812218906 2
      vertex -8.868272337333076 14.795818522504693 2
    endloop
  endfacet
  facet normal 0 0 1
    outer loop
      vertex -10.308890867659239 12.561419867144476 2
      vertex -10.275813002494475 13.855329918041125 2
      vertex -10.943284151822885 13.334430320507213 2
    endloop
  endfacet
  facet normal 0 0 1
    outer loop
      vertex -10.308890867659239 12.561419867144476 2
      vertex -9.680113698002042 13.05212238656048 2
      vertex -10.275813002494475 13.855329918041125 2
    endloop
  endfacet
  facet normal 0 0 1
    outer loop
      vertex -10.275813002494475 13.855329918041125 2
      vertex -9.680113698002042 13.05212238656048 2
      vertex -9.583586519588138 14.342850812218906 2
    endloop
  endfacet
  facet normal 0 0 1
    outer loop
      vertex -9.680113698002042 13.05212238656048 2
      vertex -9.028016286568535 13.51138119991636 2
      vertex -9.583586519588138 14.342850812218906 2
    endloop
  endfacet
  facet normal 0 0 1
    outer loop
      vertex -9.028016286568535 13.51138119991636 2
      vertex -8.868272337333076 14.795818522504693 2
      vertex -9.583586519588138 14.342850812218906 2
    endloop
  endfacet
  facet normal 0 0 1
    outer loop
      vertex -9.028016286568535 13.51138119991636 2
      vertex -8.354169593139854 13.93808991250442 2
      vertex -8.868272337333076 14.795818522504693 2
    endloop
  endfacet
  facet normal 0 0 -1
    outer loop
      vertex -8.868272337333076 -14.795818522504693 0
      vertex -8.868272337333076 14.795818522504693 0
      vertex -8.13159371024846 15.213141810009125 0
    endloop
  endfacet
  facet normal 0 0 -1
    outer loop
      vertex -8.13159371024846 -15.213141810009125 0
      vertex -8.13159371024846 15.213141810009125 0
      vertex -7.375325361672366 15.593815306379398 0
    endloop
  endfacet
  facet normal 0 0 -1
    outer loop
      vertex -7.375325361672366 -15.593815306379398 0
      vertex -7.375325361672366 15.593815306379398 0
      vertex -6.601289208297799 15.936921935819695 0
    endloop
  endfacet
  facet normal 0 0 -1
    outer loop
      vertex -6.601289208297799 -15.936921935819695 0
      vertex -6.601289208297799 15.936921935819695 0
      vertex -5.811349971015796 16.241635124407107 0
    endloop
  endfacet
  facet normal 0 0 -1
    outer loop
      vertex -5.811349971015796 -16.241635124407107 0
      vertex -5.811349971015796 16.241635124407107 0
      vertex -5.007410682639475 16.507220791380604 0
    endloop
  endfacet
  facet normal 0 0 -1
    outer loop
      vertex -5.007410682639475 -16.507220791380604 0
      vertex -5.007410682639475 16.507220791380604 0
      vertex -4.191408103331302 16.733039117605884 0
    endloop
  endfacet
  facet normal 0 0 -1
    outer loop
      vertex -4.191408103331302 -16.733039117605884 0
      vertex -4.191408103331302 16.733039117605884 0
      vertex -3.3653080547782124 16.918546086955725 0
    endloop
  endfacet
  facet normal 0 0 -1
    outer loop
      vertex -3.3653080547782124 -16.918546086955725 0
      vertex -3.3653080547782124 16.918546086955725 0
      vertex -2.5311006843549904 17.06329479689247 0
    endloop
  endfacet
  facet normal 0 0 -1
    outer loop
      vertex -2.5311006843549904 -17.06329479689247 0
      vertex -2.5311006843549904 17.06329479689247 0
      vertex -1.6907956706849203 17.166936535095395 0
    endloop
  endfacet
  facet normal 0 0 -1
    outer loop
      vertex -1.6907956706849203 -17.166936535095395 0
      vertex -1.6907956706849203 17.166936535095395 0
      vertex -0.8464173821479608 17.229221619539224 0
    endloop
  endfacet
  facet normal 0 0 -1
    outer loop
      vertex -0.8464173821479608 -17.229221619539224 0
      vertex -0.8464173821479608 17.229221619539224 0
      vertex 0 17.25 0
    endloop
  endfacet
  facet normal -0.49289819222978454 0.8700869911087111 0
    outer loop
      vertex -8.868272337333076 14.795818522504693 0
      vertex -8.868272337333076 14.795818522504693 2
      vertex -8.13159371024846 15.213141810009125 0
    endloop
  endfacet
  facet normal -0.44961132965460593 0.8932243011955157 0
    outer loop
      vertex -8.13159371024846 15.213141810009125 0
      vertex -8.13159371024846 15.213141810009125 2
      vertex -7.375325361672366 15.593815306379398 0
    endloop
  endfacet
  facet normal -0.40524131400498886 0.9142097557035311 0
    outer loop
      vertex -7.375325361672366 15.593815306379398 0
      vertex -7.375325361672366 15.593815306379398 2
      vertex -6.601289208297799 15.936921935819695 0
    endloop
  endfacet
  facet normal -0.3598950365349879 0.9329927988347388 0
    outer loop
      vertex -6.601289208297799 15.936921935819695 0
      vertex -6.601289208297799 15.936921935819695 2
      vertex -5.811349971015796 16.241635124407107 0
    endloop
  endfacet
  facet normal -0.31368174039889346 0.9495281805930359 0
    outer loop
      vertex -5.811349971015796 16.241635124407107 0
      vertex -5.811349971015796 16.241635124407107 2
      vertex -5.007410682639475 16.507220791380604 0
    endloop
  endfacet
  facet normal -0.26671275747489753 0.9637760657954401 0
    outer loop
      vertex -5.007410682639475 16.507220791380604 0
      vertex -5.007410682639475 16.507220791380604 2
      vertex -4.191408103331302 16.733039117605884 0
    endloop
  endfacet
  facet normal -0.49289819222978454 0.8700869911087111 0
    outer loop
      vertex -8.868272337333076 14.795818522504693 2
      vertex -8.13159371024846 15.213141810009125 2
      vertex -8.13159371024846 15.213141810009125 0
    endloop
  endfacet
  facet normal 0 0 1
    outer loop
      vertex -8.868272337333076 14.795818522504693 2
      vertex -8.354169593139854 13.93808991250442 2
      vertex -8.13159371024846 15.213141810009125 2
    endloop
  endfacet
  facet normal 0 0 1
    outer loop
      vertex -8.354169593139854 13.93808991250442 2
      vertex -7.660196973422462 14.33122054566077 2
      vertex -8.13159371024846 15.213141810009125 2
    endloop
  endfacet
  facet normal 0 0 1
    outer loop
      vertex -7.660196973422462 14.33122054566077 2
      vertex -7.375325361672366 15.593815306379398 2
      vertex -8.13159371024846 15.213141810009125 2
    endloop
  endfacet
  facet normal 0 0 1
    outer loop
      vertex -7.660196973422462 14.33122054566077 2
      vertex -6.947770268242084 14.689826013255955 2
      vertex -7.375325361672366 15.593815306379398 2
    endloop
  endfacet
  facet normal -0.44961132965460593 0.8932243011955157 0
    outer loop
      vertex -7.375325361672366 15.593815306379398 0
      vertex -8.13159371024846 15.213141810009125 2
      vertex -7.375325361672366 15.593815306379398 2
    endloop
  endfacet
  facet normal -0.40524131400498886 0.9142097557035311 0
    outer loop
      vertex -6.601289208297799 15.936921935819695 0
      vertex -7.375325361672366 15.593815306379398 2
      vertex -6.601289208297799 15.936921935819695 2
    endloop
  endfacet
  facet normal 0 0 1
    outer loop
      vertex -6.947770268242084 14.689826013255955 2
      vertex -6.601289208297799 15.936921935819695 2
      vertex -7.375325361672366 15.593815306379398 2
    endloop
  endfacet
  facet normal 0 0 1
    outer loop
      vertex -6.947770268242084 14.689826013255955 2
      vertex -6.218605775932709 15.01304240330841 2
      vertex -6.601289208297799 15.936921935819695 2
    endloop
  endfacet
  facet normal -0.3598950365349879 0.9329927988347388 0
    outer loop
      vertex -5.811349971015796 16.241635124407107 0
      vertex -6.601289208297799 15.936921935819695 2
      vertex -5.811349971015796 16.241635124407107 2
    endloop
  endfacet
  facet normal -0.31368174039889346 0.9495281805930359 0
    outer loop
      vertex -5.007410682639475 16.507220791380604 0
      vertex -5.811349971015796 16.241635124407107 2
      vertex -5.007410682639475 16.507220791380604 2
    endloop
  endfacet
  facet normal -0.26671275747489753 0.9637760657954401 0
    outer loop
      vertex -5.007410682639475 16.507220791380604 2
      vertex -4.191408103331302 16.733039117605884 2
      vertex -4.191408103331302 16.733039117605884 0
    endloop
  endfacet
  facet normal 0 0 1
    outer loop
      vertex -6.601289208297799 15.936921935819695 2
      vertex -6.218605775932709 15.01304240330841 2
      vertex -5.811349971015796 16.241635124407107 2
    endloop
  endfacet
  facet normal 0 0 1
    outer loop
      vertex -6.218605775932709 15.01304240330841 2
      vertex -5.474460117623575 15.300091059224089 2
      vertex -5.811349971015796 16.241635124407107 2
    endloop
  endfacet
  facet normal 0 0 1
    outer loop
      vertex -5.474460117623575 15.300091059224089 2
      vertex -5.007410682639475 16.507220791380604 2
      vertex -5.811349971015796 16.241635124407107 2
    endloop
  endfacet
  facet normal 0 0 1
    outer loop
      vertex -5.474460117623575 15.300091059224089 2
      vertex -4.717126005385013 15.550280455648393 2
      vertex -5.007410682639475 16.507220791380604 2
    endloop
  endfacet
  facet normal 0 0 1
    outer loop
      vertex -4.717126005385013 15.550280455648393 2
      vertex -4.191408103331302 16.733039117605884 2
      vertex -5.007410682639475 16.507220791380604 2
    endloop
  endfacet
  facet normal -0.2191012401568699 0.9757021300385286 0
    outer loop
      vertex -4.191408103331302 16.733039117605884 0
      vertex -4.191408103331302 16.733039117605884 2
      vertex -3.3653080547782124 16.918546086955725 0
    endloop
  endfacet
  facet normal -0.17096188876030036 0.9852776423889414 0
    outer loop
      vertex -3.3653080547782124 16.918546086955725 0
      vertex -3.3653080547782124 16.918546086955725 2
      vertex -2.5311006843549904 17.06329479689247 0
    endloop
  endfacet
  facet normal -0.12241067519921585 0.9924795345987101 0
    outer loop
      vertex -2.5311006843549904 17.06329479689247 0
      vertex -2.5311006843549904 17.06329479689247 2
      vertex -1.6907956706849203 17.166936535095395 0
    endloop
  endfacet
  facet normal -0.07356456359966916 0.99729045667869 0
    outer loop
      vertex -1.6907956706849203 17.166936535095395 0
      vertex -1.6907956706849203 17.166936535095395 2
      vertex -0.8464173821479608 17.229221619539224 0
    endloop
  endfacet
  facet normal -0.02454122852291171 0.9996988186962042 0
    outer loop
      vertex -0.8464173821479608 17.229221619539224 0
      vertex -0.8464173821479608 17.229221619539224 2
      vertex 0 17.25 0
    endloop
  endfacet
  facet normal -0.2191012401568699 0.9757021300385286 0
    outer loop
      vertex -3.3653080547782124 16.918546086955725 0
      vertex -4.191408103331302 16.733039117605884 2
      vertex -3.3653080547782124 16.918546086955725 2
    endloop
  endfacet
  facet normal -0.17096188876030036 0.9852776423889414 0
    outer loop
      vertex -2.5311006843549904 17.06329479689247 0
      vertex -3.3653080547782124 16.918546086955725 2
      vertex -2.5311006843549904 17.06329479689247 2
    endloop
  endfacet
  facet normal 0 0 1
    outer loop
      vertex -4.717126005385013 15.550280455648393 2
      vertex -3.9484279234280377 15.763007864411339 2
      vertex -4.191408103331302 16.733039117605884 2
    endloop
  endfacet
  facet normal 0 0 1
    outer loop
      vertex -3.9484279234280377 15.763007864411339 2
      vertex -3.3653080547782124 16.918546086955725 2
      vertex -4.191408103331302 16.733039117605884 2
    endloop
  endfacet
  facet normal 0 0 1
    outer loop
      vertex -3.9484279234280377 15.763007864411339 2
      vertex -3.170217732762084 15.937760806552495 2
      vertex -3.3653080547782124 16.918546086955725 2
    endloop
  endfacet
  facet normal 0 0 1
    outer loop
      vertex -3.3653080547782124 16.918546086955725 2
      vertex -3.170217732762084 15.937760806552495 2
      vertex -2.5311006843549904 17.06329479689247 2
    endloop
  endfacet
  facet normal 0 0 1
    outer loop
      vertex -3.170217732762084 15.937760806552495 2
      vertex -2.3843702098996284 16.074118286927693 2
      vertex -2.5311006843549904 17.06329479689247 2
    endloop
  endfacet
  facet normal 0 0 1
    outer loop
      vertex -2.3843702098996284 16.074118286927693 2
      vertex -1.6907956706849203 17.166936535095395 2
      vertex -2.5311006843549904 17.06329479689247 2
    endloop
  endfacet
  facet normal -0.12241067519921585 0.9924795345987101 0
    outer loop
      vertex -1.6907956706849203 17.166936535095395 0
      vertex -2.5311006843549904 17.06329479689247 2
      vertex -1.6907956706849203 17.166936535095395 2
    endloop
  endfacet
  facet normal -0.07356456359966916 0.99729045667869 0
    outer loop
      vertex -0.8464173821479608 17.229221619539224 0
      vertex -1.6907956706849203 17.166936535095395 2
      vertex -0.8464173821479608 17.229221619539224 2
    endloop
  endfacet
  facet normal -0.02454122852291171 0.9996988186962042 0
    outer loop
      vertex -0.8464173821479608 17.229221619539224 2
      vertex 0 17.25 2
      vertex 0 17.25 0
    endloop
  endfacet
  facet normal 0 0 1
    outer loop
      vertex -2.3843702098996284 16.074118286927693 2
      vertex -1.5927785303553599 16.1717518084232 2
      vertex -1.6907956706849203 17.166936535095395 2
    endloop
  endfacet
  facet normal 0 0 1
    outer loop
      vertex -1.5927785303553599 16.1717518084232 2
      vertex -0.7973497078205427 16.23042616333405 2
      vertex -0.8464173821479608 17.229221619539224 2
    endloop
  endfacet
  facet normal 0 0 1
    outer loop
      vertex -1.5927785303553599 16.1717518084232 2
      vertex -0.8464173821479608 17.229221619539224 2
      vertex -1.6907956706849203 17.166936535095395 2
    endloop
  endfacet
  facet normal 0 0 1
    outer loop
      vertex -0.7973497078205427 16.23042616333405 2
      vertex 0 17.25 2
      vertex -0.8464173821479608 17.229221619539224 2
    endloop
  endfacet
  facet normal 0 0 1
    outer loop
      vertex -0.7973497078205427 16.23042616333405 2
      vertex 0 16.25 2
      vertex 0 17.25 2
    endloop
  endfacet
  facet normal 0.02454122852291171 -0.9996988186962042 0
    outer loop
      vertex 0 -17.25 0
      vertex 0.8464173821479608 -17.229221619539224 0
      vertex 0.8464173821479608 -17.229221619539224 2
    endloop
  endfacet
  facet normal 0.07356456359966916 -0.99729045667869 0
    outer loop
      vertex 0.8464173821479608 -17.229221619539224 0
      vertex 1.6907956706849203 -17.166936535095395 0
      vertex 1.6907956706849203 -17.166936535095395 2
    endloop
  endfacet
  facet normal 0.12241067519921585 -0.9924795345987101 0
    outer loop
      vertex 1.6907956706849203 -17.166936535095395 0
      vertex 2.5311006843549904 -17.06329479689247 0
      vertex 2.5311006843549904 -17.06329479689247 2
    endloop
  endfacet
  facet normal 0.17096188876030036 -0.9852776423889414 0
    outer loop
      vertex 2.5311006843549904 -17.06329479689247 0
      vertex 3.3653080547782124 -16.918546086955725 0
      vertex 3.3653080547782124 -16.918546086955725 2
    endloop
  endfacet
  facet normal 0.2191012401568699 -0.9757021300385286 0
    outer loop
      vertex 3.3653080547782124 -16.918546086955725 0
      vertex 4.191408103331302 -16.733039117605884 0
      vertex 4.191408103331302 -16.733039117605884 2
    endloop
  endfacet
  facet normal 0.02454122852291171 -0.9996988186962042 0
    outer loop
      vertex 0 -17.25 0
      vertex 0.8464173821479608 -17.229221619539224 2
      vertex 0 -17.25 2
    endloop
  endfacet
  facet normal 0.07356456359966916 -0.99729045667869 0
    outer loop
      vertex 0.8464173821479608 -17.229221619539224 0
      vertex 1.6907956706849203 -17.166936535095395 2
      vertex 0.8464173821479608 -17.229221619539224 2
    endloop
  endfacet
  facet normal 0.12241067519921585 -0.9924795345987101 0
    outer loop
      vertex 1.6907956706849203 -17.166936535095395 0
      vertex 2.5311006843549904 -17.06329479689247 2
      vertex 1.6907956706849203 -17.166936535095395 2
    endloop
  endfacet
  facet normal 0 0 1
    outer loop
      vertex 0 -17.25 2
      vertex 0.7973497078205427 -16.23042616333405 2
      vertex 0 -16.25 2
    endloop
  endfacet
  facet normal 0 0 1
    outer loop
      vertex 0 -17.25 2
      vertex 0.8464173821479608 -17.229221619539224 2
      vertex 0.7973497078205427 -16.23042616333405 2
    endloop
  endfacet
  facet normal 0 0 1
    outer loop
      vertex 0.8464173821479608 -17.229221619539224 2
      vertex 1.6907956706849203 -17.166936535095395 2
      vertex 1.5927785303553599 -16.1717518084232 2
    endloop
  endfacet
  facet normal 0 0 1
    outer loop
      vertex 0.8464173821479608 -17.229221619539224 2
      vertex 1.5927785303553599 -16.1717518084232 2
      vertex 0.7973497078205427 -16.23042616333405 2
    endloop
  endfacet
  facet normal 0 0 1
    outer loop
      vertex 1.6907956706849203 -17.166936535095395 2
      vertex 2.3843702098996284 -16.074118286927693 2
      vertex 1.5927785303553599 -16.1717518084232 2
    endloop
  endfacet
  facet normal 0.17096188876030036 -0.9852776423889414 0
    outer loop
      vertex 2.5311006843549904 -17.06329479689247 0
      vertex 3.3653080547782124 -16.918546086955725 2
      vertex 2.5311006843549904 -17.06329479689247 2
    endloop
  endfacet
  facet normal 0.2191012401568699 -0.9757021300385286 0
    outer loop
      vertex 3.3653080547782124 -16.918546086955725 0
      vertex 4.191408103331302 -16.733039117605884 2
      vertex 3.3653080547782124 -16.918546086955725 2
    endloop
  endfacet
  facet normal 0 0 1
    outer loop
      vertex 1.6907956706849203 -17.166936535095395 2
      vertex 2.5311006843549904 -17.06329479689247 2
      vertex 2.3843702098996284 -16.074118286927693 2
    endloop
  endfacet
  facet normal 0 0 1
    outer loop
      vertex 2.5311006843549904 -17.06329479689247 2
      vertex 3.170217732762084 -15.937760806552495 2
      vertex 2.3843702098996284 -16.074118286927693 2
    endloop
  endfacet
  facet normal 0 0 1
    outer loop
      vertex 2.5311006843549904 -17.06329479689247 2
      vertex 3.3653080547782124 -16.918546086955725 2
      vertex 3.170217732762084 -15.937760806552495 2
    endloop
  endfacet
  facet normal 0 0 1
    outer loop
      vertex 3.170217732762084 -15.937760806552495 2
      vertex 3.3653080547782124 -16.918546086955725 2
      vertex 3.9484279234280377 -15.763007864411339 2
    endloop
  endfacet
  facet normal 0 0 1
    outer loop
      vertex 3.3653080547782124 -16.918546086955725 2
      vertex 4.191408103331302 -16.733039117605884 2
      vertex 3.9484279234280377 -15.763007864411339 2
    endloop
  endfacet
  facet normal 0 0 1
    outer loop
      vertex 4.191408103331302 -16.733039117605884 2
      vertex 4.717126005385013 -15.550280455648393 2
      vertex 3.9484279234280377 -15.763007864411339 2
    endloop
  endfacet
  facet normal 0.26671275747489753 -0.9637760657954401 0
    outer loop
      vertex 4.191408103331302 -16.733039117605884 0
      vertex 5.007410682639475 -16.507220791380604 0
      vertex 5.007410682639475 -16.507220791380604 2
    endloop
  endfacet
  facet normal 0.31368174039889346 -0.9495281805930359 0
    outer loop
      vertex 5.007410682639475 -16.507220791380604 0
      vertex 5.811349971015796 -16.241635124407107 0
      vertex 5.811349971015796 -16.241635124407107 2
    endloop
  endfacet
  facet normal 0.3598950365349879 -0.9329927988347388 0
    outer loop
      vertex 5.811349971015796 -16.241635124407107 0
      vertex 6.601289208297799 -15.936921935819695 0
      vertex 6.601289208297799 -15.936921935819695 2
    endloop
  endfacet
  facet normal 0.40524131400498886 -0.9142097557035311 0
    outer loop
      vertex 6.601289208297799 -15.936921935819695 0
      vertex 7.375325361672366 -15.593815306379398 0
      vertex 7.375325361672366 -15.593815306379398 2
    endloop
  endfacet
  facet normal 0.44961132965460593 -0.8932243011955157 0
    outer loop
      vertex 7.375325361672366 -15.593815306379398 0
      vertex 8.13159371024846 -15.213141810009125 0
      vertex 8.13159371024846 -15.213141810009125 2
    endloop
  endfacet
  facet normal 0.49289819222978454 -0.8700869911087111 0
    outer loop
      vertex 8.13159371024846 -15.213141810009125 0
      vertex 8.868272337333076 -14.795818522504693 0
      vertex 8.868272337333076 -14.795818522504693 2
    endloop
  endfacet
  facet normal 0.26671275747489753 -0.9637760657954401 0
    outer loop
      vertex 4.191408103331302 -16.733039117605884 0
      vertex 5.007410682639475 -16.507220791380604 2
      vertex 4.191408103331302 -16.733039117605884 2
    endloop
  endfacet
  facet normal 0.31368174039889346 -0.9495281805930359 0
    outer loop
      vertex 5.007410682639475 -16.507220791380604 0
      vertex 5.811349971015796 -16.241635124407107 2
      vertex 5.007410682639475 -16.507220791380604 2
    endloop
  endfacet
  facet normal 0.3598950365349879 -0.9329927988347388 0
    outer loop
      vertex 5.811349971015796 -16.241635124407107 0
      vertex 6.601289208297799 -15.936921935819695 2
      vertex 5.811349971015796 -16.241635124407107 2
    endloop
  endfacet
  facet normal 0 0 1
    outer loop
      vertex 4.191408103331302 -16.733039117605884 2
      vertex 5.007410682639475 -16.507220791380604 2
      vertex 4.717126005385013 -15.550280455648393 2
    endloop
  endfacet
  facet normal 0 0 1
    outer loop
      vertex 5.007410682639475 -16.507220791380604 2
      vertex 5.474460117623575 -15.300091059224089 2
      vertex 4.717126005385013 -15.550280455648393 2
    endloop
  endfacet
  facet normal 0 0 1
    outer loop
      vertex 5.007410682639475 -16.507220791380604 2
      vertex 5.811349971015796 -16.241635124407107 2
      vertex 5.474460117623575 -15.300091059224089 2
    endloop
  endfacet
  facet normal 0 0 1
    outer loop
      vertex 5.811349971015796 -16.241635124407107 2
      vertex 6.218605775932709 -15.01304240330841 2
      vertex 5.474460117623575 -15.300091059224089 2
    endloop
  endfacet
  facet normal 0 0 1
    outer loop
      vertex 5.811349971015796 -16.241635124407107 2
      vertex 6.601289208297799 -15.936921935819695 2
      vertex 6.218605775932709 -15.01304240330841 2
    endloop
  endfacet
  facet normal 0.40524131400498886 -0.9142097557035311 0
    outer loop
      vertex 6.601289208297799 -15.936921935819695 0
      vertex 7.375325361672366 -15.593815306379398 2
      vertex 6.601289208297799 -15.936921935819695 2
    endloop
  endfacet
  facet normal 0.44961132965460593 -0.8932243011955157 0
    outer loop
      vertex 7.375325361672366 -15.593815306379398 0
      vertex 8.13159371024846 -15.213141810009125 2
      vertex 7.375325361672366 -15.593815306379398 2
    endloop
  endfacet
  facet normal 0 0 1
    outer loop
      vertex 6.218605775932709 -15.01304240330841 2
      vertex 6.601289208297799 -15.936921935819695 2
      vertex 6.947770268242084 -14.689826013255955 2
    endloop
  endfacet
  facet normal 0 0 1
    outer loop
      vertex 6.601289208297799 -15.936921935819695 2
      vertex 7.375325361672366 -15.593815306379398 2
      vertex 6.947770268242084 -14.689826013255955 2
    endloop
  endfacet
  facet normal 0.49289819222978454 -0.8700869911087111 0
    outer loop
      vertex 8.13159371024846 -15.213141810009125 0
      vertex 8.868272337333076 -14.795818522504693 2
      vertex 8.13159371024846 -15.213141810009125 2
    endloop
  endfacet
  facet normal 0 0 1
    outer loop
      vertex 7.375325361672366 -15.593815306379398 2
      vertex 7.660196973422462 -14.33122054566077 2
      vertex 6.947770268242084 -14.689826013255955 2
    endloop
  endfacet
  facet normal 0 0 1
    outer loop
      vertex 7.375325361672366 -15.593815306379398 2
      vertex 8.13159371024846 -15.213141810009125 2
      vertex 7.660196973422462 -14.33122054566077 2
    endloop
  endfacet
  facet normal 0 0 1
    outer loop
      vertex 8.13159371024846 -15.213141810009125 2
      vertex 8.354169593139854 -13.93808991250442 2
      vertex 7.660196973422462 -14.33122054566077 2
    endloop
  endfacet
  facet normal 0 0 1
    outer loop
      vertex 8.13159371024846 -15.213141810009125 2
      vertex 8.868272337333076 -14.795818522504693 2
      vertex 8.354169593139854 -13.93808991250442 2
    endloop
  endfacet
  facet normal 0 0 -1
    outer loop
      vertex 0 -17.25 0
      vertex 0.8464173821479608 17.229221619539224 0
      vertex 0.8464173821479608 -17.229221619539224 0
    endloop
  endfacet
  facet normal 0 0 -1
    outer loop
      vertex 0.8464173821479608 -17.229221619539224 0
      vertex 1.6907956706849203 17.166936535095395 0
      vertex 1.6907956706849203 -17.166936535095395 0
    endloop
  endfacet
  facet normal 0 0 -1
    outer loop
      vertex 1.6907956706849203 -17.166936535095395 0
      vertex 2.5311006843549904 17.06329479689247 0
      vertex 2.5311006843549904 -17.06329479689247 0
    endloop
  endfacet
  facet normal 0 0 -1
    outer loop
      vertex 2.5311006843549904 -17.06329479689247 0
      vertex 3.3653080547782124 16.918546086955725 0
      vertex 3.3653080547782124 -16.918546086955725 0
    endloop
  endfacet
  facet normal 0 0 -1
    outer loop
      vertex 3.3653080547782124 -16.918546086955725 0
      vertex 4.191408103331302 16.733039117605884 0
      vertex 4.191408103331302 -16.733039117605884 0
    endloop
  endfacet
  facet normal 0 0 -1
    outer loop
      vertex 4.191408103331302 -16.733039117605884 0
      vertex 5.007410682639475 16.507220791380604 0
      vertex 5.007410682639475 -16.507220791380604 0
    endloop
  endfacet
  facet normal 0 0 -1
    outer loop
      vertex 5.007410682639475 -16.507220791380604 0
      vertex 5.811349971015796 16.241635124407107 0
      vertex 5.811349971015796 -16.241635124407107 0
    endloop
  endfacet
  facet normal 0 0 -1
    outer loop
      vertex 5.811349971015796 -16.241635124407107 0
      vertex 6.601289208297799 15.936921935819695 0
      vertex 6.601289208297799 -15.936921935819695 0
    endloop
  endfacet
  facet normal 0 0 -1
    outer loop
      vertex 6.601289208297799 -15.936921935819695 0
      vertex 7.375325361672366 15.593815306379398 0
      vertex 7.375325361672366 -15.593815306379398 0
    endloop
  endfacet
  facet normal 0 0 -1
    outer loop
      vertex 7.375325361672366 -15.593815306379398 0
      vertex 8.13159371024846 15.213141810009125 0
      vertex 8.13159371024846 -15.213141810009125 0
    endloop
  endfacet
  facet normal 0 0 -1
    outer loop
      vertex 8.13159371024846 -15.213141810009125 0
      vertex 8.868272337333076 14.795818522504693 0
      vertex 8.868272337333076 -14.795818522504693 0
    endloop
  endfacet
  facet normal 0.5349976198870972 -0.8448535652497071 0
    outer loop
      vertex 8.868272337333076 -14.795818522504693 0
      vertex 9.583586519588138 -14.342850812218906 0
      vertex 9.583586519588138 -14.342850812218906 2
    endloop
  endfacet
  facet normal 0.5758081914178452 -0.8175848131515837 0
    outer loop
      vertex 9.583586519588138 -14.342850812218906 0
      vertex 10.275813002494475 -13.855329918041125 0
      vertex 10.275813002494475 -13.855329918041125 2
    endloop
  endfacet
  facet normal 0.6152315905806267 -0.7883464276266064 0
    outer loop
      vertex 10.275813002494475 -13.855329918041125 0
      vertex 10.943284151822885 -13.334430320507213 0
      vertex 10.943284151822885 -13.334430320507213 2
    endloop
  endfacet
  facet normal 0.6531728429537768 -0.7572088465064846 0
    outer loop
      vertex 10.943284151822885 -13.334430320507213 0
      vertex 11.584391971111067 -12.781406912373045 0
      vertex 11.584391971111067 -12.781406912373045 2
    endloop
  endfacet
  facet normal 0.5349976198870972 -0.8448535652497071 0
    outer loop
      vertex 8.868272337333076 -14.795818522504693 0
      vertex 9.583586519588138 -14.342850812218906 2
      vertex 8.868272337333076 -14.795818522504693 2
    endloop
  endfacet
  facet normal 0.5758081914178452 -0.8175848131515837 0
    outer loop
      vertex 9.583586519588138 -14.342850812218906 0
      vertex 10.275813002494475 -13.855329918041125 2
      vertex 9.583586519588138 -14.342850812218906 2
    endloop
  endfacet
  facet normal 0.6152315905806267 -0.7883464276266064 0
    outer loop
      vertex 10.275813002494475 -13.855329918041125 0
      vertex 10.943284151822885 -13.334430320507213 2
      vertex 10.275813002494475 -13.855329918041125 2
    endloop
  endfacet
  facet normal 0 0 1
    outer loop
      vertex 8.354169593139854 -13.93808991250442 2
      vertex 8.868272337333076 -14.795818522504693 2
      vertex 9.028016286568535 -13.51138119991636 2
    endloop
  endfacet
  facet normal 0 0 1
    outer loop
      vertex 8.868272337333076 -14.795818522504693 2
      vertex 9.583586519588138 -14.342850812218906 2
      vertex 9.028016286568535 -13.51138119991636 2
    endloop
  endfacet
  facet normal 0 0 1
    outer loop
      vertex 9.583586519588138 -14.342850812218906 2
      vertex 9.680113698002042 -13.05212238656048 2
      vertex 9.028016286568535 -13.51138119991636 2
    endloop
  endfacet
  facet normal 0 0 1
    outer loop
      vertex 9.583586519588138 -14.342850812218906 2
      vertex 10.275813002494475 -13.855329918041125 2
      vertex 9.680113698002042 -13.05212238656048 2
    endloop
  endfacet
  facet normal 0 0 1
    outer loop
      vertex 9.680113698002042 -13.05212238656048 2
      vertex 10.275813002494475 -13.855329918041125 2
      vertex 10.308890867659239 -12.561419867144476 2
    endloop
  endfacet
  facet normal 0 0 1
    outer loop
      vertex 10.275813002494475 -13.855329918041125 2
      vertex 10.943284151822885 -13.334430320507213 2
      vertex 10.308890867659239 -12.561419867144476 2
    endloop
  endfacet
  facet normal 0.6531728429537768 -0.7572088465064846 0
    outer loop
      vertex 10.943284151822885 -13.334430320507213 0
      vertex 11.584391971111067 -12.781406912373045 2
      vertex 10.943284151822885 -13.334430320507213 2
    endloop
  endfacet
  facet normal 0.6895405447370663 -0.7242470829514674 0
    outer loop
      vertex 11.584391971111067 -12.781406912373045 0
      vertex 12.197591975467946 -12.197591975467946 0
      vertex 12.197591975467946 -12.197591975467946 2
    endloop
  endfacet
  facet normal 0.7242470829514674 -0.6895405447370663 0
    outer loop
      vertex 12.197591975467946 -12.197591975467946 0
      vertex 12.781406912373045 -11.584391971111067 0
      vertex 12.197591975467946 -12.197591975467946 2
    endloop
  endfacet
  facet normal 0 0 1
    outer loop
      vertex 10.943284151822885 -13.334430320507213 2
      vertex 10.912833016264049 -12.040455787018086 2
      vertex 10.308890867659239 -12.561419867144476 2
    endloop
  endfacet
  facet normal 0.6895405447370663 -0.7242470829514674 0
    outer loop
      vertex 11.584391971111067 -12.781406912373045 0
      vertex 12.197591975467946 -12.197591975467946 2
      vertex 11.584391971111067 -12.781406912373045 2
    endloop
  endfacet
  facet normal 0.7242470829514674 -0.6895405447370663 0
    outer loop
      vertex 12.781406912373045 -11.584391971111067 0
      vertex 12.781406912373045 -11.584391971111067 2
      vertex 12.197591975467946 -12.197591975467946 2
    endloop
  endfacet
  facet normal 0 0 1
    outer loop
      vertex 10.943284151822885 -13.334430320507213 2
      vertex 11.490485194281398 -11.490485194281398 2
      vertex 10.912833016264049 -12.040455787018086 2
    endloop
  endfacet
  facet normal 0 0 1
    outer loop
      vertex 10.943284151822885 -13.334430320507213 2
      vertex 11.584391971111067 -12.781406912373045 2
      vertex 11.490485194281398 -11.490485194281398 2
    endloop
  endfacet
  facet normal 0 0 1
    outer loop
      vertex 11.584391971111067 -12.781406912373045 2
      vertex 12.040455787018086 -10.912833016264049 2
      vertex 11.490485194281398 -11.490485194281398 2
    endloop
  endfacet
  facet normal 0 0 1
    outer loop
      vertex 11.584391971111067 -12.781406912373045 2
      vertex 12.197591975467946 -12.197591975467946 2
      vertex 12.040455787018086 -10.912833016264049 2
    endloop
  endfacet
  facet normal 0 0 1
    outer loop
      vertex 12.197591975467946 -12.197591975467946 2
      vertex 12.561419867144476 -10.308890867659239 2
      vertex 12.040455787018086 -10.912833016264049 2
    endloop
  endfacet
  facet normal 0 0 1
    outer loop
      vertex 12.197591975467946 -12.197591975467946 2
      vertex 12.781406912373045 -11.584391971111067 2
      vertex 12.561419867144476 -10.308890867659239 2
    endloop
  endfacet
  facet normal 0 0 1
    outer loop
      vertex 12.781406912373045 -11.584391971111067 2
      vertex 13.05212238656048 -9.680113698002042 2
      vertex 12.561419867144476 -10.308890867659239 2
    endloop
  endfacet
  facet normal 0.7572088465064846 -0.6531728429537768 0
    outer loop
      vertex 12.781406912373045 -11.584391971111067 0
      vertex 13.334430320507213 -10.943284151822885 0
      vertex 12.781406912373045 -11.584391971111067 2
    endloop
  endfacet
  facet normal 0.7883464276266064 -0.6152315905806267 0
    outer loop
      vertex 13.334430320507213 -10.943284151822885 0
      vertex 13.855329918041125 -10.275813002494475 0
      vertex 13.334430320507213 -10.943284151822885 2
    endloop
  endfacet
  facet normal 0.8175848131515837 -0.5758081914178452 0
    outer loop
      vertex 13.855329918041125 -10.275813002494475 0
      vertex 14.342850812218906 -9.583586519588138 0
      vertex 13.855329918041125 -10.275813002494475 2
    endloop
  endfacet
  facet normal 0.8448535652497071 -0.5349976198870972 0
    outer loop
      vertex 14.342850812218906 -9.583586519588138 0
      vertex 14.795818522504693 -8.868272337333076 0
      vertex 14.342850812218906 -9.583586519588138 2
    endloop
  endfacet
  facet normal 0.7572088465064846 -0.6531728429537768 0
    outer loop
      vertex 12.781406912373045 -11.584391971111067 2
      vertex 13.334430320507213 -10.943284151822885 0
      vertex 13.334430320507213 -10.943284151822885 2
    endloop
  endfacet
  facet normal 0.7883464276266064 -0.6152315905806267 0
    outer loop
      vertex 13.855329918041125 -10.275813002494475 0
      vertex 13.855329918041125 -10.275813002494475 2
      vertex 13.334430320507213 -10.943284151822885 2
    endloop
  endfacet
  facet normal 0.8175848131515837 -0.5758081914178452 0
    outer loop
      vertex 14.342850812218906 -9.583586519588138 0
      vertex 14.342850812218906 -9.583586519588138 2
      vertex 13.855329918041125 -10.275813002494475 2
    endloop
  endfacet
  facet normal 0.8448535652497071 -0.5349976198870972 0
    outer loop
      vertex 14.795818522504693 -8.868272337333076 0
      vertex 14.795818522504693 -8.868272337333076 2
      vertex 14.342850812218906 -9.583586519588138 2
    endloop
  endfacet
  facet normal 0 0 1
    outer loop
      vertex 12.781406912373045 -11.584391971111067 2
      vertex 13.334430320507213 -10.943284151822885 2
      vertex 13.05212238656048 -9.680113698002042 2
    endloop
  endfacet
  facet normal 0 0 1
    outer loop
      vertex 13.334430320507213 -10.943284151822885 2
      vertex 13.51138119991636 -9.028016286568535 2
      vertex 13.05212238656048 -9.680113698002042 2
    endloop
  endfacet
  facet normal 0 0 1
    outer loop
      vertex 13.334430320507213 -10.943284151822885 2
      vertex 13.855329918041125 -10.275813002494475 2
      vertex 13.51138119991636 -9.028016286568535 2
    endloop
  endfacet
  facet normal 0 0 1
    outer loop
      vertex 13.855329918041125 -10.275813002494475 2
      vertex 13.93808991250442 -8.354169593139854 2
      vertex 13.51138119991636 -9.028016286568535 2
    endloop
  endfacet
  facet normal 0 0 1
    outer loop
      vertex 13.855329918041125 -10.275813002494475 2
      vertex 14.342850812218906 -9.583586519588138 2
      vertex 13.93808991250442 -8.354169593139854 2
    endloop
  endfacet
  facet normal 0 0 -1
    outer loop
      vertex 8.868272337333076 -14.795818522504693 0
      vertex 9.583586519588138 14.342850812218906 0
      vertex 9.583586519588138 -14.342850812218906 0
    endloop
  endfacet
  facet normal 0 0 -1
    outer loop
      vertex 9.583586519588138 -14.342850812218906 0
      vertex 10.275813002494475 13.855329918041125 0
      vertex 10.275813002494475 -13.855329918041125 0
    endloop
  endfacet
  facet normal 0 0 -1
    outer loop
      vertex 10.275813002494475 -13.855329918041125 0
      vertex 10.943284151822885 13.334430320507213 0
      vertex 10.943284151822885 -13.334430320507213 0
    endloop
  endfacet
  facet normal 0 0 -1
    outer loop
      vertex 10.943284151822885 -13.334430320507213 0
      vertex 11.584391971111067 12.781406912373045 0
      vertex 11.584391971111067 -12.781406912373045 0
    endloop
  endfacet
  facet normal 0 0 -1
    outer loop
      vertex 11.584391971111067 -12.781406912373045 0
      vertex 12.197591975467946 12.197591975467946 0
      vertex 12.197591975467946 -12.197591975467946 0
    endloop
  endfacet
  facet normal 0 0 -1
    outer loop
      vertex 12.197591975467946 -12.197591975467946 0
      vertex 12.781406912373045 11.584391971111067 0
      vertex 12.781406912373045 -11.584391971111067 0
    endloop
  endfacet
  facet normal 0.8700869911087111 -0.49289819222978454 0
    outer loop
      vertex 14.795818522504693 -8.868272337333076 0
      vertex 15.213141810009125 -8.13159371024846 0
      vertex 14.795818522504693 -8.868272337333076 2
    endloop
  endfacet
  facet normal 0.8932243011955157 -0.44961132965460593 0
    outer loop
      vertex 15.213141810009125 -8.13159371024846 0
      vertex 15.593815306379398 -7.375325361672366 0
      vertex 15.213141810009125 -8.13159371024846 2
    endloop
  endfacet
  facet normal 0.9142097557035311 -0.40524131400498886 0
    outer loop
      vertex 15.593815306379398 -7.375325361672366 0
      vertex 15.936921935819695 -6.601289208297799 0
      vertex 15.593815306379398 -7.375325361672366 2
    endloop
  endfacet
  facet normal 0.9329927988347388 -0.3598950365349879 0
    outer loop
      vertex 15.936921935819695 -6.601289208297799 0
      vertex 16.241635124407107 -5.811349971015796 0
      vertex 15.936921935819695 -6.601289208297799 2
    endloop
  endfacet
  facet normal 0.9495281805930359 -0.31368174039889346 0
    outer loop
      vertex 16.241635124407107 -5.811349971015796 0
      vertex 16.507220791380604 -5.007410682639475 0
      vertex 16.241635124407107 -5.811349971015796 2
    endloop
  endfacet
  facet normal 0.9637760657954401 -0.26671275747489753 0
    outer loop
      vertex 16.507220791380604 -5.007410682639475 0
      vertex 16.733039117605884 -4.191408103331302 0
      vertex 16.507220791380604 -5.007410682639475 2
    endloop
  endfacet
  facet normal 0.8700869911087111 -0.49289819222978454 0
    outer loop
      vertex 14.795818522504693 -8.868272337333076 2
      vertex 15.213141810009125 -8.13159371024846 0
      vertex 15.213141810009125 -8.13159371024846 2
    endloop
  endfacet
  facet normal 0 0 1
    outer loop
      vertex 14.342850812218906 -9.583586519588138 2
      vertex 14.33122054566077 -7.660196973422462 2
      vertex 13.93808991250442 -8.354169593139854 2
    endloop
  endfacet
  facet normal 0 0 1
    outer loop
      vertex 14.342850812218906 -9.583586519588138 2
      vertex 14.689826013255955 -6.947770268242084 2
      vertex 14.33122054566077 -7.660196973422462 2
    endloop
  endfacet
  facet normal 0 0 1
    outer loop
      vertex 14.342850812218906 -9.583586519588138 2
      vertex 14.795818522504693 -8.868272337333076 2
      vertex 14.689826013255955 -6.947770268242084 2
    endloop
  endfacet
  facet normal 0 0 1
    outer loop
      vertex 14.795818522504693 -8.868272337333076 2
      vertex 15.213141810009125 -8.13159371024846 2
      vertex 15.01304240330841 -6.218605775932709 2
    endloop
  endfacet
  facet normal 0 0 1
    outer loop
      vertex 14.795818522504693 -8.868272337333076 2
      vertex 15.01304240330841 -6.218605775932709 2
      vertex 14.689826013255955 -6.947770268242084 2
    endloop
  endfacet
  facet normal 0.8932243011955157 -0.44961132965460593 0
    outer loop
      vertex 15.593815306379398 -7.375325361672366 0
      vertex 15.593815306379398 -7.375325361672366 2
      vertex 15.213141810009125 -8.13159371024846 2
    endloop
  endfacet
  facet normal 0.9142097557035311 -0.40524131400498886 0
    outer loop
      vertex 15.936921935819695 -6.601289208297799 0
      vertex 15.936921935819695 -6.601289208297799 2
      vertex 15.593815306379398 -7.375325361672366 2
    endloop
  endfacet
  facet normal 0 0 1
    outer loop
      vertex 15.01304240330841 -6.218605775932709 2
      vertex 15.213141810009125 -8.13159371024846 2
      vertex 15.300091059224089 -5.474460117623575 2
    endloop
  endfacet
  facet normal 0 0 1
    outer loop
      vertex 15.213141810009125 -8.13159371024846 2
      vertex 15.593815306379398 -7.375325361672366 2
      vertex 15.300091059224089 -5.474460117623575 2
    endloop
  endfacet
  facet normal 0.9329927988347388 -0.3598950365349879 0
    outer loop
      vertex 16.241635124407107 -5.811349971015796 0
      vertex 16.241635124407107 -5.811349971015796 2
      vertex 15.936921935819695 -6.601289208297799 2
    endloop
  endfacet
  facet normal 0.9495281805930359 -0.31368174039889346 0
    outer loop
      vertex 16.507220791380604 -5.007410682639475 0
      vertex 16.507220791380604 -5.007410682639475 2
      vertex 16.241635124407107 -5.811349971015796 2
    endloop
  endfacet
  facet normal 0.9637760657954401 -0.26671275747489753 0
    outer loop
      vertex 16.507220791380604 -5.007410682639475 2
      vertex 16.733039117605884 -4.191408103331302 0
      vertex 16.733039117605884 -4.191408103331302 2
    endloop
  endfacet
  facet normal 0 0 1
    outer loop
      vertex 15.593815306379398 -7.375325361672366 2
      vertex 15.550280455648393 -4.717126005385013 2
      vertex 15.300091059224089 -5.474460117623575 2
    endloop
  endfacet
  facet normal 0 0 1
    outer loop
      vertex 15.593815306379398 -7.375325361672366 2
      vertex 15.936921935819695 -6.601289208297799 2
      vertex 15.763007864411339 -3.9484279234280377 2
    endloop
  endfacet
  facet normal 0 0 1
    outer loop
      vertex 15.593815306379398 -7.375325361672366 2
      vertex 15.763007864411339 -3.9484279234280377 2
      vertex 15.550280455648393 -4.717126005385013 2
    endloop
  endfacet
  facet normal 0 0 1
    outer loop
      vertex 15.936921935819695 -6.601289208297799 2
      vertex 16.241635124407107 -5.811349971015796 2
      vertex 15.937760806552495 -3.170217732762084 2
    endloop
  endfacet
  facet normal 0 0 1
    outer loop
      vertex 15.936921935819695 -6.601289208297799 2
      vertex 15.937760806552495 -3.170217732762084 2
      vertex 15.763007864411339 -3.9484279234280377 2
    endloop
  endfacet
  facet normal 0 0 -1
    outer loop
      vertex 12.781406912373045 -11.584391971111067 0
      vertex 13.334430320507213 10.943284151822885 0
      vertex 13.334430320507213 -10.943284151822885 0
    endloop
  endfacet
  facet normal 0 0 -1
    outer loop
      vertex 13.334430320507213 -10.943284151822885 0
      vertex 13.855329918041125 10.275813002494475 0
      vertex 13.855329918041125 -10.275813002494475 0
    endloop
  endfacet
  facet normal 0 0 -1
    outer loop
      vertex 13.855329918041125 -10.275813002494475 0
      vertex 14.342850812218906 9.583586519588138 0
      vertex 14.342850812218906 -9.583586519588138 0
    endloop
  endfacet
  facet normal 0 0 -1
    outer loop
      vertex 14.342850812218906 -9.583586519588138 0
      vertex 14.795818522504693 8.868272337333076 0
      vertex 14.795818522504693 -8.868272337333076 0
    endloop
  endfacet
  facet normal 0 0 -1
    outer loop
      vertex 14.795818522504693 -8.868272337333076 0
      vertex 15.213141810009125 8.13159371024846 0
      vertex 15.213141810009125 -8.13159371024846 0
    endloop
  endfacet
  facet normal 0 0 -1
    outer loop
      vertex 15.213141810009125 -8.13159371024846 0
      vertex 15.593815306379398 7.375325361672366 0
      vertex 15.593815306379398 -7.375325361672366 0
    endloop
  endfacet
  facet normal 0 0 -1
    outer loop
      vertex 15.593815306379398 -7.375325361672366 0
      vertex 15.936921935819695 6.601289208297799 0
      vertex 15.936921935819695 -6.601289208297799 0
    endloop
  endfacet
  facet normal 0 0 -1
    outer loop
      vertex 15.936921935819695 -6.601289208297799 0
      vertex 16.241635124407107 5.811349971015796 0
      vertex 16.241635124407107 -5.811349971015796 0
    endloop
  endfacet
  facet normal 0.9757021300385286 -0.2191012401568699 0
    outer loop
      vertex 16.733039117605884 -4.191408103331302 0
      vertex 16.918546086955725 -3.3653080547782124 0
      vertex 16.733039117605884 -4.191408103331302 2
    endloop
  endfacet
  facet normal 0.9852776423889414 -0.17096188876030036 0
    outer loop
      vertex 16.918546086955725 -3.3653080547782124 0
      vertex 17.06329479689247 -2.5311006843549904 0
      vertex 16.918546086955725 -3.3653080547782124 2
    endloop
  endfacet
  facet normal 0.9924795345987101 -0.12241067519921585 0
    outer loop
      vertex 17.06329479689247 -2.5311006843549904 0
      vertex 17.166936535095395 -1.6907956706849203 0
      vertex 17.06329479689247 -2.5311006843549904 2
    endloop
  endfacet
  facet normal 0 0 -1
    outer loop
      vertex 16.241635124407107 -5.811349971015796 0
      vertex 16.507220791380604 5.007410682639475 0
      vertex 16.507220791380604 -5.007410682639475 0
    endloop
  endfacet
  facet normal 0 0 -1
    outer loop
      vertex 16.507220791380604 -5.007410682639475 0
      vertex 16.733039117605884 4.191408103331302 0
      vertex 16.733039117605884 -4.191408103331302 0
    endloop
  endfacet
  facet normal 0 0 -1
    outer loop
      vertex 16.733039117605884 -4.191408103331302 0
      vertex 16.918546086955725 3.3653080547782124 0
      vertex 16.918546086955725 -3.3653080547782124 0
    endloop
  endfacet
  facet normal 0 0 -1
    outer loop
      vertex 16.918546086955725 -3.3653080547782124 0
      vertex 17.06329479689247 2.5311006843549904 0
      vertex 17.06329479689247 -2.5311006843549904 0
    endloop
  endfacet
  facet normal 0 0 -1
    outer loop
      vertex 17.06329479689247 -2.5311006843549904 0
      vertex 17.166936535095395 1.6907956706849203 0
      vertex 17.166936535095395 -1.6907956706849203 0
    endloop
  endfacet
  facet normal 0 0 -1
    outer loop
      vertex 17.166936535095395 -1.6907956706849203 0
      vertex 17.229221619539224 0.8464173821479608 0
      vertex 17.229221619539224 -0.8464173821479608 0
    endloop
  endfacet
  facet normal 0.99729045667869 -0.07356456359966916 0
    outer loop
      vertex 17.166936535095395 -1.6907956706849203 0
      vertex 17.229221619539224 -0.8464173821479608 0
      vertex 17.166936535095395 -1.6907956706849203 2
    endloop
  endfacet
  facet normal 0.9996988186962042 -0.02454122852291171 0
    outer loop
      vertex 17.229221619539224 -0.8464173821479608 0
      vertex 17.25 0 0
      vertex 17.229221619539224 -0.8464173821479608 2
    endloop
  endfacet
  facet normal 0.9757021300385286 -0.2191012401568699 0
    outer loop
      vertex 16.918546086955725 -3.3653080547782124 0
      vertex 16.918546086955725 -3.3653080547782124 2
      vertex 16.733039117605884 -4.191408103331302 2
    endloop
  endfacet
  facet normal 0.9852776423889414 -0.17096188876030036 0
    outer loop
      vertex 17.06329479689247 -2.5311006843549904 0
      vertex 17.06329479689247 -2.5311006843549904 2
      vertex 16.918546086955725 -3.3653080547782124 2
    endloop
  endfacet
  facet normal 0 0 1
    outer loop
      vertex 16.241635124407107 -5.811349971015796 2
      vertex 16.074118286927693 -2.3843702098996284 2
      vertex 15.937760806552495 -3.170217732762084 2
    endloop
  endfacet
  facet normal 0 0 1
    outer loop
      vertex 16.241635124407107 -5.811349971015796 2
      vertex 16.1717518084232 -1.5927785303553599 2
      vertex 16.074118286927693 -2.3843702098996284 2
    endloop
  endfacet
  facet normal 0 0 1
    outer loop
      vertex 16.241635124407107 -5.811349971015796 2
      vertex 16.507220791380604 -5.007410682639475 2
      vertex 16.25 0 2
    endloop
  endfacet
  facet normal 0 0 1
    outer loop
      vertex 16.241635124407107 -5.811349971015796 2
      vertex 16.23042616333405 -0.7973497078205427 2
      vertex 16.1717518084232 -1.5927785303553599 2
    endloop
  endfacet
  facet normal 0 0 1
    outer loop
      vertex 16.241635124407107 -5.811349971015796 2
      vertex 16.25 0 2
      vertex 16.23042616333405 -0.7973497078205427 2
    endloop
  endfacet
  facet normal 0.9924795345987101 -0.12241067519921585 0
    outer loop
      vertex 17.166936535095395 -1.6907956706849203 0
      vertex 17.166936535095395 -1.6907956706849203 2
      vertex 17.06329479689247 -2.5311006843549904 2
    endloop
  endfacet
  facet normal 0.99729045667869 -0.07356456359966916 0
    outer loop
      vertex 17.229221619539224 -0.8464173821479608 0
      vertex 17.229221619539224 -0.8464173821479608 2
      vertex 17.166936535095395 -1.6907956706849203 2
    endloop
  endfacet
  facet normal 0.9996988186962042 -0.02454122852291171 0
    outer loop
      vertex 17.229221619539224 -0.8464173821479608 2
      vertex 17.25 0 0
      vertex 17.25 0 2
    endloop
  endfacet
  facet normal 0 0 1
    outer loop
      vertex 16.507220791380604 -5.007410682639475 2
      vertex 16.23042616333405 0.7973497078205427 2
      vertex 16.25 0 2
    endloop
  endfacet
  facet normal 0 0 1
    outer loop
      vertex 16.507220791380604 -5.007410682639475 2
      vertex 16.733039117605884 -4.191408103331302 2
      vertex 16.507220791380604 5.007410682639475 2
    endloop
  endfacet
  facet normal 0 0 1
    outer loop
      vertex 16.733039117605884 -4.191408103331302 2
      vertex 16.918546086955725 -3.3653080547782124 2
      vertex 16.733039117605884 4.191408103331302 2
    endloop
  endfacet
  facet normal 0 0 1
    outer loop
      vertex 16.918546086955725 -3.3653080547782124 2
      vertex 17.06329479689247 -2.5311006843549904 2
      vertex 16.918546086955725 3.3653080547782124 2
    endloop
  endfacet
  facet normal 0 0 1
    outer loop
      vertex 17.06329479689247 -2.5311006843549904 2
      vertex 17.166936535095395 -1.6907956706849203 2
      vertex 17.06329479689247 2.5311006843549904 2
    endloop
  endfacet
  facet normal 0 0 1
    outer loop
      vertex 17.166936535095395 -1.6907956706849203 2
      vertex 17.229221619539224 -0.8464173821479608 2
      vertex 17.166936535095395 1.6907956706849203 2
    endloop
  endfacet
  facet normal 0 0 -1
    outer loop
      vertex 0 -17.25 0
      vertex 0 17.25 0
      vertex 0.8464173821479608 17.229221619539224 0
    endloop
  endfacet
  facet normal 0 0 -1
    outer loop
      vertex 0.8464173821479608 -17.229221619539224 0
      vertex 0.8464173821479608 17.229221619539224 0
      vertex 1.6907956706849203 17.166936535095395 0
    endloop
  endfacet
  facet normal 0 0 -1
    outer loop
      vertex 1.6907956706849203 -17.166936535095395 0
      vertex 1.6907956706849203 17.166936535095395 0
      vertex 2.5311006843549904 17.06329479689247 0
    endloop
  endfacet
  facet normal 0 0 -1
    outer loop
      vertex 2.5311006843549904 -17.06329479689247 0
      vertex 2.5311006843549904 17.06329479689247 0
      vertex 3.3653080547782124 16.918546086955725 0
    endloop
  endfacet
  facet normal 0 0 -1
    outer loop
      vertex 3.3653080547782124 -16.918546086955725 0
      vertex 3.3653080547782124 16.918546086955725 0
      vertex 4.191408103331302 16.733039117605884 0
    endloop
  endfacet
  facet normal 0 0 -1
    outer loop
      vertex 4.191408103331302 -16.733039117605884 0
      vertex 4.191408103331302 16.733039117605884 0
      vertex 5.007410682639475 16.507220791380604 0
    endloop
  endfacet
  facet normal 0 0 -1
    outer loop
      vertex 5.007410682639475 -16.507220791380604 0
      vertex 5.007410682639475 16.507220791380604 0
      vertex 5.811349971015796 16.241635124407107 0
    endloop
  endfacet
  facet normal 0 0 -1
    outer loop
      vertex 5.811349971015796 -16.241635124407107 0
      vertex 5.811349971015796 16.241635124407107 0
      vertex 6.601289208297799 15.936921935819695 0
    endloop
  endfacet
  facet normal 0 0 -1
    outer loop
      vertex 6.601289208297799 -15.936921935819695 0
      vertex 6.601289208297799 15.936921935819695 0
      vertex 7.375325361672366 15.593815306379398 0
    endloop
  endfacet
  facet normal 0 0 -1
    outer loop
      vertex 7.375325361672366 -15.593815306379398 0
      vertex 7.375325361672366 15.593815306379398 0
      vertex 8.13159371024846 15.213141810009125 0
    endloop
  endfacet
  facet normal 0 0 -1
    outer loop
      vertex 8.13159371024846 -15.213141810009125 0
      vertex 8.13159371024846 15.213141810009125 0
      vertex 8.868272337333076 14.795818522504693 0
    endloop
  endfacet
  facet normal 0.02454122852291171 0.9996988186962042 0
    outer loop
      vertex 0 17.25 0
      vertex 0 17.25 2
      vertex 0.8464173821479608 17.229221619539224 0
    endloop
  endfacet
  facet normal 0.07356456359966916 0.99729045667869 0
    outer loop
      vertex 0.8464173821479608 17.229221619539224 0
      vertex 0.8464173821479608 17.229221619539224 2
      vertex 1.6907956706849203 17.166936535095395 0
    endloop
  endfacet
  facet normal 0.12241067519921585 0.9924795345987101 0
    outer loop
      vertex 1.6907956706849203 17.166936535095395 0
      vertex 1.6907956706849203 17.166936535095395 2
      vertex 2.5311006843549904 17.06329479689247 0
    endloop
  endfacet
  facet normal 0.17096188876030036 0.9852776423889414 0
    outer loop
      vertex 2.5311006843549904 17.06329479689247 0
      vertex 2.5311006843549904 17.06329479689247 2
      vertex 3.3653080547782124 16.918546086955725 0
    endloop
  endfacet
  facet normal 0.2191012401568699 0.9757021300385286 0
    outer loop
      vertex 3.3653080547782124 16.918546086955725 0
      vertex 3.3653080547782124 16.918546086955725 2
      vertex 4.191408103331302 16.733039117605884 0
    endloop
  endfacet
  facet normal 0.02454122852291171 0.9996988186962042 0
    outer loop
      vertex 0.8464173821479608 17.229221619539224 0
      vertex 0 17.25 2
      vertex 0.8464173821479608 17.229221619539224 2
    endloop
  endfacet
  facet normal 0.07356456359966916 0.99729045667869 0
    outer loop
      vertex 1.6907956706849203 17.166936535095395 0
      vertex 0.8464173821479608 17.229221619539224 2
      vertex 1.6907956706849203 17.166936535095395 2
    endloop
  endfacet
  facet normal 0 0 1
    outer loop
      vertex 0 16.25 2
      vertex 0.8464173821479608 17.229221619539224 2
      vertex 0 17.25 2
    endloop
  endfacet
  facet normal 0 0 1
    outer loop
      vertex 0 16.25 2
      vertex 0.7973497078205427 16.23042616333405 2
      vertex 0.8464173821479608 17.229221619539224 2
    endloop
  endfacet
  facet normal 0 0 1
    outer loop
      vertex 0.7973497078205427 16.23042616333405 2
      vertex 1.5927785303553599 16.1717518084232 2
      vertex 1.6907956706849203 17.166936535095395 2
    endloop
  endfacet
  facet normal 0 0 1
    outer loop
      vertex 0.7973497078205427 16.23042616333405 2
      vertex 1.6907956706849203 17.166936535095395 2
      vertex 0.8464173821479608 17.229221619539224 2
    endloop
  endfacet
  facet normal 0 0 1
    outer loop
      vertex 1.5927785303553599 16.1717518084232 2
      vertex 2.5311006843549904 17.06329479689247 2
      vertex 1.6907956706849203 17.166936535095395 2
    endloop
  endfacet
  facet normal 0.12241067519921585 0.9924795345987101 0
    outer loop
      vertex 2.5311006843549904 17.06329479689247 0
      vertex 1.6907956706849203 17.166936535095395 2
      vertex 2.5311006843549904 17.06329479689247 2
    endloop
  endfacet
  facet normal 0.17096188876030036 0.9852776423889414 0
    outer loop
      vertex 3.3653080547782124 16.918546086955725 0
      vertex 2.5311006843549904 17.06329479689247 2
      vertex 3.3653080547782124 16.918546086955725 2
    endloop
  endfacet
  facet normal 0.2191012401568699 0.9757021300385286 0
    outer loop
      vertex 4.191408103331302 16.733039117605884 0
      vertex 3.3653080547782124 16.918546086955725 2
      vertex 4.191408103331302 16.733039117605884 2
    endloop
  endfacet
  facet normal 0 0 1
    outer loop
      vertex 1.5927785303553599 16.1717518084232 2
      vertex 2.3843702098996284 16.074118286927693 2
      vertex 2.5311006843549904 17.06329479689247 2
    endloop
  endfacet
  facet normal 0 0 1
    outer loop
      vertex 2.3843702098996284 16.074118286927693 2
      vertex 3.3653080547782124 16.918546086955725 2
      vertex 2.5311006843549904 17.06329479689247 2
    endloop
  endfacet
  facet normal 0 0 1
    outer loop
      vertex 2.3843702098996284 16.074118286927693 2
      vertex 3.170217732762084 15.937760806552495 2
      vertex 3.3653080547782124 16.918546086955725 2
    endloop
  endfacet
  facet normal 0 0 1
    outer loop
      vertex 3.170217732762084 15.937760806552495 2
      vertex 3.9484279234280377 15.763007864411339 2
      vertex 4.191408103331302 16.733039117605884 2
    endloop
  endfacet
  facet normal 0 0 1
    outer loop
      vertex 3.170217732762084 15.937760806552495 2
      vertex 4.191408103331302 16.733039117605884 2
      vertex 3.3653080547782124 16.918546086955725 2
    endloop
  endfacet
  facet normal 0.26671275747489753 0.9637760657954401 0
    outer loop
      vertex 4.191408103331302 16.733039117605884 0
      vertex 4.191408103331302 16.733039117605884 2
      vertex 5.007410682639475 16.507220791380604 0
    endloop
  endfacet
  facet normal 0.31368174039889346 0.9495281805930359 0
    outer loop
      vertex 5.007410682639475 16.507220791380604 0
      vertex 5.007410682639475 16.507220791380604 2
      vertex 5.811349971015796 16.241635124407107 0
    endloop
  endfacet
  facet normal 0.3598950365349879 0.9329927988347388 0
    outer loop
      vertex 5.811349971015796 16.241635124407107 0
      vertex 5.811349971015796 16.241635124407107 2
      vertex 6.601289208297799 15.936921935819695 0
    endloop
  endfacet
  facet normal 0.49289819222978454 0.8700869911087111 0
    outer loop
      vertex 8.13159371024846 15.213141810009125 0
      vertex 8.13159371024846 15.213141810009125 2
      vertex 8.868272337333076 14.795818522504693 0
    endloop
  endfacet
  facet normal 0.40524131400498886 0.9142097557035311 0
    outer loop
      vertex 6.601289208297799 15.936921935819695 0
      vertex 6.601289208297799 15.936921935819695 2
      vertex 7.375325361672366 15.593815306379398 0
    endloop
  endfacet
  facet normal 0.44961132965460593 0.8932243011955157 0
    outer loop
      vertex 7.375325361672366 15.593815306379398 0
      vertex 7.375325361672366 15.593815306379398 2
      vertex 8.13159371024846 15.213141810009125 0
    endloop
  endfacet
  facet normal 0.26671275747489753 0.9637760657954401 0
    outer loop
      vertex 4.191408103331302 16.733039117605884 2
      vertex 5.007410682639475 16.507220791380604 2
      vertex 5.007410682639475 16.507220791380604 0
    endloop
  endfacet
  facet normal 0.3598950365349879 0.9329927988347388 0
    outer loop
      vertex 6.601289208297799 15.936921935819695 0
      vertex 5.811349971015796 16.241635124407107 2
      vertex 6.601289208297799 15.936921935819695 2
    endloop
  endfacet
  facet normal 0.31368174039889346 0.9495281805930359 0
    outer loop
      vertex 5.811349971015796 16.241635124407107 0
      vertex 5.007410682639475 16.507220791380604 2
      vertex 5.811349971015796 16.241635124407107 2
    endloop
  endfacet
  facet normal 0 0 1
    outer loop
      vertex 3.9484279234280377 15.763007864411339 2
      vertex 4.717126005385013 15.550280455648393 2
      vertex 5.007410682639475 16.507220791380604 2
    endloop
  endfacet
  facet normal 0 0 1
    outer loop
      vertex 4.717126005385013 15.550280455648393 2
      vertex 5.474460117623575 15.300091059224089 2
      vertex 5.811349971015796 16.241635124407107 2
    endloop
  endfacet
  facet normal 0 0 1
    outer loop
      vertex 4.717126005385013 15.550280455648393 2
      vertex 5.811349971015796 16.241635124407107 2
      vertex 5.007410682639475 16.507220791380604 2
    endloop
  endfacet
  facet normal 0 0 1
    outer loop
      vertex 3.9484279234280377 15.763007864411339 2
      vertex 5.007410682639475 16.507220791380604 2
      vertex 4.191408103331302 16.733039117605884 2
    endloop
  endfacet
  facet normal 0 0 1
    outer loop
      vertex 6.218605775932709 15.01304240330841 2
      vertex 6.601289208297799 15.936921935819695 2
      vertex 5.474460117623575 15.300091059224089 2
    endloop
  endfacet
  facet normal 0 0 1
    outer loop
      vertex 5.474460117623575 15.300091059224089 2
      vertex 6.601289208297799 15.936921935819695 2
      vertex 5.811349971015796 16.241635124407107 2
    endloop
  endfacet
  facet normal 0.49289819222978454 0.8700869911087111 0
    outer loop
      vertex 8.13159371024846 15.213141810009125 2
      vertex 8.868272337333076 14.795818522504693 2
      vertex 8.868272337333076 14.795818522504693 0
    endloop
  endfacet
  facet normal 0 0 1
    outer loop
      vertex 6.947770268242084 14.689826013255955 2
      vertex 7.660196973422462 14.33122054566077 2
      vertex 8.13159371024846 15.213141810009125 2
    endloop
  endfacet
  facet normal 0 0 1
    outer loop
      vertex 8.354169593139854 13.93808991250442 2
      vertex 8.868272337333076 14.795818522504693 2
      vertex 7.660196973422462 14.33122054566077 2
    endloop
  endfacet
  facet normal 0 0 1
    outer loop
      vertex 7.660196973422462 14.33122054566077 2
      vertex 8.868272337333076 14.795818522504693 2
      vertex 8.13159371024846 15.213141810009125 2
    endloop
  endfacet
  facet normal 0.40524131400498886 0.9142097557035311 0
    outer loop
      vertex 7.375325361672366 15.593815306379398 0
      vertex 6.601289208297799 15.936921935819695 2
      vertex 7.375325361672366 15.593815306379398 2
    endloop
  endfacet
  facet normal 0.44961132965460593 0.8932243011955157 0
    outer loop
      vertex 8.13159371024846 15.213141810009125 0
      vertex 7.375325361672366 15.593815306379398 2
      vertex 8.13159371024846 15.213141810009125 2
    endloop
  endfacet
  facet normal 0 0 1
    outer loop
      vertex 6.218605775932709 15.01304240330841 2
      vertex 7.375325361672366 15.593815306379398 2
      vertex 6.601289208297799 15.936921935819695 2
    endloop
  endfacet
  facet normal 0 0 1
    outer loop
      vertex 6.218605775932709 15.01304240330841 2
      vertex 6.947770268242084 14.689826013255955 2
      vertex 7.375325361672366 15.593815306379398 2
    endloop
  endfacet
  facet normal 0 0 1
    outer loop
      vertex 6.947770268242084 14.689826013255955 2
      vertex 8.13159371024846 15.213141810009125 2
      vertex 7.375325361672366 15.593815306379398 2
    endloop
  endfacet
  facet normal 0 0 -1
    outer loop
      vertex 10.943284151822885 -13.334430320507213 0
      vertex 10.943284151822885 13.334430320507213 0
      vertex 11.584391971111067 12.781406912373045 0
    endloop
  endfacet
  facet normal 0 0 -1
    outer loop
      vertex 11.584391971111067 -12.781406912373045 0
      vertex 11.584391971111067 12.781406912373045 0
      vertex 12.197591975467946 12.197591975467946 0
    endloop
  endfacet
  facet normal 0 0 -1
    outer loop
      vertex 12.197591975467946 -12.197591975467946 0
      vertex 12.197591975467946 12.197591975467946 0
      vertex 12.781406912373045 11.584391971111067 0
    endloop
  endfacet
  facet normal 0 0 -1
    outer loop
      vertex 8.868272337333076 -14.795818522504693 0
      vertex 8.868272337333076 14.795818522504693 0
      vertex 9.583586519588138 14.342850812218906 0
    endloop
  endfacet
  facet normal 0 0 -1
    outer loop
      vertex 9.583586519588138 -14.342850812218906 0
      vertex 9.583586519588138 14.342850812218906 0
      vertex 10.275813002494475 13.855329918041125 0
    endloop
  endfacet
  facet normal 0 0 -1
    outer loop
      vertex 10.275813002494475 -13.855329918041125 0
      vertex 10.275813002494475 13.855329918041125 0
      vertex 10.943284151822885 13.334430320507213 0
    endloop
  endfacet
  facet normal 0 0 -1
    outer loop
      vertex 12.781406912373045 -11.584391971111067 0
      vertex 12.781406912373045 11.584391971111067 0
      vertex 13.334430320507213 10.943284151822885 0
    endloop
  endfacet
  facet normal 0 0 -1
    outer loop
      vertex 13.334430320507213 -10.943284151822885 0
      vertex 13.334430320507213 10.943284151822885 0
      vertex 13.855329918041125 10.275813002494475 0
    endloop
  endfacet
  facet normal 0 0 -1
    outer loop
      vertex 13.855329918041125 -10.275813002494475 0
      vertex 13.855329918041125 10.275813002494475 0
      vertex 14.342850812218906 9.583586519588138 0
    endloop
  endfacet
  facet normal 0 0 -1
    outer loop
      vertex 14.342850812218906 -9.583586519588138 0
      vertex 14.342850812218906 9.583586519588138 0
      vertex 14.795818522504693 8.868272337333076 0
    endloop
  endfacet
  facet normal 0 0 -1
    outer loop
      vertex 14.795818522504693 -8.868272337333076 0
      vertex 14.795818522504693 8.868272337333076 0
      vertex 15.213141810009125 8.13159371024846 0
    endloop
  endfacet
  facet normal 0 0 -1
    outer loop
      vertex 15.936921935819695 -6.601289208297799 0
      vertex 15.936921935819695 6.601289208297799 0
      vertex 16.241635124407107 5.811349971015796 0
    endloop
  endfacet
  facet normal 0 0 -1
    outer loop
      vertex 17.229221619539224 -0.8464173821479608 0
      vertex 17.229221619539224 0.8464173821479608 0
      vertex 17.25 0 0
    endloop
  endfacet
  facet normal 0 0 -1
    outer loop
      vertex 17.166936535095395 -1.6907956706849203 0
      vertex 17.166936535095395 1.6907956706849203 0
      vertex 17.229221619539224 0.8464173821479608 0
    endloop
  endfacet
  facet normal 0 0 -1
    outer loop
      vertex 16.918546086955725 -3.3653080547782124 0
      vertex 16.918546086955725 3.3653080547782124 0
      vertex 17.06329479689247 2.5311006843549904 0
    endloop
  endfacet
  facet normal 0 0 -1
    outer loop
      vertex 17.06329479689247 -2.5311006843549904 0
      vertex 17.06329479689247 2.5311006843549904 0
      vertex 17.166936535095395 1.6907956706849203 0
    endloop
  endfacet
  facet normal 0 0 -1
    outer loop
      vertex 16.507220791380604 -5.007410682639475 0
      vertex 16.507220791380604 5.007410682639475 0
      vertex 16.733039117605884 4.191408103331302 0
    endloop
  endfacet
  facet normal 0 0 -1
    outer loop
      vertex 16.241635124407107 -5.811349971015796 0
      vertex 16.241635124407107 5.811349971015796 0
      vertex 16.507220791380604 5.007410682639475 0
    endloop
  endfacet
  facet normal 0 0 -1
    outer loop
      vertex 16.733039117605884 -4.191408103331302 0
      vertex 16.733039117605884 4.191408103331302 0
      vertex 16.918546086955725 3.3653080547782124 0
    endloop
  endfacet
  facet normal 0.9996988186962042 0.02454122852291171 0
    outer loop
      vertex 17.25 0 0
      vertex 17.229221619539224 0.8464173821479608 0
      vertex 17.25 0 2
    endloop
  endfacet
  facet normal 0.99729045667869 0.07356456359966916 0
    outer loop
      vertex 17.229221619539224 0.8464173821479608 0
      vertex 17.166936535095395 1.6907956706849203 0
      vertex 17.229221619539224 0.8464173821479608 2
    endloop
  endfacet
  facet normal 0.9924795345987101 0.12241067519921585 0
    outer loop
      vertex 17.166936535095395 1.6907956706849203 0
      vertex 17.06329479689247 2.5311006843549904 0
      vertex 17.166936535095395 1.6907956706849203 2
    endloop
  endfacet
  facet normal 0 0 -1
    outer loop
      vertex 15.213141810009125 -8.13159371024846 0
      vertex 15.213141810009125 8.13159371024846 0
      vertex 15.593815306379398 7.375325361672366 0
    endloop
  endfacet
  facet normal 0 0 -1
    outer loop
      vertex 15.593815306379398 -7.375325361672366 0
      vertex 15.593815306379398 7.375325361672366 0
      vertex 15.936921935819695 6.601289208297799 0
    endloop
  endfacet
  facet normal 0.9852776423889414 0.17096188876030036 0
    outer loop
      vertex 17.06329479689247 2.5311006843549904 0
      vertex 16.918546086955725 3.3653080547782124 0
      vertex 17.06329479689247 2.5311006843549904 2
    endloop
  endfacet
  facet normal 0.9757021300385286 0.2191012401568699 0
    outer loop
      vertex 16.918546086955725 3.3653080547782124 0
      vertex 16.733039117605884 4.191408103331302 0
      vertex 16.918546086955725 3.3653080547782124 2
    endloop
  endfacet
  facet normal 0.9996988186962042 0.02454122852291171 0
    outer loop
      vertex 17.229221619539224 0.8464173821479608 0
      vertex 17.229221619539224 0.8464173821479608 2
      vertex 17.25 0 2
    endloop
  endfacet
  facet normal 0.99729045667869 0.07356456359966916 0
    outer loop
      vertex 17.166936535095395 1.6907956706849203 0
      vertex 17.166936535095395 1.6907956706849203 2
      vertex 17.229221619539224 0.8464173821479608 2
    endloop
  endfacet
  facet normal 0 0 1
    outer loop
      vertex 16.507220791380604 -5.007410682639475 2
      vertex 16.241635124407107 5.811349971015796 2
      vertex 16.23042616333405 0.7973497078205427 2
    endloop
  endfacet
  facet normal 0 0 1
    outer loop
      vertex 17.229221619539224 -0.8464173821479608 2
      vertex 17.25 0 2
      vertex 17.229221619539224 0.8464173821479608 2
    endloop
  endfacet
  facet normal 0 0 1
    outer loop
      vertex 17.229221619539224 -0.8464173821479608 2
      vertex 17.229221619539224 0.8464173821479608 2
      vertex 17.166936535095395 1.6907956706849203 2
    endloop
  endfacet
  facet normal 0 0 1
    outer loop
      vertex 17.166936535095395 -1.6907956706849203 2
      vertex 17.166936535095395 1.6907956706849203 2
      vertex 17.06329479689247 2.5311006843549904 2
    endloop
  endfacet
  facet normal 0 0 1
    outer loop
      vertex 16.507220791380604 -5.007410682639475 2
      vertex 16.507220791380604 5.007410682639475 2
      vertex 16.241635124407107 5.811349971015796 2
    endloop
  endfacet
  facet normal 0 0 1
    outer loop
      vertex 16.733039117605884 -4.191408103331302 2
      vertex 16.733039117605884 4.191408103331302 2
      vertex 16.507220791380604 5.007410682639475 2
    endloop
  endfacet
  facet normal 0 0 1
    outer loop
      vertex 16.918546086955725 -3.3653080547782124 2
      vertex 16.918546086955725 3.3653080547782124 2
      vertex 16.733039117605884 4.191408103331302 2
    endloop
  endfacet
  facet normal 0 0 1
    outer loop
      vertex 17.06329479689247 -2.5311006843549904 2
      vertex 17.06329479689247 2.5311006843549904 2
      vertex 16.918546086955725 3.3653080547782124 2
    endloop
  endfacet
  facet normal 0.9924795345987101 0.12241067519921585 0
    outer loop
      vertex 17.06329479689247 2.5311006843549904 0
      vertex 17.06329479689247 2.5311006843549904 2
      vertex 17.166936535095395 1.6907956706849203 2
    endloop
  endfacet
  facet normal 0.9852776423889414 0.17096188876030036 0
    outer loop
      vertex 16.918546086955725 3.3653080547782124 0
      vertex 16.918546086955725 3.3653080547782124 2
      vertex 17.06329479689247 2.5311006843549904 2
    endloop
  endfacet
  facet normal 0.9757021300385286 0.2191012401568699 0
    outer loop
      vertex 16.733039117605884 4.191408103331302 0
      vertex 16.733039117605884 4.191408103331302 2
      vertex 16.918546086955725 3.3653080547782124 2
    endloop
  endfacet
  facet normal 0 0 1
    outer loop
      vertex 16.1717518084232 1.5927785303553599 2
      vertex 16.241635124407107 5.811349971015796 2
      vertex 16.074118286927693 2.3843702098996284 2
    endloop
  endfacet
  facet normal 0 0 1
    outer loop
      vertex 16.074118286927693 2.3843702098996284 2
      vertex 16.241635124407107 5.811349971015796 2
      vertex 15.937760806552495 3.170217732762084 2
    endloop
  endfacet
  facet normal 0 0 1
    outer loop
      vertex 16.1717518084232 1.5927785303553599 2
      vertex 16.23042616333405 0.7973497078205427 2
      vertex 16.241635124407107 5.811349971015796 2
    endloop
  endfacet
  facet normal 0.8700869911087111 0.49289819222978454 0
    outer loop
      vertex 15.213141810009125 8.13159371024846 0
      vertex 14.795818522504693 8.868272337333076 0
      vertex 15.213141810009125 8.13159371024846 2
    endloop
  endfacet
  facet normal 0.9329927988347388 0.3598950365349879 0
    outer loop
      vertex 16.241635124407107 5.811349971015796 0
      vertex 15.936921935819695 6.601289208297799 0
      vertex 16.241635124407107 5.811349971015796 2
    endloop
  endfacet
  facet normal 0.9637760657954401 0.26671275747489753 0
    outer loop
      vertex 16.733039117605884 4.191408103331302 0
      vertex 16.507220791380604 5.007410682639475 0
      vertex 16.733039117605884 4.191408103331302 2
    endloop
  endfacet
  facet normal 0.9495281805930359 0.31368174039889346 0
    outer loop
      vertex 16.507220791380604 5.007410682639475 0
      vertex 16.241635124407107 5.811349971015796 0
      vertex 16.507220791380604 5.007410682639475 2
    endloop
  endfacet
  facet normal 0.9142097557035311 0.40524131400498886 0
    outer loop
      vertex 15.593815306379398 7.375325361672366 0
      vertex 15.936921935819695 6.601289208297799 2
      vertex 15.936921935819695 6.601289208297799 0
    endloop
  endfacet
  facet normal 0.8932243011955157 0.44961132965460593 0
    outer loop
      vertex 15.593815306379398 7.375325361672366 0
      vertex 15.213141810009125 8.13159371024846 0
      vertex 15.593815306379398 7.375325361672366 2
    endloop
  endfacet
  facet normal 0.8700869911087111 0.49289819222978454 0
    outer loop
      vertex 15.213141810009125 8.13159371024846 2
      vertex 14.795818522504693 8.868272337333076 0
      vertex 14.795818522504693 8.868272337333076 2
    endloop
  endfacet
  facet normal 0 0 1
    outer loop
      vertex 15.01304240330841 6.218605775932709 2
      vertex 15.213141810009125 8.13159371024846 2
      vertex 14.689826013255955 6.947770268242084 2
    endloop
  endfacet
  facet normal 0 0 1
    outer loop
      vertex 13.93808991250442 8.354169593139854 2
      vertex 14.33122054566077 7.660196973422462 2
      vertex 14.342850812218906 9.583586519588138 2
    endloop
  endfacet
  facet normal 0 0 1
    outer loop
      vertex 14.689826013255955 6.947770268242084 2
      vertex 14.795818522504693 8.868272337333076 2
      vertex 14.33122054566077 7.660196973422462 2
    endloop
  endfacet
  facet normal 0 0 1
    outer loop
      vertex 14.689826013255955 6.947770268242084 2
      vertex 15.213141810009125 8.13159371024846 2
      vertex 14.795818522504693 8.868272337333076 2
    endloop
  endfacet
  facet normal 0.9329927988347388 0.3598950365349879 0
    outer loop
      vertex 15.936921935819695 6.601289208297799 0
      vertex 15.936921935819695 6.601289208297799 2
      vertex 16.241635124407107 5.811349971015796 2
    endloop
  endfacet
  facet normal 0.9637760657954401 0.26671275747489753 0
    outer loop
      vertex 16.733039117605884 4.191408103331302 2
      vertex 16.507220791380604 5.007410682639475 0
      vertex 16.507220791380604 5.007410682639475 2
    endloop
  endfacet
  facet normal 0.9495281805930359 0.31368174039889346 0
    outer loop
      vertex 16.241635124407107 5.811349971015796 0
      vertex 16.241635124407107 5.811349971015796 2
      vertex 16.507220791380604 5.007410682639475 2
    endloop
  endfacet
  facet normal 0 0 1
    outer loop
      vertex 15.937760806552495 3.170217732762084 2
      vertex 15.936921935819695 6.601289208297799 2
      vertex 15.763007864411339 3.9484279234280377 2
    endloop
  endfacet
  facet normal 0 0 1
    outer loop
      vertex 15.763007864411339 3.9484279234280377 2
      vertex 15.936921935819695 6.601289208297799 2
      vertex 15.550280455648393 4.717126005385013 2
    endloop
  endfacet
  facet normal 0 0 1
    outer loop
      vertex 15.937760806552495 3.170217732762084 2
      vertex 16.241635124407107 5.811349971015796 2
      vertex 15.936921935819695 6.601289208297799 2
    endloop
  endfacet
  facet normal 0 0 1
    outer loop
      vertex 15.550280455648393 4.717126005385013 2
      vertex 15.593815306379398 7.375325361672366 2
      vertex 15.300091059224089 5.474460117623575 2
    endloop
  endfacet
  facet normal 0 0 1
    outer loop
      vertex 15.01304240330841 6.218605775932709 2
      vertex 15.300091059224089 5.474460117623575 2
      vertex 15.593815306379398 7.375325361672366 2
    endloop
  endfacet
  facet normal 0 0 1
    outer loop
      vertex 15.550280455648393 4.717126005385013 2
      vertex 15.936921935819695 6.601289208297799 2
      vertex 15.593815306379398 7.375325361672366 2
    endloop
  endfacet
  facet normal 0.9142097557035311 0.40524131400498886 0
    outer loop
      vertex 15.593815306379398 7.375325361672366 0
      vertex 15.593815306379398 7.375325361672366 2
      vertex 15.936921935819695 6.601289208297799 2
    endloop
  endfacet
  facet normal 0.8932243011955157 0.44961132965460593 0
    outer loop
      vertex 15.213141810009125 8.13159371024846 0
      vertex 15.213141810009125 8.13159371024846 2
      vertex 15.593815306379398 7.375325361672366 2
    endloop
  endfacet
  facet normal 0 0 1
    outer loop
      vertex 15.01304240330841 6.218605775932709 2
      vertex 15.593815306379398 7.375325361672366 2
      vertex 15.213141810009125 8.13159371024846 2
    endloop
  endfacet
  facet normal 0.6895405447370663 0.7242470829514674 0
    outer loop
      vertex 11.584391971111067 12.781406912373045 0
      vertex 11.584391971111067 12.781406912373045 2
      vertex 12.197591975467946 12.197591975467946 0
    endloop
  endfacet
  facet normal 0.7242470829514674 0.6895405447370663 0
    outer loop
      vertex 12.781406912373045 11.584391971111067 0
      vertex 12.197591975467946 12.197591975467946 0
      vertex 12.781406912373045 11.584391971111067 2
    endloop
  endfacet
  facet normal 0 0 1
    outer loop
      vertex 10.308890867659239 12.561419867144476 2
      vertex 10.912833016264049 12.040455787018086 2
      vertex 10.943284151822885 13.334430320507213 2
    endloop
  endfacet
  facet normal 0.6895405447370663 0.7242470829514674 0
    outer loop
      vertex 12.197591975467946 12.197591975467946 0
      vertex 11.584391971111067 12.781406912373045 2
      vertex 12.197591975467946 12.197591975467946 2
    endloop
  endfacet
  facet normal 0.7242470829514674 0.6895405447370663 0
    outer loop
      vertex 12.197591975467946 12.197591975467946 0
      vertex 12.197591975467946 12.197591975467946 2
      vertex 12.781406912373045 11.584391971111067 2
    endloop
  endfacet
  facet normal 0 0 1
    outer loop
      vertex 10.912833016264049 12.040455787018086 2
      vertex 11.584391971111067 12.781406912373045 2
      vertex 10.943284151822885 13.334430320507213 2
    endloop
  endfacet
  facet normal 0 0 1
    outer loop
      vertex 11.490485194281398 11.490485194281398 2
      vertex 11.584391971111067 12.781406912373045 2
      vertex 10.912833016264049 12.040455787018086 2
    endloop
  endfacet
  facet normal 0 0 1
    outer loop
      vertex 11.490485194281398 11.490485194281398 2
      vertex 12.197591975467946 12.197591975467946 2
      vertex 11.584391971111067 12.781406912373045 2
    endloop
  endfacet
  facet normal 0 0 1
    outer loop
      vertex 11.490485194281398 11.490485194281398 2
      vertex 12.040455787018086 10.912833016264049 2
      vertex 12.197591975467946 12.197591975467946 2
    endloop
  endfacet
  facet normal 0 0 1
    outer loop
      vertex 12.040455787018086 10.912833016264049 2
      vertex 12.781406912373045 11.584391971111067 2
      vertex 12.197591975467946 12.197591975467946 2
    endloop
  endfacet
  facet normal 0 0 1
    outer loop
      vertex 12.561419867144476 10.308890867659239 2
      vertex 12.781406912373045 11.584391971111067 2
      vertex 12.040455787018086 10.912833016264049 2
    endloop
  endfacet
  facet normal 0 0 1
    outer loop
      vertex 12.561419867144476 10.308890867659239 2
      vertex 13.334430320507213 10.943284151822885 2
      vertex 12.781406912373045 11.584391971111067 2
    endloop
  endfacet
  facet normal 0.5349976198870972 0.8448535652497071 0
    outer loop
      vertex 8.868272337333076 14.795818522504693 0
      vertex 8.868272337333076 14.795818522504693 2
      vertex 9.583586519588138 14.342850812218906 0
    endloop
  endfacet
  facet normal 0.6152315905806267 0.7883464276266064 0
    outer loop
      vertex 10.275813002494475 13.855329918041125 0
      vertex 10.275813002494475 13.855329918041125 2
      vertex 10.943284151822885 13.334430320507213 0
    endloop
  endfacet
  facet normal 0.5758081914178452 0.8175848131515837 0
    outer loop
      vertex 9.583586519588138 14.342850812218906 0
      vertex 9.583586519588138 14.342850812218906 2
      vertex 10.275813002494475 13.855329918041125 0
    endloop
  endfacet
  facet normal 0.6531728429537768 0.7572088465064846 0
    outer loop
      vertex 11.584391971111067 12.781406912373045 0
      vertex 10.943284151822885 13.334430320507213 0
      vertex 10.943284151822885 13.334430320507213 2
    endloop
  endfacet
  facet normal 0.5349976198870972 0.8448535652497071 0
    outer loop
      vertex 9.583586519588138 14.342850812218906 0
      vertex 8.868272337333076 14.795818522504693 2
      vertex 9.583586519588138 14.342850812218906 2
    endloop
  endfacet
  facet normal 0.6152315905806267 0.7883464276266064 0
    outer loop
      vertex 10.943284151822885 13.334430320507213 0
      vertex 10.275813002494475 13.855329918041125 2
      vertex 10.943284151822885 13.334430320507213 2
    endloop
  endfacet
  facet normal 0.5758081914178452 0.8175848131515837 0
    outer loop
      vertex 10.275813002494475 13.855329918041125 0
      vertex 9.583586519588138 14.342850812218906 2
      vertex 10.275813002494475 13.855329918041125 2
    endloop
  endfacet
  facet normal 0 0 1
    outer loop
      vertex 8.354169593139854 13.93808991250442 2
      vertex 9.028016286568535 13.51138119991636 2
      vertex 9.583586519588138 14.342850812218906 2
    endloop
  endfacet
  facet normal 0 0 1
    outer loop
      vertex 9.028016286568535 13.51138119991636 2
      vertex 9.680113698002042 13.05212238656048 2
      vertex 10.275813002494475 13.855329918041125 2
    endloop
  endfacet
  facet normal 0 0 1
    outer loop
      vertex 9.028016286568535 13.51138119991636 2
      vertex 10.275813002494475 13.855329918041125 2
      vertex 9.583586519588138 14.342850812218906 2
    endloop
  endfacet
  facet normal 0 0 1
    outer loop
      vertex 8.354169593139854 13.93808991250442 2
      vertex 9.583586519588138 14.342850812218906 2
      vertex 8.868272337333076 14.795818522504693 2
    endloop
  endfacet
  facet normal 0 0 1
    outer loop
      vertex 10.308890867659239 12.561419867144476 2
      vertex 10.943284151822885 13.334430320507213 2
      vertex 9.680113698002042 13.05212238656048 2
    endloop
  endfacet
  facet normal 0 0 1
    outer loop
      vertex 9.680113698002042 13.05212238656048 2
      vertex 10.943284151822885 13.334430320507213 2
      vertex 10.275813002494475 13.855329918041125 2
    endloop
  endfacet
  facet normal 0.6531728429537768 0.7572088465064846 0
    outer loop
      vertex 11.584391971111067 12.781406912373045 0
      vertex 10.943284151822885 13.334430320507213 2
      vertex 11.584391971111067 12.781406912373045 2
    endloop
  endfacet
  facet normal 0.7883464276266064 0.6152315905806267 0
    outer loop
      vertex 13.855329918041125 10.275813002494475 0
      vertex 13.334430320507213 10.943284151822885 0
      vertex 13.855329918041125 10.275813002494475 2
    endloop
  endfacet
  facet normal 0.8448535652497071 0.5349976198870972 0
    outer loop
      vertex 14.342850812218906 9.583586519588138 0
      vertex 14.795818522504693 8.868272337333076 2
      vertex 14.795818522504693 8.868272337333076 0
    endloop
  endfacet
  facet normal 0.8175848131515837 0.5758081914178452 0
    outer loop
      vertex 13.855329918041125 10.275813002494475 0
      vertex 14.342850812218906 9.583586519588138 2
      vertex 14.342850812218906 9.583586519588138 0
    endloop
  endfacet
  facet normal 0.7572088465064846 0.6531728429537768 0
    outer loop
      vertex 12.781406912373045 11.584391971111067 0
      vertex 13.334430320507213 10.943284151822885 2
      vertex 13.334430320507213 10.943284151822885 0
    endloop
  endfacet
  facet normal 0.7883464276266064 0.6152315905806267 0
    outer loop
      vertex 13.334430320507213 10.943284151822885 0
      vertex 13.334430320507213 10.943284151822885 2
      vertex 13.855329918041125 10.275813002494475 2
    endloop
  endfacet
  facet normal 0.8448535652497071 0.5349976198870972 0
    outer loop
      vertex 14.342850812218906 9.583586519588138 0
      vertex 14.342850812218906 9.583586519588138 2
      vertex 14.795818522504693 8.868272337333076 2
    endloop
  endfacet
  facet normal 0.8175848131515837 0.5758081914178452 0
    outer loop
      vertex 13.855329918041125 10.275813002494475 0
      vertex 13.855329918041125 10.275813002494475 2
      vertex 14.342850812218906 9.583586519588138 2
    endloop
  endfacet
  facet normal 0 0 1
    outer loop
      vertex 13.05212238656048 9.680113698002042 2
      vertex 13.51138119991636 9.028016286568535 2
      vertex 13.855329918041125 10.275813002494475 2
    endloop
  endfacet
  facet normal 0 0 1
    outer loop
      vertex 13.93808991250442 8.354169593139854 2
      vertex 14.342850812218906 9.583586519588138 2
      vertex 13.51138119991636 9.028016286568535 2
    endloop
  endfacet
  facet normal 0 0 1
    outer loop
      vertex 13.51138119991636 9.028016286568535 2
      vertex 14.342850812218906 9.583586519588138 2
      vertex 13.855329918041125 10.275813002494475 2
    endloop
  endfacet
  facet normal 0 0 1
    outer loop
      vertex 12.561419867144476 10.308890867659239 2
      vertex 13.05212238656048 9.680113698002042 2
      vertex 13.334430320507213 10.943284151822885 2
    endloop
  endfacet
  facet normal 0 0 1
    outer loop
      vertex 13.05212238656048 9.680113698002042 2
      vertex 13.855329918041125 10.275813002494475 2
      vertex 13.334430320507213 10.943284151822885 2
    endloop
  endfacet
  facet normal 0 0 1
    outer loop
      vertex 14.33122054566077 7.660196973422462 2
      vertex 14.795818522504693 8.868272337333076 2
      vertex 14.342850812218906 9.583586519588138 2
    endloop
  endfacet
  facet normal 0.7572088465064846 0.6531728429537768 0
    outer loop
      vertex 12.781406912373045 11.584391971111067 0
      vertex 12.781406912373045 11.584391971111067 2
      vertex 13.334430320507213 10.943284151822885 2
    endloop
  endfacet
  facet normal 0.8175848131515849 0.5758081914178435 0
    outer loop
      vertex -12.679911587613814 -8.472446053548934 2
      vertex -12.679911587613814 -8.472446053548934 10
      vertex -12.248914855079835 -9.08441439350961 2
    endloop
  endfacet
  facet normal 0.7883464276266057 0.6152315905806276 0
    outer loop
      vertex -11.78840941378174 -9.674497583495594 2
      vertex -12.248914855079835 -9.08441439350961 2
      vertex -12.248914855079835 -9.08441439350961 10
    endloop
  endfacet
  facet normal 0.7572088465064845 0.6531728429537769 0
    outer loop
      vertex -11.78840941378174 -9.674497583495594 2
      vertex -11.78840941378174 -9.674497583495594 10
      vertex -11.299504661663127 -10.24127406141703 2
    endloop
  endfacet
  facet normal 0.7242470829514667 0.689540544737067 0
    outer loop
      vertex -10.78337841309485 -10.78337841309485 2
      vertex -11.299504661663127 -10.24127406141703 2
      vertex -11.299504661663127 -10.24127406141703 10
    endloop
  endfacet
  facet normal 0.689540544737067 0.7242470829514667 0
    outer loop
      vertex -10.78337841309485 -10.78337841309485 2
      vertex -10.78337841309485 -10.78337841309485 10
      vertex -10.24127406141703 -11.299504661663127 2
    endloop
  endfacet
  facet normal 0.6531728429537769 0.7572088465064845 0
    outer loop
      vertex -9.674497583495594 -11.78840941378174 2
      vertex -10.24127406141703 -11.299504661663127 2
      vertex -10.24127406141703 -11.299504661663127 10
    endloop
  endfacet
  facet normal 0.6152315905806276 0.7883464276266057 0
    outer loop
      vertex -9.674497583495594 -11.78840941378174 2
      vertex -9.674497583495594 -11.78840941378174 10
      vertex -9.08441439350961 -12.248914855079835 2
    endloop
  endfacet
  facet normal 0.5758081914178435 0.8175848131515849 0
    outer loop
      vertex -9.08441439350961 -12.248914855079835 2
      vertex -9.08441439350961 -12.248914855079835 10
      vertex -8.472446053548934 -12.679911587613814 2
    endloop
  endfacet
  facet normal 0 0 1
    outer loop
      vertex -15.08494177696291 -2.2376397354442665 2
      vertex -15.08494177696291 2.2376397354442665 2
      vertex -15.176567081751003 -1.4947613900257992 2
    endloop
  endfacet
  facet normal 0 0 1
    outer loop
      vertex -15.176567081751003 -1.4947613900257992 2
      vertex -15.176567081751003 1.4947613900257992 2
      vertex -15.231630707128879 -0.7482820334931247 2
    endloop
  endfacet
  facet normal 0 0 1
    outer loop
      vertex -13.449299281312415 -7.188800236596464 2
      vertex -13.449299281312415 7.188800236596464 2
      vertex -13.785836720132512 -6.520215174811802 2
    endloop
  endfacet
  facet normal 0 0 1
    outer loop
      vertex -13.080361302504148 -7.840066848946632 2
      vertex -13.080361302504148 7.840066848946632 2
      vertex -13.449299281312415 -7.188800236596464 2
    endloop
  endfacet
  facet normal 0 0 1
    outer loop
      vertex -14.593340119916185 -4.426841328130551 2
      vertex -14.593340119916185 4.426841328130551 2
      vertex -14.792976611216796 -3.705447743524774 2
    endloop
  endfacet
  facet normal 0 0 1
    outer loop
      vertex -14.089162870797123 -5.835922343567619 2
      vertex -14.089162870797123 5.835922343567619 2
      vertex -14.358546994041067 -5.137570264231356 2
    endloop
  endfacet
  facet normal 0 0 1
    outer loop
      vertex -14.358546994041067 -5.137570264231356 2
      vertex -14.358546994041067 5.137570264231356 2
      vertex -14.593340119916185 -4.426841328130551 2
    endloop
  endfacet
  facet normal 0 0 1
    outer loop
      vertex -14.792976611216796 -3.705447743524774 2
      vertex -14.792976611216796 3.705447743524774 2
      vertex -14.956975526149265 -2.975127410745956 2
    endloop
  endfacet
  facet normal 0 0 1
    outer loop
      vertex -14.956975526149265 -2.975127410745956 2
      vertex -14.956975526149265 2.975127410745956 2
      vertex -15.08494177696291 -2.2376397354442665 2
    endloop
  endfacet
  facet normal 0 0 1
    outer loop
      vertex -14.089162870797123 -5.835922343567619 2
      vertex -13.785836720132512 -6.520215174811802 2
      vertex -13.785836720132512 6.520215174811802 2
    endloop
  endfacet
  facet normal 0 0 1
    outer loop
      vertex -13.080361302504148 -7.840066848946632 2
      vertex -12.679911587613814 -8.472446053548934 2
      vertex -12.679911587613814 8.472446053548934 2
    endloop
  endfacet
  facet normal 0 0 1
    outer loop
      vertex -12.679911587613814 -8.472446053548934 2
      vertex -12.248914855079835 -9.08441439350961 2
      vertex -12.248914855079835 9.08441439350961 2
    endloop
  endfacet
  facet normal 0 0 1
    outer loop
      vertex -11.78840941378174 -9.674497583495594 2
      vertex -11.78840941378174 9.674497583495594 2
      vertex -12.248914855079835 -9.08441439350961 2
    endloop
  endfacet
  facet normal 0 0 1
    outer loop
      vertex -10.78337841309485 -10.78337841309485 2
      vertex -10.78337841309485 10.78337841309485 2
      vertex -11.299504661663127 -10.24127406141703 2
    endloop
  endfacet
  facet normal 0 0 1
    outer loop
      vertex -11.78840941378174 -9.674497583495594 2
      vertex -11.299504661663127 -10.24127406141703 2
      vertex -11.299504661663127 10.24127406141703 2
    endloop
  endfacet
  facet normal 0 0 1
    outer loop
      vertex -10.78337841309485 -10.78337841309485 2
      vertex -10.24127406141703 -11.299504661663127 2
      vertex -10.24127406141703 11.299504661663127 2
    endloop
  endfacet
  facet normal 0 0 1
    outer loop
      vertex -9.674497583495594 -11.78840941378174 2
      vertex -9.674497583495594 11.78840941378174 2
      vertex -10.24127406141703 -11.299504661663127 2
    endloop
  endfacet
  facet normal 0 0 1
    outer loop
      vertex -9.674497583495594 -11.78840941378174 2
      vertex -9.08441439350961 -12.248914855079835 2
      vertex -9.08441439350961 12.248914855079835 2
    endloop
  endfacet
  facet normal 0 0 1
    outer loop
      vertex -9.08441439350961 -12.248914855079835 2
      vertex -8.472446053548934 -12.679911587613814 2
      vertex -8.472446053548934 12.679911587613814 2
    endloop
  endfacet
  facet normal 0.844853565249707 0.5349976198870973 0
    outer loop
      vertex -13.080361302504148 -7.840066848946632 2
      vertex -13.080361302504148 -7.840066848946632 10
      vertex -12.679911587613814 -8.472446053548934 2
    endloop
  endfacet
  facet normal 0.8932243011955152 0.44961132965460665 0
    outer loop
      vertex -13.449299281312415 -7.188800236596464 2
      vertex -13.785836720132512 -6.520215174811802 2
      vertex -13.785836720132512 -6.520215174811802 10
    endloop
  endfacet
  facet normal 0.8700869911087107 0.49289819222978537 0
    outer loop
      vertex -13.080361302504148 -7.840066848946632 2
      vertex -13.449299281312415 -7.188800236596464 2
      vertex -13.449299281312415 -7.188800236596464 10
    endloop
  endfacet
  facet normal 0.932992798834739 0.35989503653498806 0
    outer loop
      vertex -14.089162870797123 -5.835922343567619 2
      vertex -14.358546994041067 -5.137570264231356 2
      vertex -14.358546994041067 -5.137570264231356 10
    endloop
  endfacet
  facet normal 0.9495281805930369 0.313681740398891 0
    outer loop
      vertex -14.358546994041067 -5.137570264231356 2
      vertex -14.593340119916185 -4.426841328130551 2
      vertex -14.593340119916185 -4.426841328130551 10
    endloop
  endfacet
  facet normal 0.9142097557035309 0.40524131400498925 0
    outer loop
      vertex -14.089162870797123 -5.835922343567619 2
      vertex -14.089162870797123 -5.835922343567619 10
      vertex -13.785836720132512 -6.520215174811802 2
    endloop
  endfacet
  facet normal 0.99247953459871 0.12241067519921556 0
    outer loop
      vertex -15.08494177696291 -2.2376397354442665 2
      vertex -15.176567081751003 -1.4947613900257992 2
      vertex -15.176567081751003 -1.4947613900257992 10
    endloop
  endfacet
  facet normal 0.9972904566786903 0.07356456359966711 0
    outer loop
      vertex -15.176567081751003 -1.4947613900257992 2
      vertex -15.231630707128879 -0.7482820334931247 2
      vertex -15.231630707128879 -0.7482820334931247 10
    endloop
  endfacet
  facet normal 0.9996988186962042 0.02454122852291226 0
    outer loop
      vertex -15.231630707128879 -0.7482820334931247 2
      vertex -15.25 0 2
      vertex -15.25 0 10
    endloop
  endfacet
  facet normal 0.9637760657954398 0.26671275747489853 0
    outer loop
      vertex -14.593340119916185 -4.426841328130551 2
      vertex -14.792976611216796 -3.705447743524774 2
      vertex -14.792976611216796 -3.705447743524774 10
    endloop
  endfacet
  facet normal 0.9757021300385285 0.21910124015687021 0
    outer loop
      vertex -14.792976611216796 -3.705447743524774 2
      vertex -14.956975526149265 -2.975127410745956 2
      vertex -14.956975526149265 -2.975127410745956 10
    endloop
  endfacet
  facet normal 0.9852776423889411 0.170961888760302 0
    outer loop
      vertex -14.956975526149265 -2.975127410745956 2
      vertex -15.08494177696291 -2.2376397354442665 2
      vertex -15.08494177696291 -2.2376397354442665 10
    endloop
  endfacet
  facet normal 0.49289819222978537 0.8700869911087107 0
    outer loop
      vertex -7.840066848946632 -13.080361302504148 2
      vertex -7.840066848946632 -13.080361302504148 10
      vertex -7.188800236596464 -13.449299281312415 2
    endloop
  endfacet
  facet normal 0.44961132965460665 0.8932243011955152 0
    outer loop
      vertex -7.188800236596464 -13.449299281312415 2
      vertex -7.188800236596464 -13.449299281312415 10
      vertex -6.520215174811802 -13.785836720132512 2
    endloop
  endfacet
  facet normal 0.35989503653498806 0.932992798834739 0
    outer loop
      vertex -5.835922343567619 -14.089162870797123 2
      vertex -5.835922343567619 -14.089162870797123 10
      vertex -5.137570264231356 -14.358546994041067 2
    endloop
  endfacet
  facet normal 0.40524131400498925 0.9142097557035309 0
    outer loop
      vertex -6.520215174811802 -13.785836720132512 2
      vertex -6.520215174811802 -13.785836720132512 10
      vertex -5.835922343567619 -14.089162870797123 2
    endloop
  endfacet
  facet normal 0.313681740398891 0.9495281805930369 0
    outer loop
      vertex -5.137570264231356 -14.358546994041067 2
      vertex -5.137570264231356 -14.358546994041067 10
      vertex -4.426841328130551 -14.593340119916185 2
    endloop
  endfacet
  facet normal 0.5349976198870973 0.844853565249707 0
    outer loop
      vertex -8.472446053548934 -12.679911587613814 2
      vertex -8.472446053548934 -12.679911587613814 10
      vertex -7.840066848946632 -13.080361302504148 2
    endloop
  endfacet
  facet normal 0.26671275747489853 0.9637760657954398 0
    outer loop
      vertex -4.426841328130551 -14.593340119916185 2
      vertex -4.426841328130551 -14.593340119916185 10
      vertex -3.705447743524774 -14.792976611216796 2
    endloop
  endfacet
  facet normal 0.21910124015687021 0.9757021300385285 0
    outer loop
      vertex -3.705447743524774 -14.792976611216796 2
      vertex -3.705447743524774 -14.792976611216796 10
      vertex -2.975127410745956 -14.956975526149265 2
    endloop
  endfacet
  facet normal 0.170961888760302 0.9852776423889411 0
    outer loop
      vertex -2.975127410745956 -14.956975526149265 2
      vertex -2.975127410745956 -14.956975526149265 10
      vertex -2.2376397354442665 -15.08494177696291 2
    endloop
  endfacet
  facet normal 0.12241067519921556 0.99247953459871 0
    outer loop
      vertex -2.2376397354442665 -15.08494177696291 2
      vertex -2.2376397354442665 -15.08494177696291 10
      vertex -1.4947613900257992 -15.176567081751003 2
    endloop
  endfacet
  facet normal 0.07356456359966711 0.9972904566786903 0
    outer loop
      vertex -1.4947613900257992 -15.176567081751003 2
      vertex -1.4947613900257992 -15.176567081751003 10
      vertex -0.7482820334931247 -15.231630707128879 2
    endloop
  endfacet
  facet normal 0.02454122852291226 0.9996988186962042 0
    outer loop
      vertex -0.7482820334931247 -15.231630707128879 2
      vertex -0.7482820334931247 -15.231630707128879 10
      vertex 0 -15.25 2
    endloop
  endfacet
  facet normal 0 0 1
    outer loop
      vertex -7.840066848946632 -13.080361302504148 2
      vertex -7.188800236596464 -13.449299281312415 2
      vertex -7.188800236596464 13.449299281312415 2
    endloop
  endfacet
  facet normal 0 0 1
    outer loop
      vertex -7.188800236596464 -13.449299281312415 2
      vertex -6.520215174811802 -13.785836720132512 2
      vertex -6.520215174811802 13.785836720132512 2
    endloop
  endfacet
  facet normal 0 0 1
    outer loop
      vertex -6.520215174811802 -13.785836720132512 2
      vertex -5.835922343567619 -14.089162870797123 2
      vertex -5.835922343567619 14.089162870797123 2
    endloop
  endfacet
  facet normal 0 0 1
    outer loop
      vertex -5.835922343567619 -14.089162870797123 2
      vertex -5.137570264231356 -14.358546994041067 2
      vertex -5.137570264231356 14.358546994041067 2
    endloop
  endfacet
  facet normal 0 0 1
    outer loop
      vertex -5.137570264231356 -14.358546994041067 2
      vertex -4.426841328130551 -14.593340119916185 2
      vertex -4.426841328130551 14.593340119916185 2
    endloop
  endfacet
  facet normal 0 0 1
    outer loop
      vertex -8.472446053548934 -12.679911587613814 2
      vertex -7.840066848946632 -13.080361302504148 2
      vertex -7.840066848946632 13.080361302504148 2
    endloop
  endfacet
  facet normal 0 0 1
    outer loop
      vertex -4.426841328130551 -14.593340119916185 2
      vertex -3.705447743524774 -14.792976611216796 2
      vertex -3.705447743524774 14.792976611216796 2
    endloop
  endfacet
  facet normal 0 0 1
    outer loop
      vertex -3.705447743524774 -14.792976611216796 2
      vertex -2.975127410745956 -14.956975526149265 2
      vertex -2.975127410745956 14.956975526149265 2
    endloop
  endfacet
  facet normal 0 0 1
    outer loop
      vertex -2.975127410745956 -14.956975526149265 2
      vertex -2.2376397354442665 -15.08494177696291 2
      vertex -2.2376397354442665 15.08494177696291 2
    endloop
  endfacet
  facet normal 0 0 1
    outer loop
      vertex -2.2376397354442665 -15.08494177696291 2
      vertex -1.4947613900257992 -15.176567081751003 2
      vertex -1.4947613900257992 15.176567081751003 2
    endloop
  endfacet
  facet normal 0 0 1
    outer loop
      vertex -1.4947613900257992 -15.176567081751003 2
      vertex -0.7482820334931247 -15.231630707128879 2
      vertex -0.7482820334931247 15.231630707128879 2
    endloop
  endfacet
  facet normal 0 0 1
    outer loop
      vertex -0.7482820334931247 -15.231630707128879 2
      vertex 0 -15.25 2
      vertex 0 15.25 2
    endloop
  endfacet
  facet normal 0.7883464276266057 0.6152315905806276 0
    outer loop
      vertex -11.78840941378174 -9.674497583495594 2
      vertex -12.248914855079835 -9.08441439350961 10
      vertex -11.78840941378174 -9.674497583495594 10
    endloop
  endfacet
  facet normal 0.8175848131515849 0.5758081914178435 0
    outer loop
      vertex -12.248914855079835 -9.08441439350961 2
      vertex -12.679911587613814 -8.472446053548934 10
      vertex -12.248914855079835 -9.08441439350961 10
    endloop
  endfacet
  facet normal 0.7572088465064845 0.6531728429537769 0
    outer loop
      vertex -11.299504661663127 -10.24127406141703 2
      vertex -11.78840941378174 -9.674497583495594 10
      vertex -11.299504661663127 -10.24127406141703 10
    endloop
  endfacet
  facet normal 0.7242470829514667 0.689540544737067 0
    outer loop
      vertex -10.78337841309485 -10.78337841309485 2
      vertex -11.299504661663127 -10.24127406141703 10
      vertex -10.78337841309485 -10.78337841309485 10
    endloop
  endfacet
  facet normal 0.689540544737067 0.7242470829514667 0
    outer loop
      vertex -10.24127406141703 -11.299504661663127 2
      vertex -10.78337841309485 -10.78337841309485 10
      vertex -10.24127406141703 -11.299504661663127 10
    endloop
  endfacet
  facet normal 0.6531728429537769 0.7572088465064845 0
    outer loop
      vertex -9.674497583495594 -11.78840941378174 2
      vertex -10.24127406141703 -11.299504661663127 10
      vertex -9.674497583495594 -11.78840941378174 10
    endloop
  endfacet
  facet normal 0.6152315905806276 0.7883464276266057 0
    outer loop
      vertex -9.08441439350961 -12.248914855079835 2
      vertex -9.674497583495594 -11.78840941378174 10
      vertex -9.08441439350961 -12.248914855079835 10
    endloop
  endfacet
  facet normal 0.5758081914178435 0.8175848131515849 0
    outer loop
      vertex -8.472446053548934 -12.679911587613814 2
      vertex -9.08441439350961 -12.248914855079835 10
      vertex -8.472446053548934 -12.679911587613814 10
    endloop
  endfacet
  facet normal 0.8700869911087107 0.49289819222978537 0
    outer loop
      vertex -13.080361302504148 -7.840066848946632 2
      vertex -13.449299281312415 -7.188800236596464 10
      vertex -13.080361302504148 -7.840066848946632 10
    endloop
  endfacet
  facet normal 0.8932243011955152 0.44961132965460665 0
    outer loop
      vertex -13.449299281312415 -7.188800236596464 2
      vertex -13.785836720132512 -6.520215174811802 10
      vertex -13.449299281312415 -7.188800236596464 10
    endloop
  endfacet
  facet normal 0.932992798834739 0.35989503653498806 0
    outer loop
      vertex -14.089162870797123 -5.835922343567619 2
      vertex -14.358546994041067 -5.137570264231356 10
      vertex -14.089162870797123 -5.835922343567619 10
    endloop
  endfacet
  facet normal 0.9495281805930369 0.313681740398891 0
    outer loop
      vertex -14.358546994041067 -5.137570264231356 2
      vertex -14.593340119916185 -4.426841328130551 10
      vertex -14.358546994041067 -5.137570264231356 10
    endloop
  endfacet
  facet normal 0.9142097557035309 0.40524131400498925 0
    outer loop
      vertex -13.785836720132512 -6.520215174811802 2
      vertex -14.089162870797123 -5.835922343567619 10
      vertex -13.785836720132512 -6.520215174811802 10
    endloop
  endfacet
  facet normal 0.99247953459871 0.12241067519921556 0
    outer loop
      vertex -15.08494177696291 -2.2376397354442665 2
      vertex -15.176567081751003 -1.4947613900257992 10
      vertex -15.08494177696291 -2.2376397354442665 10
    endloop
  endfacet
  facet normal 0.9972904566786903 0.07356456359966711 0
    outer loop
      vertex -15.176567081751003 -1.4947613900257992 2
      vertex -15.231630707128879 -0.7482820334931247 10
      vertex -15.176567081751003 -1.4947613900257992 10
    endloop
  endfacet
  facet normal 0.9996988186962042 0.02454122852291226 0
    outer loop
      vertex -15.231630707128879 -0.7482820334931247 2
      vertex -15.25 0 10
      vertex -15.231630707128879 -0.7482820334931247 10
    endloop
  endfacet
  facet normal 0.9637760657954398 0.26671275747489853 0
    outer loop
      vertex -14.593340119916185 -4.426841328130551 2
      vertex -14.792976611216796 -3.705447743524774 10
      vertex -14.593340119916185 -4.426841328130551 10
    endloop
  endfacet
  facet normal 0.9757021300385285 0.21910124015687021 0
    outer loop
      vertex -14.792976611216796 -3.705447743524774 2
      vertex -14.956975526149265 -2.975127410745956 10
      vertex -14.792976611216796 -3.705447743524774 10
    endloop
  endfacet
  facet normal 0.9852776423889411 0.170961888760302 0
    outer loop
      vertex -14.956975526149265 -2.975127410745956 2
      vertex -15.08494177696291 -2.2376397354442665 10
      vertex -14.956975526149265 -2.975127410745956 10
    endloop
  endfacet
  facet normal 0.844853565249707 0.5349976198870973 0
    outer loop
      vertex -12.679911587613814 -8.472446053548934 2
      vertex -13.080361302504148 -7.840066848946632 10
      vertex -12.679911587613814 -8.472446053548934 10
    endloop
  endfacet
  facet normal 0.5349976198870973 0.844853565249707 0
    outer loop
      vertex -7.840066848946632 -13.080361302504148 2
      vertex -8.472446053548934 -12.679911587613814 10
      vertex -7.840066848946632 -13.080361302504148 10
    endloop
  endfacet
  facet normal 0.49289819222978537 0.8700869911087107 0
    outer loop
      vertex -7.188800236596464 -13.449299281312415 2
      vertex -7.840066848946632 -13.080361302504148 10
      vertex -7.188800236596464 -13.449299281312415 10
    endloop
  endfacet
  facet normal 0.44961132965460665 0.8932243011955152 0
    outer loop
      vertex -6.520215174811802 -13.785836720132512 2
      vertex -7.188800236596464 -13.449299281312415 10
      vertex -6.520215174811802 -13.785836720132512 10
    endloop
  endfacet
  facet normal 0.40524131400498925 0.9142097557035309 0
    outer loop
      vertex -5.835922343567619 -14.089162870797123 2
      vertex -6.520215174811802 -13.785836720132512 10
      vertex -5.835922343567619 -14.089162870797123 10
    endloop
  endfacet
  facet normal 0.35989503653498806 0.932992798834739 0
    outer loop
      vertex -5.137570264231356 -14.358546994041067 2
      vertex -5.835922343567619 -14.089162870797123 10
      vertex -5.137570264231356 -14.358546994041067 10
    endloop
  endfacet
  facet normal 0.313681740398891 0.9495281805930369 0
    outer loop
      vertex -4.426841328130551 -14.593340119916185 2
      vertex -5.137570264231356 -14.358546994041067 10
      vertex -4.426841328130551 -14.593340119916185 10
    endloop
  endfacet
  facet normal 0.26671275747489853 0.9637760657954398 0
    outer loop
      vertex -3.705447743524774 -14.792976611216796 2
      vertex -4.426841328130551 -14.593340119916185 10
      vertex -3.705447743524774 -14.792976611216796 10
    endloop
  endfacet
  facet normal 0.21910124015687021 0.9757021300385285 0
    outer loop
      vertex -2.975127410745956 -14.956975526149265 2
      vertex -3.705447743524774 -14.792976611216796 10
      vertex -2.975127410745956 -14.956975526149265 10
    endloop
  endfacet
  facet normal 0.170961888760302 0.9852776423889411 0
    outer loop
      vertex -2.2376397354442665 -15.08494177696291 2
      vertex -2.975127410745956 -14.956975526149265 10
      vertex -2.2376397354442665 -15.08494177696291 10
    endloop
  endfacet
  facet normal 0.12241067519921556 0.99247953459871 0
    outer loop
      vertex -1.4947613900257992 -15.176567081751003 2
      vertex -2.2376397354442665 -15.08494177696291 10
      vertex -1.4947613900257992 -15.176567081751003 10
    endloop
  endfacet
  facet normal 0.07356456359966711 0.9972904566786903 0
    outer loop
      vertex -0.7482820334931247 -15.231630707128879 2
      vertex -1.4947613900257992 -15.176567081751003 10
      vertex -0.7482820334931247 -15.231630707128879 10
    endloop
  endfacet
  facet normal 0.02454122852291226 0.9996988186962042 0
    outer loop
      vertex 0 -15.25 2
      vertex -0.7482820334931247 -15.231630707128879 10
      vertex 0 -15.25 10
    endloop
  endfacet
  facet normal 0 0 1
    outer loop
      vertex -15.231630707128879 -0.7482820334931247 2
      vertex -15.231630707128879 0.7482820334931247 2
      vertex -15.25 0 2
    endloop
  endfacet
  facet normal 0 0 1
    outer loop
      vertex -15.231630707128879 -0.7482820334931247 2
      vertex -15.176567081751003 1.4947613900257992 2
      vertex -15.231630707128879 0.7482820334931247 2
    endloop
  endfacet
  facet normal 0 0 1
    outer loop
      vertex -15.176567081751003 -1.4947613900257992 2
      vertex -15.08494177696291 2.2376397354442665 2
      vertex -15.176567081751003 1.4947613900257992 2
    endloop
  endfacet
  facet normal 0 0 1
    outer loop
      vertex -15.08494177696291 -2.2376397354442665 2
      vertex -14.956975526149265 2.975127410745956 2
      vertex -15.08494177696291 2.2376397354442665 2
    endloop
  endfacet
  facet normal 0 0 1
    outer loop
      vertex -14.956975526149265 -2.975127410745956 2
      vertex -14.792976611216796 3.705447743524774 2
      vertex -14.956975526149265 2.975127410745956 2
    endloop
  endfacet
  facet normal 0 0 1
    outer loop
      vertex -14.792976611216796 -3.705447743524774 2
      vertex -14.593340119916185 4.426841328130551 2
      vertex -14.792976611216796 3.705447743524774 2
    endloop
  endfacet
  facet normal 0 0 1
    outer loop
      vertex -14.593340119916185 -4.426841328130551 2
      vertex -14.358546994041067 5.137570264231356 2
      vertex -14.593340119916185 4.426841328130551 2
    endloop
  endfacet
  facet normal 0 0 1
    outer loop
      vertex -14.358546994041067 -5.137570264231356 2
      vertex -14.089162870797123 5.835922343567619 2
      vertex -14.358546994041067 5.137570264231356 2
    endloop
  endfacet
  facet normal 0 0 1
    outer loop
      vertex -14.089162870797123 -5.835922343567619 2
      vertex -13.785836720132512 6.520215174811802 2
      vertex -14.089162870797123 5.835922343567619 2
    endloop
  endfacet
  facet normal 0 0 1
    outer loop
      vertex -13.785836720132512 -6.520215174811802 2
      vertex -13.449299281312415 7.188800236596464 2
      vertex -13.785836720132512 6.520215174811802 2
    endloop
  endfacet
  facet normal 0 0 1
    outer loop
      vertex -13.449299281312415 -7.188800236596464 2
      vertex -13.080361302504148 7.840066848946632 2
      vertex -13.449299281312415 7.188800236596464 2
    endloop
  endfacet
  facet normal 0 0 1
    outer loop
      vertex -13.080361302504148 -7.840066848946632 2
      vertex -12.679911587613814 8.472446053548934 2
      vertex -13.080361302504148 7.840066848946632 2
    endloop
  endfacet
  facet normal 0 0 1
    outer loop
      vertex -12.679911587613814 -8.472446053548934 2
      vertex -12.248914855079835 9.08441439350961 2
      vertex -12.679911587613814 8.472446053548934 2
    endloop
  endfacet
  facet normal 0 0 1
    outer loop
      vertex -12.248914855079835 -9.08441439350961 2
      vertex -11.78840941378174 9.674497583495594 2
      vertex -12.248914855079835 9.08441439350961 2
    endloop
  endfacet
  facet normal 0 0 1
    outer loop
      vertex -11.78840941378174 -9.674497583495594 2
      vertex -11.299504661663127 10.24127406141703 2
      vertex -11.78840941378174 9.674497583495594 2
    endloop
  endfacet
  facet normal 0 0 1
    outer loop
      vertex -11.299504661663127 -10.24127406141703 2
      vertex -10.78337841309485 10.78337841309485 2
      vertex -11.299504661663127 10.24127406141703 2
    endloop
  endfacet
  facet normal 0 0 1
    outer loop
      vertex -10.78337841309485 -10.78337841309485 2
      vertex -10.24127406141703 11.299504661663127 2
      vertex -10.78337841309485 10.78337841309485 2
    endloop
  endfacet
  facet normal 0 0 1
    outer loop
      vertex -10.24127406141703 -11.299504661663127 2
      vertex -9.674497583495594 11.78840941378174 2
      vertex -10.24127406141703 11.299504661663127 2
    endloop
  endfacet
  facet normal 0 0 1
    outer loop
      vertex -9.674497583495594 -11.78840941378174 2
      vertex -9.08441439350961 12.248914855079835 2
      vertex -9.674497583495594 11.78840941378174 2
    endloop
  endfacet
  facet normal 0 0 1
    outer loop
      vertex -9.08441439350961 -12.248914855079835 2
      vertex -8.472446053548934 12.679911587613814 2
      vertex -9.08441439350961 12.248914855079835 2
    endloop
  endfacet
  facet normal 0.9996988186962042 -0.02454122852291226 0
    outer loop
      vertex -15.25 0 2
      vertex -15.231630707128879 0.7482820334931247 2
      vertex -15.231630707128879 0.7482820334931247 10
    endloop
  endfacet
  facet normal 0.9972904566786903 -0.07356456359966711 0
    outer loop
      vertex -15.231630707128879 0.7482820334931247 2
      vertex -15.176567081751003 1.4947613900257992 2
      vertex -15.176567081751003 1.4947613900257992 10
    endloop
  endfacet
  facet normal 0.99247953459871 -0.12241067519921556 0
    outer loop
      vertex -15.176567081751003 1.4947613900257992 2
      vertex -15.08494177696291 2.2376397354442665 2
      vertex -15.08494177696291 2.2376397354442665 10
    endloop
  endfacet
  facet normal 0.9852776423889411 -0.170961888760302 0
    outer loop
      vertex -15.08494177696291 2.2376397354442665 2
      vertex -14.956975526149265 2.975127410745956 2
      vertex -14.956975526149265 2.975127410745956 10
    endloop
  endfacet
  facet normal 0.9757021300385285 -0.21910124015687021 0
    outer loop
      vertex -14.956975526149265 2.975127410745956 2
      vertex -14.792976611216796 3.705447743524774 2
      vertex -14.792976611216796 3.705447743524774 10
    endloop
  endfacet
  facet normal 0.9637760657954398 -0.26671275747489853 0
    outer loop
      vertex -14.792976611216796 3.705447743524774 2
      vertex -14.593340119916185 4.426841328130551 2
      vertex -14.593340119916185 4.426841328130551 10
    endloop
  endfacet
  facet normal 0.9495281805930369 -0.313681740398891 0
    outer loop
      vertex -14.593340119916185 4.426841328130551 2
      vertex -14.358546994041067 5.137570264231356 2
      vertex -14.358546994041067 5.137570264231356 10
    endloop
  endfacet
  facet normal 0.932992798834739 -0.35989503653498806 0
    outer loop
      vertex -14.358546994041067 5.137570264231356 2
      vertex -14.089162870797123 5.835922343567619 2
      vertex -14.089162870797123 5.835922343567619 10
    endloop
  endfacet
  facet normal 0.9142097557035309 -0.40524131400498925 0
    outer loop
      vertex -14.089162870797123 5.835922343567619 2
      vertex -13.785836720132512 6.520215174811802 2
      vertex -13.785836720132512 6.520215174811802 10
    endloop
  endfacet
  facet normal 0.8932243011955152 -0.44961132965460665 0
    outer loop
      vertex -13.785836720132512 6.520215174811802 2
      vertex -13.449299281312415 7.188800236596464 2
      vertex -13.449299281312415 7.188800236596464 10
    endloop
  endfacet
  facet normal 0.8700869911087107 -0.49289819222978537 0
    outer loop
      vertex -13.449299281312415 7.188800236596464 2
      vertex -13.080361302504148 7.840066848946632 2
      vertex -13.080361302504148 7.840066848946632 10
    endloop
  endfacet
  facet normal 0.844853565249707 -0.5349976198870973 0
    outer loop
      vertex -13.080361302504148 7.840066848946632 2
      vertex -12.679911587613814 8.472446053548934 2
      vertex -12.679911587613814 8.472446053548934 10
    endloop
  endfacet
  facet normal 0.8175848131515849 -0.5758081914178435 0
    outer loop
      vertex -12.679911587613814 8.472446053548934 2
      vertex -12.248914855079835 9.08441439350961 2
      vertex -12.248914855079835 9.08441439350961 10
    endloop
  endfacet
  facet normal 0.7883464276266057 -0.6152315905806276 0
    outer loop
      vertex -12.248914855079835 9.08441439350961 2
      vertex -11.78840941378174 9.674497583495594 2
      vertex -11.78840941378174 9.674497583495594 10
    endloop
  endfacet
  facet normal 0.7572088465064845 -0.6531728429537769 0
    outer loop
      vertex -11.78840941378174 9.674497583495594 2
      vertex -11.299504661663127 10.24127406141703 2
      vertex -11.299504661663127 10.24127406141703 10
    endloop
  endfacet
  facet normal 0.7242470829514667 -0.689540544737067 0
    outer loop
      vertex -11.299504661663127 10.24127406141703 2
      vertex -10.78337841309485 10.78337841309485 2
      vertex -10.78337841309485 10.78337841309485 10
    endloop
  endfacet
  facet normal 0.689540544737067 -0.7242470829514667 0
    outer loop
      vertex -10.78337841309485 10.78337841309485 2
      vertex -10.24127406141703 11.299504661663127 2
      vertex -10.24127406141703 11.299504661663127 10
    endloop
  endfacet
  facet normal 0.6531728429537769 -0.7572088465064845 0
    outer loop
      vertex -10.24127406141703 11.299504661663127 2
      vertex -9.674497583495594 11.78840941378174 2
      vertex -9.674497583495594 11.78840941378174 10
    endloop
  endfacet
  facet normal 0.6152315905806276 -0.7883464276266057 0
    outer loop
      vertex -9.674497583495594 11.78840941378174 2
      vertex -9.08441439350961 12.248914855079835 2
      vertex -9.08441439350961 12.248914855079835 10
    endloop
  endfacet
  facet normal 0.5758081914178435 -0.8175848131515849 0
    outer loop
      vertex -9.08441439350961 12.248914855079835 2
      vertex -8.472446053548934 12.679911587613814 2
      vertex -8.472446053548934 12.679911587613814 10
    endloop
  endfacet
  facet normal 0 0 1
    outer loop
      vertex -8.472446053548934 -12.679911587613814 2
      vertex -7.840066848946632 13.080361302504148 2
      vertex -8.472446053548934 12.679911587613814 2
    endloop
  endfacet
  facet normal 0 0 1
    outer loop
      vertex -7.840066848946632 -13.080361302504148 2
      vertex -7.188800236596464 13.449299281312415 2
      vertex -7.840066848946632 13.080361302504148 2
    endloop
  endfacet
  facet normal 0 0 1
    outer loop
      vertex -7.188800236596464 -13.449299281312415 2
      vertex -6.520215174811802 13.785836720132512 2
      vertex -7.188800236596464 13.449299281312415 2
    endloop
  endfacet
  facet normal 0 0 1
    outer loop
      vertex -6.520215174811802 -13.785836720132512 2
      vertex -5.835922343567619 14.089162870797123 2
      vertex -6.520215174811802 13.785836720132512 2
    endloop
  endfacet
  facet normal 0 0 1
    outer loop
      vertex -5.835922343567619 -14.089162870797123 2
      vertex -5.137570264231356 14.358546994041067 2
      vertex -5.835922343567619 14.089162870797123 2
    endloop
  endfacet
  facet normal 0 0 1
    outer loop
      vertex -5.137570264231356 -14.358546994041067 2
      vertex -4.426841328130551 14.593340119916185 2
      vertex -5.137570264231356 14.358546994041067 2
    endloop
  endfacet
  facet normal 0 0 1
    outer loop
      vertex -4.426841328130551 -14.593340119916185 2
      vertex -3.705447743524774 14.792976611216796 2
      vertex -4.426841328130551 14.593340119916185 2
    endloop
  endfacet
  facet normal 0 0 1
    outer loop
      vertex -3.705447743524774 -14.792976611216796 2
      vertex -2.975127410745956 14.956975526149265 2
      vertex -3.705447743524774 14.792976611216796 2
    endloop
  endfacet
  facet normal 0 0 1
    outer loop
      vertex -2.975127410745956 -14.956975526149265 2
      vertex -2.2376397354442665 15.08494177696291 2
      vertex -2.975127410745956 14.956975526149265 2
    endloop
  endfacet
  facet normal 0 0 1
    outer loop
      vertex -2.2376397354442665 -15.08494177696291 2
      vertex -1.4947613900257992 15.176567081751003 2
      vertex -2.2376397354442665 15.08494177696291 2
    endloop
  endfacet
  facet normal 0 0 1
    outer loop
      vertex -1.4947613900257992 -15.176567081751003 2
      vertex -0.7482820334931247 15.231630707128879 2
      vertex -1.4947613900257992 15.176567081751003 2
    endloop
  endfacet
  facet normal 0 0 1
    outer loop
      vertex -0.7482820334931247 -15.231630707128879 2
      vertex 0 15.25 2
      vertex -0.7482820334931247 15.231630707128879 2
    endloop
  endfacet
  facet normal 0.5349976198870973 -0.844853565249707 0
    outer loop
      vertex -8.472446053548934 12.679911587613814 2
      vertex -7.840066848946632 13.080361302504148 2
      vertex -7.840066848946632 13.080361302504148 10
    endloop
  endfacet
  facet normal 0.49289819222978537 -0.8700869911087107 0
    outer loop
      vertex -7.840066848946632 13.080361302504148 2
      vertex -7.188800236596464 13.449299281312415 2
      vertex -7.188800236596464 13.449299281312415 10
    endloop
  endfacet
  facet normal 0.44961132965460665 -0.8932243011955152 0
    outer loop
      vertex -7.188800236596464 13.449299281312415 2
      vertex -6.520215174811802 13.785836720132512 2
      vertex -6.520215174811802 13.785836720132512 10
    endloop
  endfacet
  facet normal 0.40524131400498925 -0.9142097557035309 0
    outer loop
      vertex -6.520215174811802 13.785836720132512 2
      vertex -5.835922343567619 14.089162870797123 2
      vertex -5.835922343567619 14.089162870797123 10
    endloop
  endfacet
  facet normal 0.35989503653498806 -0.932992798834739 0
    outer loop
      vertex -5.835922343567619 14.089162870797123 2
      vertex -5.137570264231356 14.358546994041067 2
      vertex -5.137570264231356 14.358546994041067 10
    endloop
  endfacet
  facet normal 0.313681740398891 -0.9495281805930369 0
    outer loop
      vertex -5.137570264231356 14.358546994041067 2
      vertex -4.426841328130551 14.593340119916185 2
      vertex -4.426841328130551 14.593340119916185 10
    endloop
  endfacet
  facet normal 0.26671275747489853 -0.9637760657954398 0
    outer loop
      vertex -4.426841328130551 14.593340119916185 2
      vertex -3.705447743524774 14.792976611216796 2
      vertex -3.705447743524774 14.792976611216796 10
    endloop
  endfacet
  facet normal 0.21910124015687021 -0.9757021300385285 0
    outer loop
      vertex -3.705447743524774 14.792976611216796 2
      vertex -2.975127410745956 14.956975526149265 2
      vertex -2.975127410745956 14.956975526149265 10
    endloop
  endfacet
  facet normal 0.170961888760302 -0.9852776423889411 0
    outer loop
      vertex -2.975127410745956 14.956975526149265 2
      vertex -2.2376397354442665 15.08494177696291 2
      vertex -2.2376397354442665 15.08494177696291 10
    endloop
  endfacet
  facet normal 0.12241067519921556 -0.99247953459871 0
    outer loop
      vertex -2.2376397354442665 15.08494177696291 2
      vertex -1.4947613900257992 15.176567081751003 2
      vertex -1.4947613900257992 15.176567081751003 10
    endloop
  endfacet
  facet normal 0.07356456359966711 -0.9972904566786903 0
    outer loop
      vertex -1.4947613900257992 15.176567081751003 2
      vertex -0.7482820334931247 15.231630707128879 2
      vertex -0.7482820334931247 15.231630707128879 10
    endloop
  endfacet
  facet normal 0.02454122852291226 -0.9996988186962042 0
    outer loop
      vertex -0.7482820334931247 15.231630707128879 2
      vertex 0 15.25 2
      vertex 0 15.25 10
    endloop
  endfacet
  facet normal 0.9996988186962042 -0.02454122852291226 0
    outer loop
      vertex -15.25 0 2
      vertex -15.231630707128879 0.7482820334931247 10
      vertex -15.25 0 10
    endloop
  endfacet
  facet normal 0.9972904566786903 -0.07356456359966711 0
    outer loop
      vertex -15.231630707128879 0.7482820334931247 2
      vertex -15.176567081751003 1.4947613900257992 10
      vertex -15.231630707128879 0.7482820334931247 10
    endloop
  endfacet
  facet normal 0.99247953459871 -0.12241067519921556 0
    outer loop
      vertex -15.176567081751003 1.4947613900257992 2
      vertex -15.08494177696291 2.2376397354442665 10
      vertex -15.176567081751003 1.4947613900257992 10
    endloop
  endfacet
  facet normal 0.9852776423889411 -0.170961888760302 0
    outer loop
      vertex -15.08494177696291 2.2376397354442665 2
      vertex -14.956975526149265 2.975127410745956 10
      vertex -15.08494177696291 2.2376397354442665 10
    endloop
  endfacet
  facet normal 0.9757021300385285 -0.21910124015687021 0
    outer loop
      vertex -14.956975526149265 2.975127410745956 2
      vertex -14.792976611216796 3.705447743524774 10
      vertex -14.956975526149265 2.975127410745956 10
    endloop
  endfacet
  facet normal 0.9637760657954398 -0.26671275747489853 0
    outer loop
      vertex -14.792976611216796 3.705447743524774 2
      vertex -14.593340119916185 4.426841328130551 10
      vertex -14.792976611216796 3.705447743524774 10
    endloop
  endfacet
  facet normal 0.9495281805930369 -0.313681740398891 0
    outer loop
      vertex -14.593340119916185 4.426841328130551 2
      vertex -14.358546994041067 5.137570264231356 10
      vertex -14.593340119916185 4.426841328130551 10
    endloop
  endfacet
  facet normal 0.932992798834739 -0.35989503653498806 0
    outer loop
      vertex -14.358546994041067 5.137570264231356 2
      vertex -14.089162870797123 5.835922343567619 10
      vertex -14.358546994041067 5.137570264231356 10
    endloop
  endfacet
  facet normal 0.9142097557035309 -0.40524131400498925 0
    outer loop
      vertex -14.089162870797123 5.835922343567619 2
      vertex -13.785836720132512 6.520215174811802 10
      vertex -14.089162870797123 5.835922343567619 10
    endloop
  endfacet
  facet normal 0.8932243011955152 -0.44961132965460665 0
    outer loop
      vertex -13.785836720132512 6.520215174811802 2
      vertex -13.449299281312415 7.188800236596464 10
      vertex -13.785836720132512 6.520215174811802 10
    endloop
  endfacet
  facet normal 0.8700869911087107 -0.49289819222978537 0
    outer loop
      vertex -13.449299281312415 7.188800236596464 2
      vertex -13.080361302504148 7.840066848946632 10
      vertex -13.449299281312415 7.188800236596464 10
    endloop
  endfacet
  facet normal 0.844853565249707 -0.5349976198870973 0
    outer loop
      vertex -13.080361302504148 7.840066848946632 2
      vertex -12.679911587613814 8.472446053548934 10
      vertex -13.080361302504148 7.840066848946632 10
    endloop
  endfacet
  facet normal 0.8175848131515849 -0.5758081914178435 0
    outer loop
      vertex -12.679911587613814 8.472446053548934 2
      vertex -12.248914855079835 9.08441439350961 10
      vertex -12.679911587613814 8.472446053548934 10
    endloop
  endfacet
  facet normal 0.7883464276266057 -0.6152315905806276 0
    outer loop
      vertex -12.248914855079835 9.08441439350961 2
      vertex -11.78840941378174 9.674497583495594 10
      vertex -12.248914855079835 9.08441439350961 10
    endloop
  endfacet
  facet normal 0.7572088465064845 -0.6531728429537769 0
    outer loop
      vertex -11.78840941378174 9.674497583495594 2
      vertex -11.299504661663127 10.24127406141703 10
      vertex -11.78840941378174 9.674497583495594 10
    endloop
  endfacet
  facet normal 0.7242470829514667 -0.689540544737067 0
    outer loop
      vertex -11.299504661663127 10.24127406141703 2
      vertex -10.78337841309485 10.78337841309485 10
      vertex -11.299504661663127 10.24127406141703 10
    endloop
  endfacet
  facet normal 0.689540544737067 -0.7242470829514667 0
    outer loop
      vertex -10.78337841309485 10.78337841309485 2
      vertex -10.24127406141703 11.299504661663127 10
      vertex -10.78337841309485 10.78337841309485 10
    endloop
  endfacet
  facet normal 0.6531728429537769 -0.7572088465064845 0
    outer loop
      vertex -10.24127406141703 11.299504661663127 2
      vertex -9.674497583495594 11.78840941378174 10
      vertex -10.24127406141703 11.299504661663127 10
    endloop
  endfacet
  facet normal 0.6152315905806276 -0.7883464276266057 0
    outer loop
      vertex -9.674497583495594 11.78840941378174 2
      vertex -9.08441439350961 12.248914855079835 10
      vertex -9.674497583495594 11.78840941378174 10
    endloop
  endfacet
  facet normal 0.5758081914178435 -0.8175848131515849 0
    outer loop
      vertex -9.08441439350961 12.248914855079835 2
      vertex -8.472446053548934 12.679911587613814 10
      vertex -9.08441439350961 12.248914855079835 10
    endloop
  endfacet
  facet normal 0.5349976198870973 -0.844853565249707 0
    outer loop
      vertex -8.472446053548934 12.679911587613814 2
      vertex -7.840066848946632 13.080361302504148 10
      vertex -8.472446053548934 12.679911587613814 10
    endloop
  endfacet
  facet normal 0.49289819222978537 -0.8700869911087107 0
    outer loop
      vertex -7.840066848946632 13.080361302504148 2
      vertex -7.188800236596464 13.449299281312415 10
      vertex -7.840066848946632 13.080361302504148 10
    endloop
  endfacet
  facet normal 0.44961132965460665 -0.8932243011955152 0
    outer loop
      vertex -7.188800236596464 13.449299281312415 2
      vertex -6.520215174811802 13.785836720132512 10
      vertex -7.188800236596464 13.449299281312415 10
    endloop
  endfacet
  facet normal 0.40524131400498925 -0.9142097557035309 0
    outer loop
      vertex -6.520215174811802 13.785836720132512 2
      vertex -5.835922343567619 14.089162870797123 10
      vertex -6.520215174811802 13.785836720132512 10
    endloop
  endfacet
  facet normal 0.35989503653498806 -0.932992798834739 0
    outer loop
      vertex -5.835922343567619 14.089162870797123 2
      vertex -5.137570264231356 14.358546994041067 10
      vertex -5.835922343567619 14.089162870797123 10
    endloop
  endfacet
  facet normal 0.313681740398891 -0.9495281805930369 0
    outer loop
      vertex -5.137570264231356 14.358546994041067 2
      vertex -4.426841328130551 14.593340119916185 10
      vertex -5.137570264231356 14.358546994041067 10
    endloop
  endfacet
  facet normal 0.26671275747489853 -0.9637760657954398 0
    outer loop
      vertex -4.426841328130551 14.593340119916185 2
      vertex -3.705447743524774 14.792976611216796 10
      vertex -4.426841328130551 14.593340119916185 10
    endloop
  endfacet
  facet normal 0.21910124015687021 -0.9757021300385285 0
    outer loop
      vertex -3.705447743524774 14.792976611216796 2
      vertex -2.975127410745956 14.956975526149265 10
      vertex -3.705447743524774 14.792976611216796 10
    endloop
  endfacet
  facet normal 0.170961888760302 -0.9852776423889411 0
    outer loop
      vertex -2.975127410745956 14.956975526149265 2
      vertex -2.2376397354442665 15.08494177696291 10
      vertex -2.975127410745956 14.956975526149265 10
    endloop
  endfacet
  facet normal 0.12241067519921556 -0.99247953459871 0
    outer loop
      vertex -2.2376397354442665 15.08494177696291 2
      vertex -1.4947613900257992 15.176567081751003 10
      vertex -2.2376397354442665 15.08494177696291 10
    endloop
  endfacet
  facet normal 0.07356456359966711 -0.9972904566786903 0
    outer loop
      vertex -1.4947613900257992 15.176567081751003 2
      vertex -0.7482820334931247 15.231630707128879 10
      vertex -1.4947613900257992 15.176567081751003 10
    endloop
  endfacet
  facet normal 0.02454122852291226 -0.9996988186962042 0
    outer loop
      vertex -0.7482820334931247 15.231630707128879 2
      vertex 0 15.25 10
      vertex -0.7482820334931247 15.231630707128879 10
    endloop
  endfacet
  facet normal -0.02454122852291226 0.9996988186962042 0
    outer loop
      vertex 0 -15.25 2
      vertex 0 -15.25 10
      vertex 0.7482820334931247 -15.231630707128879 2
    endloop
  endfacet
  facet normal -0.07356456359966711 0.9972904566786903 0
    outer loop
      vertex 0.7482820334931247 -15.231630707128879 2
      vertex 0.7482820334931247 -15.231630707128879 10
      vertex 1.4947613900257992 -15.176567081751003 2
    endloop
  endfacet
  facet normal -0.12241067519921556 0.99247953459871 0
    outer loop
      vertex 1.4947613900257992 -15.176567081751003 2
      vertex 1.4947613900257992 -15.176567081751003 10
      vertex 2.2376397354442665 -15.08494177696291 2
    endloop
  endfacet
  facet normal -0.170961888760302 0.9852776423889411 0
    outer loop
      vertex 2.2376397354442665 -15.08494177696291 2
      vertex 2.2376397354442665 -15.08494177696291 10
      vertex 2.975127410745956 -14.956975526149265 2
    endloop
  endfacet
  facet normal -0.21910124015687021 0.9757021300385285 0
    outer loop
      vertex 2.975127410745956 -14.956975526149265 2
      vertex 2.975127410745956 -14.956975526149265 10
      vertex 3.705447743524774 -14.792976611216796 2
    endloop
  endfacet
  facet normal -0.26671275747489853 0.9637760657954398 0
    outer loop
      vertex 3.705447743524774 -14.792976611216796 2
      vertex 3.705447743524774 -14.792976611216796 10
      vertex 4.426841328130551 -14.593340119916185 2
    endloop
  endfacet
  facet normal -0.313681740398891 0.9495281805930369 0
    outer loop
      vertex 4.426841328130551 -14.593340119916185 2
      vertex 4.426841328130551 -14.593340119916185 10
      vertex 5.137570264231356 -14.358546994041067 2
    endloop
  endfacet
  facet normal -0.35989503653498806 0.932992798834739 0
    outer loop
      vertex 5.137570264231356 -14.358546994041067 2
      vertex 5.137570264231356 -14.358546994041067 10
      vertex 5.835922343567619 -14.089162870797123 2
    endloop
  endfacet
  facet normal -0.40524131400498925 0.9142097557035309 0
    outer loop
      vertex 5.835922343567619 -14.089162870797123 2
      vertex 5.835922343567619 -14.089162870797123 10
      vertex 6.520215174811802 -13.785836720132512 2
    endloop
  endfacet
  facet normal -0.44961132965460665 0.8932243011955152 0
    outer loop
      vertex 6.520215174811802 -13.785836720132512 2
      vertex 6.520215174811802 -13.785836720132512 10
      vertex 7.188800236596464 -13.449299281312415 2
    endloop
  endfacet
  facet normal -0.49289819222978537 0.8700869911087107 0
    outer loop
      vertex 7.188800236596464 -13.449299281312415 2
      vertex 7.188800236596464 -13.449299281312415 10
      vertex 7.840066848946632 -13.080361302504148 2
    endloop
  endfacet
  facet normal -0.5349976198870973 0.844853565249707 0
    outer loop
      vertex 7.840066848946632 -13.080361302504148 2
      vertex 7.840066848946632 -13.080361302504148 10
      vertex 8.472446053548934 -12.679911587613814 2
    endloop
  endfacet
  facet normal 0 0 1
    outer loop
      vertex 0 -15.25 2
      vertex 0.7482820334931247 -15.231630707128879 2
      vertex 0.7482820334931247 15.231630707128879 2
    endloop
  endfacet
  facet normal 0 0 1
    outer loop
      vertex 0.7482820334931247 -15.231630707128879 2
      vertex 1.4947613900257992 -15.176567081751003 2
      vertex 1.4947613900257992 15.176567081751003 2
    endloop
  endfacet
  facet normal 0 0 1
    outer loop
      vertex 1.4947613900257992 -15.176567081751003 2
      vertex 2.2376397354442665 -15.08494177696291 2
      vertex 2.2376397354442665 15.08494177696291 2
    endloop
  endfacet
  facet normal 0 0 1
    outer loop
      vertex 2.2376397354442665 -15.08494177696291 2
      vertex 2.975127410745956 -14.956975526149265 2
      vertex 2.975127410745956 14.956975526149265 2
    endloop
  endfacet
  facet normal 0 0 1
    outer loop
      vertex 2.975127410745956 -14.956975526149265 2
      vertex 3.705447743524774 -14.792976611216796 2
      vertex 3.705447743524774 14.792976611216796 2
    endloop
  endfacet
  facet normal 0 0 1
    outer loop
      vertex 3.705447743524774 -14.792976611216796 2
      vertex 4.426841328130551 -14.593340119916185 2
      vertex 4.426841328130551 14.593340119916185 2
    endloop
  endfacet
  facet normal 0 0 1
    outer loop
      vertex 4.426841328130551 -14.593340119916185 2
      vertex 5.137570264231356 -14.358546994041067 2
      vertex 5.137570264231356 14.358546994041067 2
    endloop
  endfacet
  facet normal 0 0 1
    outer loop
      vertex 5.137570264231356 -14.358546994041067 2
      vertex 5.835922343567619 -14.089162870797123 2
      vertex 5.835922343567619 14.089162870797123 2
    endloop
  endfacet
  facet normal 0 0 1
    outer loop
      vertex 5.835922343567619 -14.089162870797123 2
      vertex 6.520215174811802 -13.785836720132512 2
      vertex 6.520215174811802 13.785836720132512 2
    endloop
  endfacet
  facet normal 0 0 1
    outer loop
      vertex 6.520215174811802 -13.785836720132512 2
      vertex 7.188800236596464 -13.449299281312415 2
      vertex 7.188800236596464 13.449299281312415 2
    endloop
  endfacet
  facet normal 0 0 1
    outer loop
      vertex 7.188800236596464 -13.449299281312415 2
      vertex 7.840066848946632 -13.080361302504148 2
      vertex 7.840066848946632 13.080361302504148 2
    endloop
  endfacet
  facet normal 0 0 1
    outer loop
      vertex 7.840066848946632 -13.080361302504148 2
      vertex 8.472446053548934 -12.679911587613814 2
      vertex 8.472446053548934 12.679911587613814 2
    endloop
  endfacet
  facet normal -0.5758081914178435 0.8175848131515849 0
    outer loop
      vertex 8.472446053548934 -12.679911587613814 2
      vertex 8.472446053548934 -12.679911587613814 10
      vertex 9.08441439350961 -12.248914855079835 2
    endloop
  endfacet
  facet normal -0.6152315905806276 0.7883464276266057 0
    outer loop
      vertex 9.08441439350961 -12.248914855079835 2
      vertex 9.08441439350961 -12.248914855079835 10
      vertex 9.674497583495594 -11.78840941378174 2
    endloop
  endfacet
  facet normal -0.6531728429537769 0.7572088465064845 0
    outer loop
      vertex 9.674497583495594 -11.78840941378174 2
      vertex 9.674497583495594 -11.78840941378174 10
      vertex 10.24127406141703 -11.299504661663127 2
    endloop
  endfacet
  facet normal -0.689540544737067 0.7242470829514667 0
    outer loop
      vertex 10.24127406141703 -11.299504661663127 2
      vertex 10.24127406141703 -11.299504661663127 10
      vertex 10.78337841309485 -10.78337841309485 2
    endloop
  endfacet
  facet normal -0.7242470829514667 0.689540544737067 0
    outer loop
      vertex 10.78337841309485 -10.78337841309485 2
      vertex 10.78337841309485 -10.78337841309485 10
      vertex 11.299504661663127 -10.24127406141703 2
    endloop
  endfacet
  facet normal -0.7572088465064845 0.6531728429537769 0
    outer loop
      vertex 11.299504661663127 -10.24127406141703 2
      vertex 11.299504661663127 -10.24127406141703 10
      vertex 11.78840941378174 -9.674497583495594 2
    endloop
  endfacet
  facet normal -0.7883464276266057 0.6152315905806276 0
    outer loop
      vertex 11.78840941378174 -9.674497583495594 2
      vertex 11.78840941378174 -9.674497583495594 10
      vertex 12.248914855079835 -9.08441439350961 2
    endloop
  endfacet
  facet normal -0.8175848131515849 0.5758081914178435 0
    outer loop
      vertex 12.248914855079835 -9.08441439350961 2
      vertex 12.248914855079835 -9.08441439350961 10
      vertex 12.679911587613814 -8.472446053548934 2
    endloop
  endfacet
  facet normal 0 0 1
    outer loop
      vertex 8.472446053548934 -12.679911587613814 2
      vertex 9.08441439350961 -12.248914855079835 2
      vertex 9.08441439350961 12.248914855079835 2
    endloop
  endfacet
  facet normal 0 0 1
    outer loop
      vertex 9.08441439350961 -12.248914855079835 2
      vertex 9.674497583495594 -11.78840941378174 2
      vertex 9.674497583495594 11.78840941378174 2
    endloop
  endfacet
  facet normal 0 0 1
    outer loop
      vertex 9.674497583495594 -11.78840941378174 2
      vertex 10.24127406141703 -11.299504661663127 2
      vertex 10.24127406141703 11.299504661663127 2
    endloop
  endfacet
  facet normal 0 0 1
    outer loop
      vertex 10.24127406141703 -11.299504661663127 2
      vertex 10.78337841309485 -10.78337841309485 2
      vertex 10.78337841309485 10.78337841309485 2
    endloop
  endfacet
  facet normal 0 0 1
    outer loop
      vertex 10.78337841309485 -10.78337841309485 2
      vertex 11.299504661663127 -10.24127406141703 2
      vertex 11.299504661663127 10.24127406141703 2
    endloop
  endfacet
  facet normal 0 0 1
    outer loop
      vertex 11.299504661663127 -10.24127406141703 2
      vertex 11.78840941378174 -9.674497583495594 2
      vertex 11.78840941378174 9.674497583495594 2
    endloop
  endfacet
  facet normal 0 0 1
    outer loop
      vertex 11.78840941378174 -9.674497583495594 2
      vertex 12.248914855079835 -9.08441439350961 2
      vertex 12.248914855079835 9.08441439350961 2
    endloop
  endfacet
  facet normal 0 0 1
    outer loop
      vertex 12.248914855079835 -9.08441439350961 2
      vertex 12.679911587613814 -8.472446053548934 2
      vertex 12.679911587613814 8.472446053548934 2
    endloop
  endfacet
  facet normal 0 0 1
    outer loop
      vertex 12.679911587613814 -8.472446053548934 2
      vertex 13.080361302504148 -7.840066848946632 2
      vertex 13.080361302504148 7.840066848946632 2
    endloop
  endfacet
  facet normal 0 0 1
    outer loop
      vertex 13.080361302504148 -7.840066848946632 2
      vertex 13.449299281312415 -7.188800236596464 2
      vertex 13.449299281312415 7.188800236596464 2
    endloop
  endfacet
  facet normal 0 0 1
    outer loop
      vertex 13.449299281312415 -7.188800236596464 2
      vertex 13.785836720132512 -6.520215174811802 2
      vertex 13.785836720132512 6.520215174811802 2
    endloop
  endfacet
  facet normal 0 0 1
    outer loop
      vertex 13.785836720132512 -6.520215174811802 2
      vertex 14.089162870797123 -5.835922343567619 2
      vertex 14.089162870797123 5.835922343567619 2
    endloop
  endfacet
  facet normal 0 0 1
    outer loop
      vertex 14.089162870797123 -5.835922343567619 2
      vertex 14.358546994041067 -5.137570264231356 2
      vertex 14.358546994041067 5.137570264231356 2
    endloop
  endfacet
  facet normal 0 0 1
    outer loop
      vertex 14.358546994041067 -5.137570264231356 2
      vertex 14.593340119916185 -4.426841328130551 2
      vertex 14.593340119916185 4.426841328130551 2
    endloop
  endfacet
  facet normal 0 0 1
    outer loop
      vertex 14.593340119916185 -4.426841328130551 2
      vertex 14.792976611216796 -3.705447743524774 2
      vertex 14.792976611216796 3.705447743524774 2
    endloop
  endfacet
  facet normal 0 0 1
    outer loop
      vertex 14.792976611216796 -3.705447743524774 2
      vertex 14.956975526149265 -2.975127410745956 2
      vertex 14.956975526149265 2.975127410745956 2
    endloop
  endfacet
  facet normal 0 0 1
    outer loop
      vertex 14.956975526149265 -2.975127410745956 2
      vertex 15.08494177696291 -2.2376397354442665 2
      vertex 15.08494177696291 2.2376397354442665 2
    endloop
  endfacet
  facet normal 0 0 1
    outer loop
      vertex 15.08494177696291 -2.2376397354442665 2
      vertex 15.176567081751003 -1.4947613900257992 2
      vertex 15.176567081751003 1.4947613900257992 2
    endloop
  endfacet
  facet normal 0 0 1
    outer loop
      vertex 15.176567081751003 -1.4947613900257992 2
      vertex 15.231630707128879 -0.7482820334931247 2
      vertex 15.231630707128879 0.7482820334931247 2
    endloop
  endfacet
  facet normal -0.844853565249707 0.5349976198870973 0
    outer loop
      vertex 12.679911587613814 -8.472446053548934 2
      vertex 12.679911587613814 -8.472446053548934 10
      vertex 13.080361302504148 -7.840066848946632 2
    endloop
  endfacet
  facet normal -0.8700869911087107 0.49289819222978537 0
    outer loop
      vertex 13.080361302504148 -7.840066848946632 2
      vertex 13.080361302504148 -7.840066848946632 10
      vertex 13.449299281312415 -7.188800236596464 2
    endloop
  endfacet
  facet normal -0.8932243011955152 0.44961132965460665 0
    outer loop
      vertex 13.449299281312415 -7.188800236596464 2
      vertex 13.449299281312415 -7.188800236596464 10
      vertex 13.785836720132512 -6.520215174811802 2
    endloop
  endfacet
  facet normal -0.9142097557035309 0.40524131400498925 0
    outer loop
      vertex 13.785836720132512 -6.520215174811802 2
      vertex 13.785836720132512 -6.520215174811802 10
      vertex 14.089162870797123 -5.835922343567619 2
    endloop
  endfacet
  facet normal -0.932992798834739 0.35989503653498806 0
    outer loop
      vertex 14.089162870797123 -5.835922343567619 2
      vertex 14.089162870797123 -5.835922343567619 10
      vertex 14.358546994041067 -5.137570264231356 2
    endloop
  endfacet
  facet normal -0.9495281805930369 0.313681740398891 0
    outer loop
      vertex 14.358546994041067 -5.137570264231356 2
      vertex 14.358546994041067 -5.137570264231356 10
      vertex 14.593340119916185 -4.426841328130551 2
    endloop
  endfacet
  facet normal -0.9637760657954398 0.26671275747489853 0
    outer loop
      vertex 14.593340119916185 -4.426841328130551 2
      vertex 14.593340119916185 -4.426841328130551 10
      vertex 14.792976611216796 -3.705447743524774 2
    endloop
  endfacet
  facet normal -0.9757021300385285 0.21910124015687021 0
    outer loop
      vertex 14.792976611216796 -3.705447743524774 2
      vertex 14.792976611216796 -3.705447743524774 10
      vertex 14.956975526149265 -2.975127410745956 2
    endloop
  endfacet
  facet normal -0.9852776423889411 0.170961888760302 0
    outer loop
      vertex 14.956975526149265 -2.975127410745956 2
      vertex 14.956975526149265 -2.975127410745956 10
      vertex 15.08494177696291 -2.2376397354442665 2
    endloop
  endfacet
  facet normal -0.99247953459871 0.12241067519921556 0
    outer loop
      vertex 15.08494177696291 -2.2376397354442665 2
      vertex 15.08494177696291 -2.2376397354442665 10
      vertex 15.176567081751003 -1.4947613900257992 2
    endloop
  endfacet
  facet normal -0.9972904566786903 0.07356456359966711 0
    outer loop
      vertex 15.176567081751003 -1.4947613900257992 2
      vertex 15.176567081751003 -1.4947613900257992 10
      vertex 15.231630707128879 -0.7482820334931247 2
    endloop
  endfacet
  facet normal -0.9996988186962042 0.02454122852291226 0
    outer loop
      vertex 15.231630707128879 -0.7482820334931247 2
      vertex 15.231630707128879 -0.7482820334931247 10
      vertex 15.25 0 2
    endloop
  endfacet
  facet normal -0.02454122852291226 0.9996988186962042 0
    outer loop
      vertex 0.7482820334931247 -15.231630707128879 2
      vertex 0 -15.25 10
      vertex 0.7482820334931247 -15.231630707128879 10
    endloop
  endfacet
  facet normal -0.07356456359966711 0.9972904566786903 0
    outer loop
      vertex 1.4947613900257992 -15.176567081751003 2
      vertex 0.7482820334931247 -15.231630707128879 10
      vertex 1.4947613900257992 -15.176567081751003 10
    endloop
  endfacet
  facet normal -0.12241067519921556 0.99247953459871 0
    outer loop
      vertex 2.2376397354442665 -15.08494177696291 2
      vertex 1.4947613900257992 -15.176567081751003 10
      vertex 2.2376397354442665 -15.08494177696291 10
    endloop
  endfacet
  facet normal -0.170961888760302 0.9852776423889411 0
    outer loop
      vertex 2.975127410745956 -14.956975526149265 2
      vertex 2.2376397354442665 -15.08494177696291 10
      vertex 2.975127410745956 -14.956975526149265 10
    endloop
  endfacet
  facet normal -0.21910124015687021 0.9757021300385285 0
    outer loop
      vertex 3.705447743524774 -14.792976611216796 2
      vertex 2.975127410745956 -14.956975526149265 10
      vertex 3.705447743524774 -14.792976611216796 10
    endloop
  endfacet
  facet normal -0.26671275747489853 0.9637760657954398 0
    outer loop
      vertex 4.426841328130551 -14.593340119916185 2
      vertex 3.705447743524774 -14.792976611216796 10
      vertex 4.426841328130551 -14.593340119916185 10
    endloop
  endfacet
  facet normal -0.313681740398891 0.9495281805930369 0
    outer loop
      vertex 5.137570264231356 -14.358546994041067 2
      vertex 4.426841328130551 -14.593340119916185 10
      vertex 5.137570264231356 -14.358546994041067 10
    endloop
  endfacet
  facet normal -0.35989503653498806 0.932992798834739 0
    outer loop
      vertex 5.835922343567619 -14.089162870797123 2
      vertex 5.137570264231356 -14.358546994041067 10
      vertex 5.835922343567619 -14.089162870797123 10
    endloop
  endfacet
  facet normal -0.40524131400498925 0.9142097557035309 0
    outer loop
      vertex 6.520215174811802 -13.785836720132512 2
      vertex 5.835922343567619 -14.089162870797123 10
      vertex 6.520215174811802 -13.785836720132512 10
    endloop
  endfacet
  facet normal -0.44961132965460665 0.8932243011955152 0
    outer loop
      vertex 7.188800236596464 -13.449299281312415 2
      vertex 6.520215174811802 -13.785836720132512 10
      vertex 7.188800236596464 -13.449299281312415 10
    endloop
  endfacet
  facet normal -0.49289819222978537 0.8700869911087107 0
    outer loop
      vertex 7.840066848946632 -13.080361302504148 2
      vertex 7.188800236596464 -13.449299281312415 10
      vertex 7.840066848946632 -13.080361302504148 10
    endloop
  endfacet
  facet normal -0.5349976198870973 0.844853565249707 0
    outer loop
      vertex 8.472446053548934 -12.679911587613814 2
      vertex 7.840066848946632 -13.080361302504148 10
      vertex 8.472446053548934 -12.679911587613814 10
    endloop
  endfacet
  facet normal -0.5758081914178435 0.8175848131515849 0
    outer loop
      vertex 9.08441439350961 -12.248914855079835 2
      vertex 8.472446053548934 -12.679911587613814 10
      vertex 9.08441439350961 -12.248914855079835 10
    endloop
  endfacet
  facet normal -0.6152315905806276 0.7883464276266057 0
    outer loop
      vertex 9.674497583495594 -11.78840941378174 2
      vertex 9.08441439350961 -12.248914855079835 10
      vertex 9.674497583495594 -11.78840941378174 10
    endloop
  endfacet
  facet normal -0.6531728429537769 0.7572088465064845 0
    outer loop
      vertex 10.24127406141703 -11.299504661663127 2
      vertex 9.674497583495594 -11.78840941378174 10
      vertex 10.24127406141703 -11.299504661663127 10
    endloop
  endfacet
  facet normal -0.689540544737067 0.7242470829514667 0
    outer loop
      vertex 10.78337841309485 -10.78337841309485 2
      vertex 10.24127406141703 -11.299504661663127 10
      vertex 10.78337841309485 -10.78337841309485 10
    endloop
  endfacet
  facet normal -0.7242470829514667 0.689540544737067 0
    outer loop
      vertex 11.299504661663127 -10.24127406141703 2
      vertex 10.78337841309485 -10.78337841309485 10
      vertex 11.299504661663127 -10.24127406141703 10
    endloop
  endfacet
  facet normal -0.7572088465064845 0.6531728429537769 0
    outer loop
      vertex 11.78840941378174 -9.674497583495594 2
      vertex 11.299504661663127 -10.24127406141703 10
      vertex 11.78840941378174 -9.674497583495594 10
    endloop
  endfacet
  facet normal -0.7883464276266057 0.6152315905806276 0
    outer loop
      vertex 12.248914855079835 -9.08441439350961 2
      vertex 11.78840941378174 -9.674497583495594 10
      vertex 12.248914855079835 -9.08441439350961 10
    endloop
  endfacet
  facet normal -0.8175848131515849 0.5758081914178435 0
    outer loop
      vertex 12.679911587613814 -8.472446053548934 2
      vertex 12.248914855079835 -9.08441439350961 10
      vertex 12.679911587613814 -8.472446053548934 10
    endloop
  endfacet
  facet normal -0.844853565249707 0.5349976198870973 0
    outer loop
      vertex 13.080361302504148 -7.840066848946632 2
      vertex 12.679911587613814 -8.472446053548934 10
      vertex 13.080361302504148 -7.840066848946632 10
    endloop
  endfacet
  facet normal -0.8700869911087107 0.49289819222978537 0
    outer loop
      vertex 13.449299281312415 -7.188800236596464 2
      vertex 13.080361302504148 -7.840066848946632 10
      vertex 13.449299281312415 -7.188800236596464 10
    endloop
  endfacet
  facet normal -0.8932243011955152 0.44961132965460665 0
    outer loop
      vertex 13.785836720132512 -6.520215174811802 2
      vertex 13.449299281312415 -7.188800236596464 10
      vertex 13.785836720132512 -6.520215174811802 10
    endloop
  endfacet
  facet normal -0.9142097557035309 0.40524131400498925 0
    outer loop
      vertex 14.089162870797123 -5.835922343567619 2
      vertex 13.785836720132512 -6.520215174811802 10
      vertex 14.089162870797123 -5.835922343567619 10
    endloop
  endfacet
  facet normal -0.932992798834739 0.35989503653498806 0
    outer loop
      vertex 14.358546994041067 -5.137570264231356 2
      vertex 14.089162870797123 -5.835922343567619 10
      vertex 14.358546994041067 -5.137570264231356 10
    endloop
  endfacet
  facet normal -0.9495281805930369 0.313681740398891 0
    outer loop
      vertex 14.593340119916185 -4.426841328130551 2
      vertex 14.358546994041067 -5.137570264231356 10
      vertex 14.593340119916185 -4.426841328130551 10
    endloop
  endfacet
  facet normal -0.9637760657954398 0.26671275747489853 0
    outer loop
      vertex 14.792976611216796 -3.705447743524774 2
      vertex 14.593340119916185 -4.426841328130551 10
      vertex 14.792976611216796 -3.705447743524774 10
    endloop
  endfacet
  facet normal -0.9757021300385285 0.21910124015687021 0
    outer loop
      vertex 14.956975526149265 -2.975127410745956 2
      vertex 14.792976611216796 -3.705447743524774 10
      vertex 14.956975526149265 -2.975127410745956 10
    endloop
  endfacet
  facet normal -0.9852776423889411 0.170961888760302 0
    outer loop
      vertex 15.08494177696291 -2.2376397354442665 2
      vertex 14.956975526149265 -2.975127410745956 10
      vertex 15.08494177696291 -2.2376397354442665 10
    endloop
  endfacet
  facet normal -0.99247953459871 0.12241067519921556 0
    outer loop
      vertex 15.176567081751003 -1.4947613900257992 2
      vertex 15.08494177696291 -2.2376397354442665 10
      vertex 15.176567081751003 -1.4947613900257992 10
    endloop
  endfacet
  facet normal -0.9972904566786903 0.07356456359966711 0
    outer loop
      vertex 15.231630707128879 -0.7482820334931247 2
      vertex 15.176567081751003 -1.4947613900257992 10
      vertex 15.231630707128879 -0.7482820334931247 10
    endloop
  endfacet
  facet normal -0.9996988186962042 0.02454122852291226 0
    outer loop
      vertex 15.25 0 2
      vertex 15.231630707128879 -0.7482820334931247 10
      vertex 15.25 0 10
    endloop
  endfacet
  facet normal 0 0 1
    outer loop
      vertex 0 -15.25 2
      vertex 0.7482820334931247 15.231630707128879 2
      vertex 0 15.25 2
    endloop
  endfacet
  facet normal 0 0 1
    outer loop
      vertex 0.7482820334931247 -15.231630707128879 2
      vertex 1.4947613900257992 15.176567081751003 2
      vertex 0.7482820334931247 15.231630707128879 2
    endloop
  endfacet
  facet normal 0 0 1
    outer loop
      vertex 1.4947613900257992 -15.176567081751003 2
      vertex 2.2376397354442665 15.08494177696291 2
      vertex 1.4947613900257992 15.176567081751003 2
    endloop
  endfacet
  facet normal 0 0 1
    outer loop
      vertex 2.2376397354442665 -15.08494177696291 2
      vertex 2.975127410745956 14.956975526149265 2
      vertex 2.2376397354442665 15.08494177696291 2
    endloop
  endfacet
  facet normal 0 0 1
    outer loop
      vertex 2.975127410745956 -14.956975526149265 2
      vertex 3.705447743524774 14.792976611216796 2
      vertex 2.975127410745956 14.956975526149265 2
    endloop
  endfacet
  facet normal 0 0 1
    outer loop
      vertex 3.705447743524774 -14.792976611216796 2
      vertex 4.426841328130551 14.593340119916185 2
      vertex 3.705447743524774 14.792976611216796 2
    endloop
  endfacet
  facet normal 0 0 1
    outer loop
      vertex 7.840066848946632 -13.080361302504148 2
      vertex 8.472446053548934 12.679911587613814 2
      vertex 7.840066848946632 13.080361302504148 2
    endloop
  endfacet
  facet normal 0 0 1
    outer loop
      vertex 4.426841328130551 -14.593340119916185 2
      vertex 5.137570264231356 14.358546994041067 2
      vertex 4.426841328130551 14.593340119916185 2
    endloop
  endfacet
  facet normal 0 0 1
    outer loop
      vertex 5.137570264231356 -14.358546994041067 2
      vertex 5.835922343567619 14.089162870797123 2
      vertex 5.137570264231356 14.358546994041067 2
    endloop
  endfacet
  facet normal 0 0 1
    outer loop
      vertex 5.835922343567619 -14.089162870797123 2
      vertex 6.520215174811802 13.785836720132512 2
      vertex 5.835922343567619 14.089162870797123 2
    endloop
  endfacet
  facet normal 0 0 1
    outer loop
      vertex 6.520215174811802 -13.785836720132512 2
      vertex 7.188800236596464 13.449299281312415 2
      vertex 6.520215174811802 13.785836720132512 2
    endloop
  endfacet
  facet normal 0 0 1
    outer loop
      vertex 7.188800236596464 -13.449299281312415 2
      vertex 7.840066848946632 13.080361302504148 2
      vertex 7.188800236596464 13.449299281312415 2
    endloop
  endfacet
  facet normal -0.02454122852291226 -0.9996988186962042 0
    outer loop
      vertex 0 15.25 2
      vertex 0.7482820334931247 15.231630707128879 2
      vertex 0.7482820334931247 15.231630707128879 10
    endloop
  endfacet
  facet normal -0.07356456359966711 -0.9972904566786903 0
    outer loop
      vertex 0.7482820334931247 15.231630707128879 2
      vertex 1.4947613900257992 15.176567081751003 2
      vertex 1.4947613900257992 15.176567081751003 10
    endloop
  endfacet
  facet normal -0.12241067519921556 -0.99247953459871 0
    outer loop
      vertex 1.4947613900257992 15.176567081751003 2
      vertex 2.2376397354442665 15.08494177696291 2
      vertex 2.2376397354442665 15.08494177696291 10
    endloop
  endfacet
  facet normal -0.170961888760302 -0.9852776423889411 0
    outer loop
      vertex 2.2376397354442665 15.08494177696291 2
      vertex 2.975127410745956 14.956975526149265 2
      vertex 2.975127410745956 14.956975526149265 10
    endloop
  endfacet
  facet normal -0.21910124015687021 -0.9757021300385285 0
    outer loop
      vertex 2.975127410745956 14.956975526149265 2
      vertex 3.705447743524774 14.792976611216796 2
      vertex 3.705447743524774 14.792976611216796 10
    endloop
  endfacet
  facet normal -0.26671275747489853 -0.9637760657954398 0
    outer loop
      vertex 3.705447743524774 14.792976611216796 2
      vertex 4.426841328130551 14.593340119916185 2
      vertex 4.426841328130551 14.593340119916185 10
    endloop
  endfacet
  facet normal -0.5349976198870973 -0.844853565249707 0
    outer loop
      vertex 7.840066848946632 13.080361302504148 2
      vertex 8.472446053548934 12.679911587613814 2
      vertex 8.472446053548934 12.679911587613814 10
    endloop
  endfacet
  facet normal -0.313681740398891 -0.9495281805930369 0
    outer loop
      vertex 4.426841328130551 14.593340119916185 2
      vertex 5.137570264231356 14.358546994041067 2
      vertex 5.137570264231356 14.358546994041067 10
    endloop
  endfacet
  facet normal -0.40524131400498925 -0.9142097557035309 0
    outer loop
      vertex 5.835922343567619 14.089162870797123 2
      vertex 6.520215174811802 13.785836720132512 2
      vertex 6.520215174811802 13.785836720132512 10
    endloop
  endfacet
  facet normal -0.35989503653498806 -0.932992798834739 0
    outer loop
      vertex 5.137570264231356 14.358546994041067 2
      vertex 5.835922343567619 14.089162870797123 2
      vertex 5.835922343567619 14.089162870797123 10
    endloop
  endfacet
  facet normal -0.44961132965460665 -0.8932243011955152 0
    outer loop
      vertex 6.520215174811802 13.785836720132512 2
      vertex 7.188800236596464 13.449299281312415 2
      vertex 7.188800236596464 13.449299281312415 10
    endloop
  endfacet
  facet normal -0.49289819222978537 -0.8700869911087107 0
    outer loop
      vertex 7.188800236596464 13.449299281312415 2
      vertex 7.840066848946632 13.080361302504148 2
      vertex 7.840066848946632 13.080361302504148 10
    endloop
  endfacet
  facet normal 0 0 1
    outer loop
      vertex 8.472446053548934 -12.679911587613814 2
      vertex 9.08441439350961 12.248914855079835 2
      vertex 8.472446053548934 12.679911587613814 2
    endloop
  endfacet
  facet normal 0 0 1
    outer loop
      vertex 9.08441439350961 -12.248914855079835 2
      vertex 9.674497583495594 11.78840941378174 2
      vertex 9.08441439350961 12.248914855079835 2
    endloop
  endfacet
  facet normal 0 0 1
    outer loop
      vertex 9.674497583495594 -11.78840941378174 2
      vertex 10.24127406141703 11.299504661663127 2
      vertex 9.674497583495594 11.78840941378174 2
    endloop
  endfacet
  facet normal 0 0 1
    outer loop
      vertex 10.24127406141703 -11.299504661663127 2
      vertex 10.78337841309485 10.78337841309485 2
      vertex 10.24127406141703 11.299504661663127 2
    endloop
  endfacet
  facet normal 0 0 1
    outer loop
      vertex 11.299504661663127 -10.24127406141703 2
      vertex 11.78840941378174 9.674497583495594 2
      vertex 11.299504661663127 10.24127406141703 2
    endloop
  endfacet
  facet normal 0 0 1
    outer loop
      vertex 10.78337841309485 -10.78337841309485 2
      vertex 11.299504661663127 10.24127406141703 2
      vertex 10.78337841309485 10.78337841309485 2
    endloop
  endfacet
  facet normal 0 0 1
    outer loop
      vertex 11.78840941378174 -9.674497583495594 2
      vertex 12.248914855079835 9.08441439350961 2
      vertex 11.78840941378174 9.674497583495594 2
    endloop
  endfacet
  facet normal 0 0 1
    outer loop
      vertex 12.248914855079835 -9.08441439350961 2
      vertex 12.679911587613814 8.472446053548934 2
      vertex 12.248914855079835 9.08441439350961 2
    endloop
  endfacet
  facet normal 0 0 1
    outer loop
      vertex 12.679911587613814 -8.472446053548934 2
      vertex 13.080361302504148 7.840066848946632 2
      vertex 12.679911587613814 8.472446053548934 2
    endloop
  endfacet
  facet normal 0 0 1
    outer loop
      vertex 13.785836720132512 -6.520215174811802 2
      vertex 14.089162870797123 5.835922343567619 2
      vertex 13.785836720132512 6.520215174811802 2
    endloop
  endfacet
  facet normal 0 0 1
    outer loop
      vertex 14.956975526149265 -2.975127410745956 2
      vertex 15.08494177696291 2.2376397354442665 2
      vertex 14.956975526149265 2.975127410745956 2
    endloop
  endfacet
  facet normal 0 0 1
    outer loop
      vertex 14.792976611216796 -3.705447743524774 2
      vertex 14.956975526149265 2.975127410745956 2
      vertex 14.792976611216796 3.705447743524774 2
    endloop
  endfacet
  facet normal 0 0 1
    outer loop
      vertex 14.358546994041067 -5.137570264231356 2
      vertex 14.593340119916185 4.426841328130551 2
      vertex 14.358546994041067 5.137570264231356 2
    endloop
  endfacet
  facet normal 0 0 1
    outer loop
      vertex 14.089162870797123 -5.835922343567619 2
      vertex 14.358546994041067 5.137570264231356 2
      vertex 14.089162870797123 5.835922343567619 2
    endloop
  endfacet
  facet normal 0 0 1
    outer loop
      vertex 14.593340119916185 -4.426841328130551 2
      vertex 14.792976611216796 3.705447743524774 2
      vertex 14.593340119916185 4.426841328130551 2
    endloop
  endfacet
  facet normal 0 0 1
    outer loop
      vertex 13.080361302504148 -7.840066848946632 2
      vertex 13.449299281312415 7.188800236596464 2
      vertex 13.080361302504148 7.840066848946632 2
    endloop
  endfacet
  facet normal 0 0 1
    outer loop
      vertex 13.449299281312415 -7.188800236596464 2
      vertex 13.785836720132512 6.520215174811802 2
      vertex 13.449299281312415 7.188800236596464 2
    endloop
  endfacet
  facet normal 0 0 1
    outer loop
      vertex 15.176567081751003 -1.4947613900257992 2
      vertex 15.231630707128879 0.7482820334931247 2
      vertex 15.176567081751003 1.4947613900257992 2
    endloop
  endfacet
  facet normal 0 0 1
    outer loop
      vertex 15.231630707128879 -0.7482820334931247 2
      vertex 15.25 0 2
      vertex 15.231630707128879 0.7482820334931247 2
    endloop
  endfacet
  facet normal 0 0 1
    outer loop
      vertex 15.08494177696291 -2.2376397354442665 2
      vertex 15.176567081751003 1.4947613900257992 2
      vertex 15.08494177696291 2.2376397354442665 2
    endloop
  endfacet
  facet normal -0.9852776423889411 -0.170961888760302 0
    outer loop
      vertex 15.08494177696291 2.2376397354442665 2
      vertex 15.08494177696291 2.2376397354442665 10
      vertex 14.956975526149265 2.975127410745956 2
    endloop
  endfacet
  facet normal -0.9757021300385285 -0.21910124015687021 0
    outer loop
      vertex 14.956975526149265 2.975127410745956 2
      vertex 14.956975526149265 2.975127410745956 10
      vertex 14.792976611216796 3.705447743524774 2
    endloop
  endfacet
  facet normal -0.9637760657954398 -0.26671275747489853 0
    outer loop
      vertex 14.792976611216796 3.705447743524774 2
      vertex 14.792976611216796 3.705447743524774 10
      vertex 14.593340119916185 4.426841328130551 2
    endloop
  endfacet
  facet normal -0.9996988186962042 -0.02454122852291226 0
    outer loop
      vertex 15.25 0 2
      vertex 15.25 0 10
      vertex 15.231630707128879 0.7482820334931247 2
    endloop
  endfacet
  facet normal -0.9972904566786903 -0.07356456359966711 0
    outer loop
      vertex 15.231630707128879 0.7482820334931247 2
      vertex 15.231630707128879 0.7482820334931247 10
      vertex 15.176567081751003 1.4947613900257992 2
    endloop
  endfacet
  facet normal -0.99247953459871 -0.12241067519921556 0
    outer loop
      vertex 15.176567081751003 1.4947613900257992 2
      vertex 15.176567081751003 1.4947613900257992 10
      vertex 15.08494177696291 2.2376397354442665 2
    endloop
  endfacet
  facet normal -0.9142097557035309 -0.40524131400498925 0
    outer loop
      vertex 13.785836720132512 6.520215174811802 2
      vertex 14.089162870797123 5.835922343567619 2
      vertex 14.089162870797123 5.835922343567619 10
    endloop
  endfacet
  facet normal -0.9495281805930369 -0.313681740398891 0
    outer loop
      vertex 14.593340119916185 4.426841328130551 2
      vertex 14.593340119916185 4.426841328130551 10
      vertex 14.358546994041067 5.137570264231356 2
    endloop
  endfacet
  facet normal -0.932992798834739 -0.35989503653498806 0
    outer loop
      vertex 14.358546994041067 5.137570264231356 2
      vertex 14.358546994041067 5.137570264231356 10
      vertex 14.089162870797123 5.835922343567619 2
    endloop
  endfacet
  facet normal -0.8700869911087107 -0.49289819222978537 0
    outer loop
      vertex 13.449299281312415 7.188800236596464 2
      vertex 13.449299281312415 7.188800236596464 10
      vertex 13.080361302504148 7.840066848946632 2
    endloop
  endfacet
  facet normal -0.8932243011955152 -0.44961132965460665 0
    outer loop
      vertex 13.785836720132512 6.520215174811802 2
      vertex 13.785836720132512 6.520215174811802 10
      vertex 13.449299281312415 7.188800236596464 2
    endloop
  endfacet
  facet normal -0.844853565249707 -0.5349976198870973 0
    outer loop
      vertex 12.679911587613814 8.472446053548934 2
      vertex 13.080361302504148 7.840066848946632 2
      vertex 13.080361302504148 7.840066848946632 10
    endloop
  endfacet
  facet normal -0.5758081914178435 -0.8175848131515849 0
    outer loop
      vertex 8.472446053548934 12.679911587613814 2
      vertex 9.08441439350961 12.248914855079835 2
      vertex 9.08441439350961 12.248914855079835 10
    endloop
  endfacet
  facet normal -0.6152315905806276 -0.7883464276266057 0
    outer loop
      vertex 9.08441439350961 12.248914855079835 2
      vertex 9.674497583495594 11.78840941378174 2
      vertex 9.674497583495594 11.78840941378174 10
    endloop
  endfacet
  facet normal -0.6531728429537769 -0.7572088465064845 0
    outer loop
      vertex 10.24127406141703 11.299504661663127 2
      vertex 10.24127406141703 11.299504661663127 10
      vertex 9.674497583495594 11.78840941378174 2
    endloop
  endfacet
  facet normal -0.689540544737067 -0.7242470829514667 0
    outer loop
      vertex 10.24127406141703 11.299504661663127 2
      vertex 10.78337841309485 10.78337841309485 2
      vertex 10.78337841309485 10.78337841309485 10
    endloop
  endfacet
  facet normal -0.7242470829514667 -0.689540544737067 0
    outer loop
      vertex 11.299504661663127 10.24127406141703 2
      vertex 11.299504661663127 10.24127406141703 10
      vertex 10.78337841309485 10.78337841309485 2
    endloop
  endfacet
  facet normal -0.7572088465064845 -0.6531728429537769 0
    outer loop
      vertex 11.299504661663127 10.24127406141703 2
      vertex 11.78840941378174 9.674497583495594 2
      vertex 11.78840941378174 9.674497583495594 10
    endloop
  endfacet
  facet normal -0.7883464276266057 -0.6152315905806276 0
    outer loop
      vertex 12.248914855079835 9.08441439350961 2
      vertex 12.248914855079835 9.08441439350961 10
      vertex 11.78840941378174 9.674497583495594 2
    endloop
  endfacet
  facet normal -0.8175848131515849 -0.5758081914178435 0
    outer loop
      vertex 12.248914855079835 9.08441439350961 2
      vertex 12.679911587613814 8.472446053548934 2
      vertex 12.679911587613814 8.472446053548934 10
    endloop
  endfacet
  facet normal -0.02454122852291226 -0.9996988186962042 0
    outer loop
      vertex 0 15.25 2
      vertex 0.7482820334931247 15.231630707128879 10
      vertex 0 15.25 10
    endloop
  endfacet
  facet normal -0.07356456359966711 -0.9972904566786903 0
    outer loop
      vertex 0.7482820334931247 15.231630707128879 2
      vertex 1.4947613900257992 15.176567081751003 10
      vertex 0.7482820334931247 15.231630707128879 10
    endloop
  endfacet
  facet normal -0.12241067519921556 -0.99247953459871 0
    outer loop
      vertex 1.4947613900257992 15.176567081751003 2
      vertex 2.2376397354442665 15.08494177696291 10
      vertex 1.4947613900257992 15.176567081751003 10
    endloop
  endfacet
  facet normal -0.170961888760302 -0.9852776423889411 0
    outer loop
      vertex 2.2376397354442665 15.08494177696291 2
      vertex 2.975127410745956 14.956975526149265 10
      vertex 2.2376397354442665 15.08494177696291 10
    endloop
  endfacet
  facet normal -0.21910124015687021 -0.9757021300385285 0
    outer loop
      vertex 2.975127410745956 14.956975526149265 2
      vertex 3.705447743524774 14.792976611216796 10
      vertex 2.975127410745956 14.956975526149265 10
    endloop
  endfacet
  facet normal -0.26671275747489853 -0.9637760657954398 0
    outer loop
      vertex 3.705447743524774 14.792976611216796 2
      vertex 4.426841328130551 14.593340119916185 10
      vertex 3.705447743524774 14.792976611216796 10
    endloop
  endfacet
  facet normal -0.313681740398891 -0.9495281805930369 0
    outer loop
      vertex 4.426841328130551 14.593340119916185 2
      vertex 5.137570264231356 14.358546994041067 10
      vertex 4.426841328130551 14.593340119916185 10
    endloop
  endfacet
  facet normal -0.35989503653498806 -0.932992798834739 0
    outer loop
      vertex 5.137570264231356 14.358546994041067 2
      vertex 5.835922343567619 14.089162870797123 10
      vertex 5.137570264231356 14.358546994041067 10
    endloop
  endfacet
  facet normal -0.40524131400498925 -0.9142097557035309 0
    outer loop
      vertex 5.835922343567619 14.089162870797123 2
      vertex 6.520215174811802 13.785836720132512 10
      vertex 5.835922343567619 14.089162870797123 10
    endloop
  endfacet
  facet normal -0.44961132965460665 -0.8932243011955152 0
    outer loop
      vertex 6.520215174811802 13.785836720132512 2
      vertex 7.188800236596464 13.449299281312415 10
      vertex 6.520215174811802 13.785836720132512 10
    endloop
  endfacet
  facet normal -0.49289819222978537 -0.8700869911087107 0
    outer loop
      vertex 7.188800236596464 13.449299281312415 2
      vertex 7.840066848946632 13.080361302504148 10
      vertex 7.188800236596464 13.449299281312415 10
    endloop
  endfacet
  facet normal -0.5349976198870973 -0.844853565249707 0
    outer loop
      vertex 7.840066848946632 13.080361302504148 2
      vertex 8.472446053548934 12.679911587613814 10
      vertex 7.840066848946632 13.080361302504148 10
    endloop
  endfacet
  facet normal -0.844853565249707 -0.5349976198870973 0
    outer loop
      vertex 12.679911587613814 8.472446053548934 2
      vertex 13.080361302504148 7.840066848946632 10
      vertex 12.679911587613814 8.472446053548934 10
    endloop
  endfacet
  facet normal -0.9852776423889411 -0.170961888760302 0
    outer loop
      vertex 14.956975526149265 2.975127410745956 2
      vertex 15.08494177696291 2.2376397354442665 10
      vertex 14.956975526149265 2.975127410745956 10
    endloop
  endfacet
  facet normal -0.9757021300385285 -0.21910124015687021 0
    outer loop
      vertex 14.792976611216796 3.705447743524774 2
      vertex 14.956975526149265 2.975127410745956 10
      vertex 14.792976611216796 3.705447743524774 10
    endloop
  endfacet
  facet normal -0.9637760657954398 -0.26671275747489853 0
    outer loop
      vertex 14.593340119916185 4.426841328130551 2
      vertex 14.792976611216796 3.705447743524774 10
      vertex 14.593340119916185 4.426841328130551 10
    endloop
  endfacet
  facet normal -0.9996988186962042 -0.02454122852291226 0
    outer loop
      vertex 15.231630707128879 0.7482820334931247 2
      vertex 15.25 0 10
      vertex 15.231630707128879 0.7482820334931247 10
    endloop
  endfacet
  facet normal -0.9972904566786903 -0.07356456359966711 0
    outer loop
      vertex 15.176567081751003 1.4947613900257992 2
      vertex 15.231630707128879 0.7482820334931247 10
      vertex 15.176567081751003 1.4947613900257992 10
    endloop
  endfacet
  facet normal -0.99247953459871 -0.12241067519921556 0
    outer loop
      vertex 15.08494177696291 2.2376397354442665 2
      vertex 15.176567081751003 1.4947613900257992 10
      vertex 15.08494177696291 2.2376397354442665 10
    endloop
  endfacet
  facet normal -0.9142097557035309 -0.40524131400498925 0
    outer loop
      vertex 13.785836720132512 6.520215174811802 2
      vertex 14.089162870797123 5.835922343567619 10
      vertex 13.785836720132512 6.520215174811802 10
    endloop
  endfacet
  facet normal -0.9495281805930369 -0.313681740398891 0
    outer loop
      vertex 14.358546994041067 5.137570264231356 2
      vertex 14.593340119916185 4.426841328130551 10
      vertex 14.358546994041067 5.137570264231356 10
    endloop
  endfacet
  facet normal -0.932992798834739 -0.35989503653498806 0
    outer loop
      vertex 14.089162870797123 5.835922343567619 2
      vertex 14.358546994041067 5.137570264231356 10
      vertex 14.089162870797123 5.835922343567619 10
    endloop
  endfacet
  facet normal -0.8932243011955152 -0.44961132965460665 0
    outer loop
      vertex 13.449299281312415 7.188800236596464 2
      vertex 13.785836720132512 6.520215174811802 10
      vertex 13.449299281312415 7.188800236596464 10
    endloop
  endfacet
  facet normal -0.8700869911087107 -0.49289819222978537 0
    outer loop
      vertex 13.080361302504148 7.840066848946632 2
      vertex 13.449299281312415 7.188800236596464 10
      vertex 13.080361302504148 7.840066848946632 10
    endloop
  endfacet
  facet normal -0.5758081914178435 -0.8175848131515849 0
    outer loop
      vertex 8.472446053548934 12.679911587613814 2
      vertex 9.08441439350961 12.248914855079835 10
      vertex 8.472446053548934 12.679911587613814 10
    endloop
  endfacet
  facet normal -0.6152315905806276 -0.7883464276266057 0
    outer loop
      vertex 9.08441439350961 12.248914855079835 2
      vertex 9.674497583495594 11.78840941378174 10
      vertex 9.08441439350961 12.248914855079835 10
    endloop
  endfacet
  facet normal -0.6531728429537769 -0.7572088465064845 0
    outer loop
      vertex 9.674497583495594 11.78840941378174 2
      vertex 10.24127406141703 11.299504661663127 10
      vertex 9.674497583495594 11.78840941378174 10
    endloop
  endfacet
  facet normal -0.689540544737067 -0.7242470829514667 0
    outer loop
      vertex 10.24127406141703 11.299504661663127 2
      vertex 10.78337841309485 10.78337841309485 10
      vertex 10.24127406141703 11.299504661663127 10
    endloop
  endfacet
  facet normal -0.7242470829514667 -0.689540544737067 0
    outer loop
      vertex 10.78337841309485 10.78337841309485 2
      vertex 11.299504661663127 10.24127406141703 10
      vertex 10.78337841309485 10.78337841309485 10
    endloop
  endfacet
  facet normal -0.7572088465064845 -0.6531728429537769 0
    outer loop
      vertex 11.299504661663127 10.24127406141703 2
      vertex 11.78840941378174 9.674497583495594 10
      vertex 11.299504661663127 10.24127406141703 10
    endloop
  endfacet
  facet normal -0.8175848131515849 -0.5758081914178435 0
    outer loop
      vertex 12.248914855079835 9.08441439350961 2
      vertex 12.679911587613814 8.472446053548934 10
      vertex 12.248914855079835 9.08441439350961 10
    endloop
  endfacet
  facet normal -0.7883464276266057 -0.6152315905806276 0
    outer loop
      vertex 11.78840941378174 9.674497583495594 2
      vertex 12.248914855079835 9.08441439350961 10
      vertex 11.78840941378174 9.674497583495594 10
    endloop
  endfacet
endsolid OpenSCAD_Model
