solid OpenSCAD_Model
  facet normal -0.780701 -0.624904 0
    outer loop
      vertex -29.3744 -24.1069 0
      vertex -29.9572 -23.3788 24
      vertex -29.9572 -23.3788 0
    endloop
  endfacet
  facet normal -0.780701 -0.624904 0
    outer loop
      vertex -29.9572 -23.3788 24
      vertex -29.3744 -24.1069 0
      vertex -29.3744 -24.1069 24
    endloop
  endfacet
  facet normal -0.0122234 0.999925 0
    outer loop
      vertex 0 38 0
      vertex -0.932567 37.9886 6.65
      vertex 0 38 6.65
    endloop
  endfacet
  facet normal -0.0122234 0.999925 0
    outer loop
      vertex -0.932567 37.9886 6.65
      vertex 0 38 0
      vertex -0.932567 37.9886 0
    endloop
  endfacet
  facet normal -0.0122234 0.999925 0
    outer loop
      vertex 0 38 10.35
      vertex -0.932567 37.9886 24
      vertex 0 38 24
    endloop
  endfacet
  facet normal -0.0122234 0.999925 0
    outer loop
      vertex -0.932567 37.9886 24
      vertex 0 38 10.35
      vertex -0.932567 37.9886 10.35
    endloop
  endfacet
  facet normal -1 0 0
    outer loop
      vertex -40.75 0 0
      vertex -40.75 23.7 24
      vertex -40.75 23.7 0
    endloop
  endfacet
  facet normal -1 -0 0
    outer loop
      vertex -40.75 23.7 24
      vertex -40.75 0 0
      vertex -40.75 0 24
    endloop
  endfacet
  facet normal 1 -0 0
    outer loop
      vertex 40.75 0 24
      vertex 40.75 23.7 0
      vertex 40.75 23.7 24
    endloop
  endfacet
  facet normal 1 0 0
    outer loop
      vertex 40.75 23.7 0
      vertex 40.75 0 24
      vertex 40.75 0 0
    endloop
  endfacet
  facet normal -0.545312 -0.838233 0
    outer loop
      vertex -21.1117 -31.5958 0
      vertex -20.3299 -32.1044 24
      vertex -21.1117 -31.5958 24
    endloop
  endfacet
  facet normal -0.545312 -0.838233 -0
    outer loop
      vertex -20.3299 -32.1044 24
      vertex -21.1117 -31.5958 0
      vertex -20.3299 -32.1044 0
    endloop
  endfacet
  facet normal -0.732683 -0.68057 0
    outer loop
      vertex -27.5214 -26.2025 0
      vertex -28.1561 -25.5192 24
      vertex -28.1561 -25.5192 0
    endloop
  endfacet
  facet normal -0.732683 -0.68057 0
    outer loop
      vertex -28.1561 -25.5192 24
      vertex -27.5214 -26.2025 0
      vertex -27.5214 -26.2025 24
    endloop
  endfacet
  facet normal -0.503511 -0.863989 0
    outer loop
      vertex -19.5359 -32.5937 0
      vertex -18.7301 -33.0633 24
      vertex -19.5359 -32.5937 24
    endloop
  endfacet
  facet normal -0.503511 -0.863989 -0
    outer loop
      vertex -18.7301 -33.0633 24
      vertex -19.5359 -32.5937 0
      vertex -18.7301 -33.0633 0
    endloop
  endfacet
  facet normal 0.503511 -0.863989 0
    outer loop
      vertex 18.7301 -33.0633 0
      vertex 19.5359 -32.5937 24
      vertex 18.7301 -33.0633 24
    endloop
  endfacet
  facet normal 0.503511 -0.863989 0
    outer loop
      vertex 19.5359 -32.5937 24
      vertex 18.7301 -33.0633 0
      vertex 19.5359 -32.5937 0
    endloop
  endfacet
  facet normal -0.325316 -0.945605 0
    outer loop
      vertex -12.8018 -35.7787 0
      vertex -11.9199 -36.0821 24
      vertex -12.8018 -35.7787 24
    endloop
  endfacet
  facet normal -0.325316 -0.945605 -0
    outer loop
      vertex -11.9199 -36.0821 24
      vertex -12.8018 -35.7787 0
      vertex -11.9199 -36.0821 0
    endloop
  endfacet
  facet normal 0.909154 -0.416459 0
    outer loop
      vertex 34.3516 -16.2471 24
      vertex 34.74 -15.3992 0
      vertex 34.74 -15.3992 24
    endloop
  endfacet
  facet normal 0.909154 -0.416459 0
    outer loop
      vertex 34.74 -15.3992 0
      vertex 34.3516 -16.2471 24
      vertex 34.3516 -16.2471 0
    endloop
  endfacet
  facet normal 0.749099 -0.662458 0
    outer loop
      vertex 28.1561 -25.5192 24
      vertex 28.7739 -24.8206 0
      vertex 28.7739 -24.8206 24
    endloop
  endfacet
  facet normal 0.749099 -0.662458 0
    outer loop
      vertex 28.7739 -24.8206 0
      vertex 28.1561 -25.5192 24
      vertex 28.1561 -25.5192 0
    endloop
  endfacet
  facet normal -0.134565 -0.990905 0
    outer loop
      vertex -5.57576 -37.5887 0
      vertex -4.65161 -37.7142 24
      vertex -5.57576 -37.5887 24
    endloop
  endfacet
  facet normal -0.134565 -0.990905 -0
    outer loop
      vertex -4.65161 -37.7142 24
      vertex -5.57576 -37.5887 0
      vertex -4.65161 -37.7142 0
    endloop
  endfacet
  facet normal -0.231065 0.972938 0
    outer loop
      vertex -8.32585 37.0767 0
      vertex -9.23325 36.8612 24
      vertex -8.32585 37.0767 24
    endloop
  endfacet
  facet normal -0.231065 0.972938 0
    outer loop
      vertex -9.23325 36.8612 24
      vertex -8.32585 37.0767 0
      vertex -9.23325 36.8612 0
    endloop
  endfacet
  facet normal 0.134565 -0.990905 0
    outer loop
      vertex 4.65161 -37.7142 0
      vertex 5.57576 -37.5887 24
      vertex 4.65161 -37.7142 24
    endloop
  endfacet
  facet normal 0.134565 -0.990905 0
    outer loop
      vertex 5.57576 -37.5887 24
      vertex 4.65161 -37.7142 0
      vertex 5.57576 -37.5887 0
    endloop
  endfacet
  facet normal 0.110224 -0.993907 0
    outer loop
      vertex 3.72465 -37.817 0
      vertex 4.65161 -37.7142 24
      vertex 3.72465 -37.817 24
    endloop
  endfacet
  facet normal 0.110224 -0.993907 0
    outer loop
      vertex 4.65161 -37.7142 24
      vertex 3.72465 -37.817 0
      vertex 4.65161 -37.7142 0
    endloop
  endfacet
  facet normal -0.698314 -0.715791 0
    outer loop
      vertex -26.8701 -26.8701 0
      vertex -26.2025 -27.5214 24
      vertex -26.8701 -26.8701 24
    endloop
  endfacet
  facet normal -0.698314 -0.715791 -0
    outer loop
      vertex -26.2025 -27.5214 24
      vertex -26.8701 -26.8701 0
      vertex -26.2025 -27.5214 0
    endloop
  endfacet
  facet normal -0.81049 -0.585753 0
    outer loop
      vertex -30.5219 -22.6366 0
      vertex -31.0682 -21.8807 24
      vertex -31.0682 -21.8807 0
    endloop
  endfacet
  facet normal -0.81049 -0.585753 0
    outer loop
      vertex -31.0682 -21.8807 24
      vertex -30.5219 -22.6366 0
      vertex -30.5219 -22.6366 24
    endloop
  endfacet
  facet normal -0.393945 -0.919134 0
    outer loop
      vertex -15.3992 -34.74 0
      vertex -14.542 -35.1074 24
      vertex -15.3992 -34.74 24
    endloop
  endfacet
  facet normal -0.393945 -0.919134 -0
    outer loop
      vertex -14.542 -35.1074 24
      vertex -15.3992 -34.74 0
      vertex -14.542 -35.1074 0
    endloop
  endfacet
  facet normal -0.876057 -0.482207 0
    outer loop
      vertex -33.0633 -18.7301 0
      vertex -33.513 -17.9131 24
      vertex -33.513 -17.9131 0
    endloop
  endfacet
  facet normal -0.876057 -0.482207 0
    outer loop
      vertex -33.513 -17.9131 24
      vertex -33.0633 -18.7301 0
      vertex -33.0633 -18.7301 24
    endloop
  endfacet
  facet normal 0.565737 -0.824586 0
    outer loop
      vertex 21.1117 -31.5958 0
      vertex 21.8807 -31.0682 24
      vertex 21.1117 -31.5958 24
    endloop
  endfacet
  facet normal 0.565737 -0.824586 0
    outer loop
      vertex 21.8807 -31.0682 24
      vertex 21.1117 -31.5958 0
      vertex 21.8807 -31.0682 0
    endloop
  endfacet
  facet normal -0.60551 -0.795838 0
    outer loop
      vertex -23.3788 -29.9572 0
      vertex -22.6366 -30.5219 24
      vertex -23.3788 -29.9572 24
    endloop
  endfacet
  facet normal -0.60551 -0.795838 -0
    outer loop
      vertex -22.6366 -30.5219 24
      vertex -23.3788 -29.9572 0
      vertex -22.6366 -30.5219 0
    endloop
  endfacet
  facet normal -0.662458 -0.749099 0
    outer loop
      vertex -25.5192 -28.1561 0
      vertex -24.8206 -28.7739 24
      vertex -25.5192 -28.1561 24
    endloop
  endfacet
  facet normal -0.662458 -0.749099 -0
    outer loop
      vertex -24.8206 -28.7739 24
      vertex -25.5192 -28.1561 0
      vertex -24.8206 -28.7739 0
    endloop
  endfacet
  facet normal -0.838233 -0.545312 0
    outer loop
      vertex -31.5958 -21.1117 0
      vertex -32.1044 -20.3299 24
      vertex -32.1044 -20.3299 0
    endloop
  endfacet
  facet normal -0.838233 -0.545312 0
    outer loop
      vertex -32.1044 -20.3299 24
      vertex -31.5958 -21.1117 0
      vertex -31.5958 -21.1117 24
    endloop
  endfacet
  facet normal -0.52463 -0.851331 0
    outer loop
      vertex -20.3299 -32.1044 0
      vertex -19.5359 -32.5937 24
      vertex -20.3299 -32.1044 24
    endloop
  endfacet
  facet normal -0.52463 -0.851331 -0
    outer loop
      vertex -19.5359 -32.5937 24
      vertex -20.3299 -32.1044 0
      vertex -19.5359 -32.5937 0
    endloop
  endfacet
  facet normal -0.301942 -0.953326 0
    outer loop
      vertex -11.9199 -36.0821 0
      vertex -11.0308 -36.3637 24
      vertex -11.9199 -36.0821 24
    endloop
  endfacet
  facet normal -0.301942 -0.953326 -0
    outer loop
      vertex -11.0308 -36.3637 24
      vertex -11.9199 -36.0821 0
      vertex -11.0308 -36.3637 0
    endloop
  endfacet
  facet normal -0.932514 -0.361134 0
    outer loop
      vertex -35.4537 -13.676 0
      vertex -40.75 0 24
      vertex -40.75 0 0
    endloop
  endfacet
  facet normal -0.932514 -0.361134 0
    outer loop
      vertex -40.75 0 24
      vertex -35.4537 -13.676 0
      vertex -35.4537 -13.676 24
    endloop
  endfacet
  facet normal -0.749099 -0.662458 0
    outer loop
      vertex -28.1561 -25.5192 0
      vertex -28.7739 -24.8206 24
      vertex -28.7739 -24.8206 0
    endloop
  endfacet
  facet normal -0.749099 -0.662458 0
    outer loop
      vertex -28.7739 -24.8206 24
      vertex -28.1561 -25.5192 0
      vertex -28.1561 -25.5192 24
    endloop
  endfacet
  facet normal -0.624904 -0.780701 0
    outer loop
      vertex -24.1069 -29.3744 0
      vertex -23.3788 -29.9572 24
      vertex -24.1069 -29.3744 24
    endloop
  endfacet
  facet normal -0.624904 -0.780701 -0
    outer loop
      vertex -23.3788 -29.9572 24
      vertex -24.1069 -29.3744 0
      vertex -23.3788 -29.9572 0
    endloop
  endfacet
  facet normal -0.863989 -0.503511 0
    outer loop
      vertex -32.5937 -19.5359 0
      vertex -33.0633 -18.7301 24
      vertex -33.0633 -18.7301 0
    endloop
  endfacet
  facet normal -0.863989 -0.503511 0
    outer loop
      vertex -33.0633 -18.7301 24
      vertex -32.5937 -19.5359 0
      vertex -32.5937 -19.5359 24
    endloop
  endfacet
  facet normal 0.278571 0.960416 -0
    outer loop
      vertex 11.0308 36.3637 0
      vertex 10.1351 36.6235 24
      vertex 11.0308 36.3637 24
    endloop
  endfacet
  facet normal 0.278571 0.960416 0
    outer loop
      vertex 10.1351 36.6235 24
      vertex 11.0308 36.3637 0
      vertex 10.1351 36.6235 0
    endloop
  endfacet
  facet normal -0.371298 -0.928514 0
    outer loop
      vertex -14.542 -35.1074 0
      vertex -13.676 -35.4537 24
      vertex -14.542 -35.1074 24
    endloop
  endfacet
  facet normal -0.371298 -0.928514 -0
    outer loop
      vertex -13.676 -35.4537 24
      vertex -14.542 -35.1074 0
      vertex -13.676 -35.4537 0
    endloop
  endfacet
  facet normal -0.393945 0.919134 0
    outer loop
      vertex -14.542 35.1074 0
      vertex -15.3992 34.74 24
      vertex -14.542 35.1074 24
    endloop
  endfacet
  facet normal -0.393945 0.919134 0
    outer loop
      vertex -15.3992 34.74 24
      vertex -14.542 35.1074 0
      vertex -15.3992 34.74 0
    endloop
  endfacet
  facet normal -0.207049 -0.978331 0
    outer loop
      vertex -8.32585 -37.0767 0
      vertex -7.41343 -37.2698 24
      vertex -8.32585 -37.0767 24
    endloop
  endfacet
  facet normal -0.207049 -0.978331 -0
    outer loop
      vertex -7.41343 -37.2698 24
      vertex -8.32585 -37.0767 0
      vertex -7.41343 -37.2698 0
    endloop
  endfacet
  facet normal -0.482207 -0.876057 0
    outer loop
      vertex -18.7301 -33.0633 0
      vertex -17.9131 -33.513 24
      vertex -18.7301 -33.0633 24
    endloop
  endfacet
  facet normal -0.482207 -0.876057 -0
    outer loop
      vertex -17.9131 -33.513 24
      vertex -18.7301 -33.0633 0
      vertex -17.9131 -33.513 0
    endloop
  endfacet
  facet normal -0.158799 0.987311 0
    outer loop
      vertex -5.57576 37.5887 0
      vertex -6.49655 37.4406 24
      vertex -5.57576 37.5887 24
    endloop
  endfacet
  facet normal -0.158799 0.987311 0
    outer loop
      vertex -6.49655 37.4406 24
      vertex -5.57576 37.5887 0
      vertex -6.49655 37.4406 0
    endloop
  endfacet
  facet normal 0.399271 0.916833 -0
    outer loop
      vertex 40.75 23.7 0
      vertex 15.3992 34.74 24
      vertex 40.75 23.7 24
    endloop
  endfacet
  facet normal 0.399271 0.916833 0
    outer loop
      vertex 15.3992 34.74 24
      vertex 40.75 23.7 0
      vertex 15.3992 34.74 0
    endloop
  endfacet
  facet normal 0.0368846 0.99932 -0
    outer loop
      vertex 1.86457 37.9542 0
      vertex 0.932567 37.9886 6.65
      vertex 1.86457 37.9542 6.65
    endloop
  endfacet
  facet normal 0.0368846 0.99932 0
    outer loop
      vertex 0.932567 37.9886 6.65
      vertex 1.86457 37.9542 0
      vertex 0.932567 37.9886 0
    endloop
  endfacet
  facet normal 0.0368846 0.99932 -0
    outer loop
      vertex 1.86457 37.9542 10.35
      vertex 0.932567 37.9886 24
      vertex 1.86457 37.9542 24
    endloop
  endfacet
  facet normal 0.0368846 0.99932 0
    outer loop
      vertex 0.932567 37.9886 24
      vertex 1.86457 37.9542 10.35
      vertex 0.932567 37.9886 10.35
    endloop
  endfacet
  facet normal 0.0122234 0.999925 -0
    outer loop
      vertex 0.932567 37.9886 0
      vertex 0 38 6.65
      vertex 0.932567 37.9886 6.65
    endloop
  endfacet
  facet normal 0.0122234 0.999925 0
    outer loop
      vertex 0 38 6.65
      vertex 0.932567 37.9886 0
      vertex 0 38 0
    endloop
  endfacet
  facet normal 0.0122234 0.999925 -0
    outer loop
      vertex 0.932567 37.9886 10.35
      vertex 0 38 24
      vertex 0.932567 37.9886 24
    endloop
  endfacet
  facet normal 0.0122234 0.999925 0
    outer loop
      vertex 0 38 24
      vertex 0.932567 37.9886 10.35
      vertex 0 38 10.35
    endloop
  endfacet
  facet normal -0.68057 -0.732683 0
    outer loop
      vertex -26.2025 -27.5214 0
      vertex -25.5192 -28.1561 24
      vertex -26.2025 -27.5214 24
    endloop
  endfacet
  facet normal -0.68057 -0.732683 -0
    outer loop
      vertex -25.5192 -28.1561 24
      vertex -26.2025 -27.5214 0
      vertex -25.5192 -28.1561 0
    endloop
  endfacet
  facet normal -0.158799 -0.987311 0
    outer loop
      vertex -6.49655 -37.4406 0
      vertex -5.57576 -37.5887 24
      vertex -6.49655 -37.4406 24
    endloop
  endfacet
  facet normal -0.158799 -0.987311 -0
    outer loop
      vertex -5.57576 -37.5887 24
      vertex -6.49655 -37.4406 0
      vertex -5.57576 -37.5887 0
    endloop
  endfacet
  facet normal 0.110097 0.993921 -0
    outer loop
      vertex 4.65161 37.7142 0
      vertex 4.60918 37.7189 7.79204
      vertex 4.65161 37.7142 7.91061
    endloop
  endfacet
  facet normal 0.110108 0.99392 6.01037e-08
    outer loop
      vertex 4.65161 37.7142 0
      vertex 4.53155 37.7275 7.62792
      vertex 4.60918 37.7189 7.79204
    endloop
  endfacet
  facet normal 0.110731 0.99385 9.97781e-06
    outer loop
      vertex 4.65161 37.7142 0
      vertex 4.43822 37.7379 7.47219
      vertex 4.53155 37.7275 7.62792
    endloop
  endfacet
  facet normal 0.110284 0.9939 -2.93113e-06
    outer loop
      vertex 4.65161 37.7142 0
      vertex 4.33007 37.7499 7.32637
      vertex 4.43822 37.7379 7.47219
    endloop
  endfacet
  facet normal 0.110069 0.993924 -1.24749e-05
    outer loop
      vertex 4.65161 37.7142 0
      vertex 4.20815 37.7634 7.19185
      vertex 4.33007 37.7499 7.32637
    endloop
  endfacet
  facet normal 0.1101 0.99392 -1.05375e-05
    outer loop
      vertex 4.65161 37.7142 0
      vertex 4.07363 37.7783 7.06993
      vertex 4.20815 37.7634 7.19185
    endloop
  endfacet
  facet normal 0.110399 0.993887 1.41542e-05
    outer loop
      vertex 4.65161 37.7142 0
      vertex 3.9278 37.7945 6.96178
      vertex 4.07363 37.7783 7.06993
    endloop
  endfacet
  facet normal 0.110409 0.993886 1.51865e-05
    outer loop
      vertex 4.65161 37.7142 0
      vertex 3.77208 37.8118 6.86845
      vertex 3.9278 37.7945 6.96178
    endloop
  endfacet
  facet normal 0.109057 0.994035 -0.000159998
    outer loop
      vertex 4.65161 37.7142 0
      vertex 3.72465 37.817 6.84601
      vertex 3.77208 37.8118 6.86845
    endloop
  endfacet
  facet normal 0.110224 0.993907 0
    outer loop
      vertex 3.72465 37.817 6.84601
      vertex 4.65161 37.7142 0
      vertex 3.72465 37.817 0
    endloop
  endfacet
  facet normal 0.110224 0.993907 0
    outer loop
      vertex 4.65161 37.7142 24
      vertex 3.72465 37.817 10.154
      vertex 3.72465 37.817 24
    endloop
  endfacet
  facet normal 0.10902 0.99404 8.15973e-05
    outer loop
      vertex 4.65161 37.7142 24
      vertex 3.77208 37.8118 10.1316
      vertex 3.72465 37.817 10.154
    endloop
  endfacet
  facet normal 0.110413 0.993886 -7.80173e-06
    outer loop
      vertex 4.65161 37.7142 24
      vertex 3.9278 37.7945 10.0382
      vertex 3.77208 37.8118 10.1316
    endloop
  endfacet
  facet normal 0.110404 0.993887 -7.32048e-06
    outer loop
      vertex 4.65161 37.7142 24
      vertex 4.07363 37.7783 9.93007
      vertex 3.9278 37.7945 10.0382
    endloop
  endfacet
  facet normal 0.110096 0.993921 5.4831e-06
    outer loop
      vertex 4.65161 37.7142 24
      vertex 4.20815 37.7634 9.80815
      vertex 4.07363 37.7783 9.93007
    endloop
  endfacet
  facet normal 0.110063 0.993925 6.52686e-06
    outer loop
      vertex 4.65161 37.7142 24
      vertex 4.33007 37.7499 9.67363
      vertex 4.20815 37.7634 9.80815
    endloop
  endfacet
  facet normal 0.110282 0.9939 1.54102e-06
    outer loop
      vertex 4.65161 37.7142 24
      vertex 4.43822 37.7379 9.5278
      vertex 4.33007 37.7499 9.67363
    endloop
  endfacet
  facet normal 0.110738 0.99385 -5.26757e-06
    outer loop
      vertex 4.65161 37.7142 24
      vertex 4.53155 37.7275 9.37208
      vertex 4.43822 37.7379 9.5278
    endloop
  endfacet
  facet normal 0.110108 0.99392 -3.18324e-08
    outer loop
      vertex 4.65161 37.7142 24
      vertex 4.60918 37.7189 9.20796
      vertex 4.53155 37.7275 9.37208
    endloop
  endfacet
  facet normal 0.110097 0.993921 0
    outer loop
      vertex 4.60918 37.7189 9.20796
      vertex 4.65161 37.7142 24
      vertex 4.65161 37.7142 9.08938
    endloop
  endfacet
  facet normal 0.0857782 0.996314 9.42618e-08
    outer loop
      vertex 3.72465 37.817 24
      vertex 2.9 37.888 10.35
      vertex 2.79545 37.897 24
    endloop
  endfacet
  facet normal 0.0857146 0.99632 3.96924e-06
    outer loop
      vertex 3.72465 37.817 24
      vertex 3.08133 37.8724 10.3411
      vertex 2.9 37.888 10.35
    endloop
  endfacet
  facet normal 0.0854398 0.996343 1.70048e-05
    outer loop
      vertex 3.72465 37.817 24
      vertex 3.26092 37.857 10.3145
      vertex 3.08133 37.8724 10.3411
    endloop
  endfacet
  facet normal 0.0859896 0.996296 -1.76088e-06
    outer loop
      vertex 3.72465 37.817 24
      vertex 3.43703 37.8418 10.2703
      vertex 3.26092 37.857 10.3145
    endloop
  endfacet
  facet normal 0.0856855 0.996322 4.65632e-06
    outer loop
      vertex 3.72465 37.817 24
      vertex 3.60796 37.8271 10.2092
      vertex 3.43703 37.8418 10.2703
    endloop
  endfacet
  facet normal 0.0862317 0.996275 0
    outer loop
      vertex 3.60796 37.8271 10.2092
      vertex 3.72465 37.817 24
      vertex 3.72465 37.817 10.154
    endloop
  endfacet
  facet normal 0.085766 0.996315 0
    outer loop
      vertex 2.79545 37.897 24
      vertex 2.9 37.888 10.35
      vertex 2.79545 37.897 10.35
    endloop
  endfacet
  facet normal 0.0862317 0.996275 -0
    outer loop
      vertex 3.72465 37.817 0
      vertex 3.60796 37.8271 6.79082
      vertex 3.72465 37.817 6.84601
    endloop
  endfacet
  facet normal 0.0856872 0.996322 -9.4267e-06
    outer loop
      vertex 3.72465 37.817 0
      vertex 3.43703 37.8418 6.72966
      vertex 3.60796 37.8271 6.79082
    endloop
  endfacet
  facet normal 0.0859891 0.996296 3.57315e-06
    outer loop
      vertex 3.72465 37.817 0
      vertex 3.26092 37.857 6.68555
      vertex 3.43703 37.8418 6.72966
    endloop
  endfacet
  facet normal 0.0854424 0.996343 -3.46277e-05
    outer loop
      vertex 3.72465 37.817 0
      vertex 3.08133 37.8724 6.65891
      vertex 3.26092 37.857 6.68555
    endloop
  endfacet
  facet normal 0.0857782 0.996314 -1.94514e-06
    outer loop
      vertex 2.79545 37.897 0
      vertex 3.08133 37.8724 6.65891
      vertex 3.72465 37.817 0
    endloop
  endfacet
  facet normal 0.0857143 0.99632 8.18612e-07
    outer loop
      vertex 3.08133 37.8724 6.65891
      vertex 2.79545 37.897 0
      vertex 2.9 37.888 6.65
    endloop
  endfacet
  facet normal 0.085766 0.996315 0
    outer loop
      vertex 2.9 37.888 6.65
      vertex 2.79545 37.897 0
      vertex 2.79545 37.897 6.65
    endloop
  endfacet
  facet normal -0.585753 -0.81049 0
    outer loop
      vertex -22.6366 -30.5219 0
      vertex -21.8807 -31.0682 24
      vertex -22.6366 -30.5219 24
    endloop
  endfacet
  facet normal -0.585753 -0.81049 -0
    outer loop
      vertex -21.8807 -31.0682 24
      vertex -22.6366 -30.5219 0
      vertex -21.8807 -31.0682 0
    endloop
  endfacet
  facet normal 0.838233 -0.545312 0
    outer loop
      vertex 31.5958 -21.1117 24
      vertex 32.1044 -20.3299 0
      vertex 32.1044 -20.3299 24
    endloop
  endfacet
  facet normal 0.838233 -0.545312 0
    outer loop
      vertex 32.1044 -20.3299 0
      vertex 31.5958 -21.1117 24
      vertex 31.5958 -21.1117 0
    endloop
  endfacet
  facet normal -0.231065 -0.972938 0
    outer loop
      vertex -9.23325 -36.8612 0
      vertex -8.32585 -37.0767 24
      vertex -9.23325 -36.8612 24
    endloop
  endfacet
  facet normal -0.231065 -0.972938 -0
    outer loop
      vertex -8.32585 -37.0767 24
      vertex -9.23325 -36.8612 0
      vertex -8.32585 -37.0767 0
    endloop
  endfacet
  facet normal -0.254865 -0.966977 0
    outer loop
      vertex -10.1351 -36.6235 0
      vertex -9.23325 -36.8612 24
      vertex -10.1351 -36.6235 24
    endloop
  endfacet
  facet normal -0.254865 -0.966977 -0
    outer loop
      vertex -9.23325 -36.8612 24
      vertex -10.1351 -36.6235 0
      vertex -9.23325 -36.8612 0
    endloop
  endfacet
  facet normal 0.278571 -0.960416 0
    outer loop
      vertex 10.1351 -36.6235 0
      vertex 11.0308 -36.3637 24
      vertex 10.1351 -36.6235 24
    endloop
  endfacet
  facet normal 0.278571 -0.960416 0
    outer loop
      vertex 11.0308 -36.3637 24
      vertex 10.1351 -36.6235 0
      vertex 11.0308 -36.3637 0
    endloop
  endfacet
  facet normal 0.134565 0.990905 0
    outer loop
      vertex 5.57576 37.5887 24
      vertex 4.65161 37.7142 9.08938
      vertex 4.65161 37.7142 24
    endloop
  endfacet
  facet normal 0.132637 0.991165 0.000121727
    outer loop
      vertex 5.57576 37.5887 24
      vertex 4.67034 37.7117 9.03703
      vertex 4.65161 37.7142 9.08938
    endloop
  endfacet
  facet normal 0.134749 0.99088 -8.45211e-06
    outer loop
      vertex 5.57576 37.5887 24
      vertex 4.71445 37.7057 8.86092
      vertex 4.67034 37.7117 9.03703
    endloop
  endfacet
  facet normal 0.134108 0.990967 2.87067e-05
    outer loop
      vertex 5.57576 37.5887 24
      vertex 4.74109 37.7021 8.68133
      vertex 4.71445 37.7057 8.86092
    endloop
  endfacet
  facet normal 0.13408 0.990971 3.02621e-05
    outer loop
      vertex 5.57576 37.5887 24
      vertex 4.75 37.7009 8.5
      vertex 4.74109 37.7021 8.68133
    endloop
  endfacet
  facet normal 0.134638 0.990895 -0
    outer loop
      vertex 5.57576 37.5887 0
      vertex 4.75 37.7009 8.5
      vertex 5.57576 37.5887 24
    endloop
  endfacet
  facet normal 0.134247 0.990948 -3.86323e-05
    outer loop
      vertex 4.75 37.7009 8.5
      vertex 5.57576 37.5887 0
      vertex 4.74109 37.7021 8.31867
    endloop
  endfacet
  facet normal 0.134203 0.990954 -4.31156e-05
    outer loop
      vertex 5.57576 37.5887 0
      vertex 4.71445 37.7057 8.13908
      vertex 4.74109 37.7021 8.31867
    endloop
  endfacet
  facet normal 0.134729 0.990882 1.35623e-05
    outer loop
      vertex 5.57576 37.5887 0
      vertex 4.67034 37.7117 7.96297
      vertex 4.71445 37.7057 8.13908
    endloop
  endfacet
  facet normal 0.13286 0.991135 -0.000202912
    outer loop
      vertex 5.57576 37.5887 0
      vertex 4.65161 37.7142 7.91061
      vertex 4.67034 37.7117 7.96297
    endloop
  endfacet
  facet normal 0.134565 0.990905 0
    outer loop
      vertex 4.65161 37.7142 7.91061
      vertex 5.57576 37.5887 0
      vertex 4.65161 37.7142 0
    endloop
  endfacet
  facet normal -0.795838 -0.60551 0
    outer loop
      vertex -29.9572 -23.3788 0
      vertex -30.5219 -22.6366 24
      vertex -30.5219 -22.6366 0
    endloop
  endfacet
  facet normal -0.795838 -0.60551 0
    outer loop
      vertex -30.5219 -22.6366 24
      vertex -29.9572 -23.3788 0
      vertex -29.9572 -23.3788 24
    endloop
  endfacet
  facet normal -0.928514 -0.371298 0
    outer loop
      vertex -35.1074 -14.542 0
      vertex -35.4537 -13.676 24
      vertex -35.4537 -13.676 0
    endloop
  endfacet
  facet normal -0.928514 -0.371298 0
    outer loop
      vertex -35.4537 -13.676 24
      vertex -35.1074 -14.542 0
      vertex -35.1074 -14.542 24
    endloop
  endfacet
  facet normal -0.348466 -0.937321 0
    outer loop
      vertex -13.676 -35.4537 0
      vertex -12.8018 -35.7787 24
      vertex -13.676 -35.4537 24
    endloop
  endfacet
  facet normal -0.348466 -0.937321 -0
    outer loop
      vertex -12.8018 -35.7787 24
      vertex -13.676 -35.4537 0
      vertex -12.8018 -35.7787 0
    endloop
  endfacet
  facet normal -0.715791 -0.698314 0
    outer loop
      vertex -26.8701 -26.8701 0
      vertex -27.5214 -26.2025 24
      vertex -27.5214 -26.2025 0
    endloop
  endfacet
  facet normal -0.715791 -0.698314 0
    outer loop
      vertex -27.5214 -26.2025 24
      vertex -26.8701 -26.8701 0
      vertex -26.8701 -26.8701 24
    endloop
  endfacet
  facet normal -0.438658 -0.898654 0
    outer loop
      vertex -17.0852 -33.9425 0
      vertex -16.2471 -34.3516 24
      vertex -17.0852 -33.9425 24
    endloop
  endfacet
  facet normal -0.438658 -0.898654 -0
    outer loop
      vertex -16.2471 -34.3516 24
      vertex -17.0852 -33.9425 0
      vertex -16.2471 -34.3516 0
    endloop
  endfacet
  facet normal 0.545312 -0.838233 0
    outer loop
      vertex 20.3299 -32.1044 0
      vertex 21.1117 -31.5958 24
      vertex 20.3299 -32.1044 24
    endloop
  endfacet
  facet normal 0.545312 -0.838233 0
    outer loop
      vertex 21.1117 -31.5958 24
      vertex 20.3299 -32.1044 0
      vertex 21.1117 -31.5958 0
    endloop
  endfacet
  facet normal 0.325316 -0.945605 0
    outer loop
      vertex 11.9199 -36.0821 0
      vertex 12.8018 -35.7787 24
      vertex 11.9199 -36.0821 24
    endloop
  endfacet
  facet normal 0.325316 -0.945605 0
    outer loop
      vertex 12.8018 -35.7787 24
      vertex 11.9199 -36.0821 0
      vertex 12.8018 -35.7787 0
    endloop
  endfacet
  facet normal -0.183133 0.983088 0
    outer loop
      vertex -6.49655 37.4406 0
      vertex -7.41343 37.2698 24
      vertex -6.49655 37.4406 24
    endloop
  endfacet
  facet normal -0.183133 0.983088 0
    outer loop
      vertex -7.41343 37.2698 24
      vertex -6.49655 37.4406 0
      vertex -7.41343 37.2698 0
    endloop
  endfacet
  facet normal -0.254865 0.966977 0
    outer loop
      vertex -9.23325 36.8612 0
      vertex -10.1351 36.6235 24
      vertex -9.23325 36.8612 24
    endloop
  endfacet
  facet normal -0.254865 0.966977 0
    outer loop
      vertex -10.1351 36.6235 24
      vertex -9.23325 36.8612 0
      vertex -10.1351 36.6235 0
    endloop
  endfacet
  facet normal 0.482207 -0.876057 0
    outer loop
      vertex 17.9131 -33.513 0
      vertex 18.7301 -33.0633 24
      vertex 17.9131 -33.513 24
    endloop
  endfacet
  facet normal 0.482207 -0.876057 0
    outer loop
      vertex 18.7301 -33.0633 24
      vertex 17.9131 -33.513 0
      vertex 18.7301 -33.0633 0
    endloop
  endfacet
  facet normal -0.183133 -0.983088 0
    outer loop
      vertex -7.41343 -37.2698 0
      vertex -6.49655 -37.4406 24
      vertex -7.41343 -37.2698 24
    endloop
  endfacet
  facet normal -0.183133 -0.983088 -0
    outer loop
      vertex -6.49655 -37.4406 24
      vertex -7.41343 -37.2698 0
      vertex -6.49655 -37.4406 0
    endloop
  endfacet
  facet normal 0.732683 -0.68057 0
    outer loop
      vertex 27.5214 -26.2025 24
      vertex 28.1561 -25.5192 0
      vertex 28.1561 -25.5192 24
    endloop
  endfacet
  facet normal 0.732683 -0.68057 0
    outer loop
      vertex 28.1561 -25.5192 0
      vertex 27.5214 -26.2025 24
      vertex 27.5214 -26.2025 0
    endloop
  endfacet
  facet normal 0.325316 0.945605 -0
    outer loop
      vertex 12.8018 35.7787 0
      vertex 11.9199 36.0821 24
      vertex 12.8018 35.7787 24
    endloop
  endfacet
  facet normal 0.325316 0.945605 0
    outer loop
      vertex 11.9199 36.0821 24
      vertex 12.8018 35.7787 0
      vertex 11.9199 36.0821 0
    endloop
  endfacet
  facet normal -0.0857782 -0.996314 0
    outer loop
      vertex -3.72465 -37.817 0
      vertex -2.79545 -37.897 24
      vertex -3.72465 -37.817 24
    endloop
  endfacet
  facet normal -0.0857782 -0.996314 -0
    outer loop
      vertex -2.79545 -37.897 24
      vertex -3.72465 -37.817 0
      vertex -2.79545 -37.897 0
    endloop
  endfacet
  facet normal 0.60551 -0.795838 0
    outer loop
      vertex 22.6366 -30.5219 0
      vertex 23.3788 -29.9572 24
      vertex 22.6366 -30.5219 24
    endloop
  endfacet
  facet normal 0.60551 -0.795838 0
    outer loop
      vertex 23.3788 -29.9572 24
      vertex 22.6366 -30.5219 0
      vertex 23.3788 -29.9572 0
    endloop
  endfacet
  facet normal -0.085766 0.996315 0
    outer loop
      vertex -2.9 37.888 10.35
      vertex -2.79545 37.897 24
      vertex -2.79545 37.897 10.35
    endloop
  endfacet
  facet normal -0.0857782 0.996314 9.42618e-08
    outer loop
      vertex -2.79545 37.897 24
      vertex -2.9 37.888 10.35
      vertex -3.72465 37.817 24
    endloop
  endfacet
  facet normal -0.0857146 0.99632 3.96924e-06
    outer loop
      vertex -3.08133 37.8724 10.3411
      vertex -3.72465 37.817 24
      vertex -2.9 37.888 10.35
    endloop
  endfacet
  facet normal -0.0854398 0.996343 1.70048e-05
    outer loop
      vertex -3.26092 37.857 10.3145
      vertex -3.72465 37.817 24
      vertex -3.08133 37.8724 10.3411
    endloop
  endfacet
  facet normal -0.0859896 0.996296 -1.76088e-06
    outer loop
      vertex -3.43703 37.8418 10.2703
      vertex -3.72465 37.817 24
      vertex -3.26092 37.857 10.3145
    endloop
  endfacet
  facet normal -0.0856855 0.996322 4.65632e-06
    outer loop
      vertex -3.60796 37.8271 10.2092
      vertex -3.72465 37.817 24
      vertex -3.43703 37.8418 10.2703
    endloop
  endfacet
  facet normal -0.0862317 0.996275 0
    outer loop
      vertex -3.72465 37.817 24
      vertex -3.60796 37.8271 10.2092
      vertex -3.72465 37.817 10.154
    endloop
  endfacet
  facet normal -0.085766 0.996315 0
    outer loop
      vertex -2.79545 37.897 6.65
      vertex -2.79545 37.897 0
      vertex -2.9 37.888 6.65
    endloop
  endfacet
  facet normal -0.0857143 0.99632 8.18612e-07
    outer loop
      vertex -2.79545 37.897 0
      vertex -3.08133 37.8724 6.65891
      vertex -2.9 37.888 6.65
    endloop
  endfacet
  facet normal -0.0857782 0.996314 -1.94514e-06
    outer loop
      vertex -3.72465 37.817 0
      vertex -3.08133 37.8724 6.65891
      vertex -2.79545 37.897 0
    endloop
  endfacet
  facet normal -0.0854424 0.996343 -3.46277e-05
    outer loop
      vertex -3.08133 37.8724 6.65891
      vertex -3.72465 37.817 0
      vertex -3.26092 37.857 6.68555
    endloop
  endfacet
  facet normal -0.0859891 0.996296 3.57315e-06
    outer loop
      vertex -3.26092 37.857 6.68555
      vertex -3.72465 37.817 0
      vertex -3.43703 37.8418 6.72966
    endloop
  endfacet
  facet normal -0.0856872 0.996322 -9.4267e-06
    outer loop
      vertex -3.43703 37.8418 6.72966
      vertex -3.72465 37.817 0
      vertex -3.60796 37.8271 6.79082
    endloop
  endfacet
  facet normal -0.0862317 0.996275 0
    outer loop
      vertex -3.60796 37.8271 6.79082
      vertex -3.72465 37.817 0
      vertex -3.72465 37.817 6.84601
    endloop
  endfacet
  facet normal -0.565737 -0.824586 0
    outer loop
      vertex -21.8807 -31.0682 0
      vertex -21.1117 -31.5958 24
      vertex -21.8807 -31.0682 24
    endloop
  endfacet
  facet normal -0.565737 -0.824586 -0
    outer loop
      vertex -21.1117 -31.5958 24
      vertex -21.8807 -31.0682 0
      vertex -21.1117 -31.5958 0
    endloop
  endfacet
  facet normal -0.0122234 -0.999925 0
    outer loop
      vertex -0.932567 -37.9886 0
      vertex 0 -38 24
      vertex -0.932567 -37.9886 24
    endloop
  endfacet
  facet normal -0.0122234 -0.999925 -0
    outer loop
      vertex 0 -38 24
      vertex -0.932567 -37.9886 0
      vertex 0 -38 0
    endloop
  endfacet
  facet normal 0.348466 0.937321 -0
    outer loop
      vertex 13.676 35.4537 0
      vertex 12.8018 35.7787 24
      vertex 13.676 35.4537 24
    endloop
  endfacet
  facet normal 0.348466 0.937321 0
    outer loop
      vertex 12.8018 35.7787 24
      vertex 13.676 35.4537 0
      vertex 12.8018 35.7787 0
    endloop
  endfacet
  facet normal -0.278571 -0.960416 0
    outer loop
      vertex -11.0308 -36.3637 0
      vertex -10.1351 -36.6235 24
      vertex -11.0308 -36.3637 24
    endloop
  endfacet
  facet normal -0.278571 -0.960416 -0
    outer loop
      vertex -10.1351 -36.6235 24
      vertex -11.0308 -36.3637 0
      vertex -10.1351 -36.6235 0
    endloop
  endfacet
  facet normal 0.795838 -0.60551 0
    outer loop
      vertex 29.9572 -23.3788 24
      vertex 30.5219 -22.6366 0
      vertex 30.5219 -22.6366 24
    endloop
  endfacet
  facet normal 0.795838 -0.60551 0
    outer loop
      vertex 30.5219 -22.6366 0
      vertex 29.9572 -23.3788 24
      vertex 29.9572 -23.3788 0
    endloop
  endfacet
  facet normal -0.824586 -0.565737 0
    outer loop
      vertex -31.0682 -21.8807 0
      vertex -31.5958 -21.1117 24
      vertex -31.5958 -21.1117 0
    endloop
  endfacet
  facet normal -0.824586 -0.565737 0
    outer loop
      vertex -31.5958 -21.1117 24
      vertex -31.0682 -21.8807 0
      vertex -31.0682 -21.8807 24
    endloop
  endfacet
  facet normal 0.158799 -0.987311 0
    outer loop
      vertex 5.57576 -37.5887 0
      vertex 6.49655 -37.4406 24
      vertex 5.57576 -37.5887 24
    endloop
  endfacet
  facet normal 0.158799 -0.987311 0
    outer loop
      vertex 6.49655 -37.4406 24
      vertex 5.57576 -37.5887 0
      vertex 6.49655 -37.4406 0
    endloop
  endfacet
  facet normal 0.0368846 -0.99932 0
    outer loop
      vertex 0.932567 -37.9886 0
      vertex 1.86457 -37.9542 24
      vertex 0.932567 -37.9886 24
    endloop
  endfacet
  facet normal 0.0368846 -0.99932 0
    outer loop
      vertex 1.86457 -37.9542 24
      vertex 0.932567 -37.9886 0
      vertex 1.86457 -37.9542 0
    endloop
  endfacet
  facet normal -0.765181 -0.643815 0
    outer loop
      vertex -28.7739 -24.8206 0
      vertex -29.3744 -24.1069 24
      vertex -29.3744 -24.1069 0
    endloop
  endfacet
  facet normal -0.765181 -0.643815 0
    outer loop
      vertex -29.3744 -24.1069 24
      vertex -28.7739 -24.8206 0
      vertex -28.7739 -24.8206 24
    endloop
  endfacet
  facet normal 0.715791 -0.698314 0
    outer loop
      vertex 26.8701 -26.8701 24
      vertex 27.5214 -26.2025 0
      vertex 27.5214 -26.2025 24
    endloop
  endfacet
  facet normal 0.715791 -0.698314 0
    outer loop
      vertex 27.5214 -26.2025 0
      vertex 26.8701 -26.8701 24
      vertex 26.8701 -26.8701 0
    endloop
  endfacet
  facet normal 0.0613316 -0.998117 0
    outer loop
      vertex 1.86457 -37.9542 0
      vertex 2.79545 -37.897 24
      vertex 1.86457 -37.9542 24
    endloop
  endfacet
  facet normal 0.0613316 -0.998117 0
    outer loop
      vertex 2.79545 -37.897 24
      vertex 1.86457 -37.9542 0
      vertex 2.79545 -37.897 0
    endloop
  endfacet
  facet normal 0.932514 -0.361134 0
    outer loop
      vertex 35.4537 -13.676 24
      vertex 40.75 0 0
      vertex 40.75 0 24
    endloop
  endfacet
  facet normal 0.932514 -0.361134 0
    outer loop
      vertex 40.75 0 0
      vertex 35.4537 -13.676 24
      vertex 35.4537 -13.676 0
    endloop
  endfacet
  facet normal 0.301942 0.953326 -0
    outer loop
      vertex 11.9199 36.0821 0
      vertex 11.0308 36.3637 24
      vertex 11.9199 36.0821 24
    endloop
  endfacet
  facet normal 0.301942 0.953326 0
    outer loop
      vertex 11.0308 36.3637 24
      vertex 11.9199 36.0821 0
      vertex 11.0308 36.3637 0
    endloop
  endfacet
  facet normal -0.851331 -0.52463 0
    outer loop
      vertex -32.1044 -20.3299 0
      vertex -32.5937 -19.5359 24
      vertex -32.5937 -19.5359 0
    endloop
  endfacet
  facet normal -0.851331 -0.52463 0
    outer loop
      vertex -32.5937 -19.5359 24
      vertex -32.1044 -20.3299 0
      vertex -32.1044 -20.3299 24
    endloop
  endfacet
  facet normal -0.110224 -0.993907 0
    outer loop
      vertex -4.65161 -37.7142 0
      vertex -3.72465 -37.817 24
      vertex -4.65161 -37.7142 24
    endloop
  endfacet
  facet normal -0.110224 -0.993907 -0
    outer loop
      vertex -3.72465 -37.817 24
      vertex -4.65161 -37.7142 0
      vertex -3.72465 -37.817 0
    endloop
  endfacet
  facet normal -0.898654 -0.438658 0
    outer loop
      vertex -33.9425 -17.0852 0
      vertex -34.3516 -16.2471 24
      vertex -34.3516 -16.2471 0
    endloop
  endfacet
  facet normal -0.898654 -0.438658 0
    outer loop
      vertex -34.3516 -16.2471 24
      vertex -33.9425 -17.0852 0
      vertex -33.9425 -17.0852 24
    endloop
  endfacet
  facet normal 0.254865 -0.966977 0
    outer loop
      vertex 9.23325 -36.8612 0
      vertex 10.1351 -36.6235 24
      vertex 9.23325 -36.8612 24
    endloop
  endfacet
  facet normal 0.254865 -0.966977 0
    outer loop
      vertex 10.1351 -36.6235 24
      vertex 9.23325 -36.8612 0
      vertex 10.1351 -36.6235 0
    endloop
  endfacet
  facet normal -0.0613316 -0.998117 0
    outer loop
      vertex -2.79545 -37.897 0
      vertex -1.86457 -37.9542 24
      vertex -2.79545 -37.897 24
    endloop
  endfacet
  facet normal -0.0613316 -0.998117 -0
    outer loop
      vertex -1.86457 -37.9542 24
      vertex -2.79545 -37.897 0
      vertex -1.86457 -37.9542 0
    endloop
  endfacet
  facet normal -0.110224 0.993907 0
    outer loop
      vertex -3.72465 37.817 10.154
      vertex -4.65161 37.7142 24
      vertex -3.72465 37.817 24
    endloop
  endfacet
  facet normal -0.10902 0.99404 8.15973e-05
    outer loop
      vertex -3.77208 37.8118 10.1316
      vertex -4.65161 37.7142 24
      vertex -3.72465 37.817 10.154
    endloop
  endfacet
  facet normal -0.110413 0.993886 -7.80173e-06
    outer loop
      vertex -3.9278 37.7945 10.0382
      vertex -4.65161 37.7142 24
      vertex -3.77208 37.8118 10.1316
    endloop
  endfacet
  facet normal -0.110404 0.993887 -7.32048e-06
    outer loop
      vertex -4.07363 37.7783 9.93007
      vertex -4.65161 37.7142 24
      vertex -3.9278 37.7945 10.0382
    endloop
  endfacet
  facet normal -0.110096 0.993921 5.4831e-06
    outer loop
      vertex -4.20815 37.7634 9.80815
      vertex -4.65161 37.7142 24
      vertex -4.07363 37.7783 9.93007
    endloop
  endfacet
  facet normal -0.110063 0.993925 6.52686e-06
    outer loop
      vertex -4.33007 37.7499 9.67363
      vertex -4.65161 37.7142 24
      vertex -4.20815 37.7634 9.80815
    endloop
  endfacet
  facet normal -0.110282 0.9939 1.54102e-06
    outer loop
      vertex -4.43822 37.7379 9.5278
      vertex -4.65161 37.7142 24
      vertex -4.33007 37.7499 9.67363
    endloop
  endfacet
  facet normal -0.110738 0.99385 -5.26757e-06
    outer loop
      vertex -4.53155 37.7275 9.37208
      vertex -4.65161 37.7142 24
      vertex -4.43822 37.7379 9.5278
    endloop
  endfacet
  facet normal -0.110108 0.99392 -3.18324e-08
    outer loop
      vertex -4.60918 37.7189 9.20796
      vertex -4.65161 37.7142 24
      vertex -4.53155 37.7275 9.37208
    endloop
  endfacet
  facet normal -0.110097 0.993921 0
    outer loop
      vertex -4.65161 37.7142 24
      vertex -4.60918 37.7189 9.20796
      vertex -4.65161 37.7142 9.08938
    endloop
  endfacet
  facet normal -0.110224 0.993907 0
    outer loop
      vertex -4.65161 37.7142 0
      vertex -3.72465 37.817 6.84601
      vertex -3.72465 37.817 0
    endloop
  endfacet
  facet normal -0.109057 0.994035 -0.000159998
    outer loop
      vertex -3.72465 37.817 6.84601
      vertex -4.65161 37.7142 0
      vertex -3.77208 37.8118 6.86845
    endloop
  endfacet
  facet normal -0.110409 0.993886 1.51865e-05
    outer loop
      vertex -3.77208 37.8118 6.86845
      vertex -4.65161 37.7142 0
      vertex -3.9278 37.7945 6.96178
    endloop
  endfacet
  facet normal -0.110399 0.993887 1.41542e-05
    outer loop
      vertex -3.9278 37.7945 6.96178
      vertex -4.65161 37.7142 0
      vertex -4.07363 37.7783 7.06993
    endloop
  endfacet
  facet normal -0.1101 0.99392 -1.05375e-05
    outer loop
      vertex -4.07363 37.7783 7.06993
      vertex -4.65161 37.7142 0
      vertex -4.20815 37.7634 7.19185
    endloop
  endfacet
  facet normal -0.110069 0.993924 -1.24749e-05
    outer loop
      vertex -4.20815 37.7634 7.19185
      vertex -4.65161 37.7142 0
      vertex -4.33007 37.7499 7.32637
    endloop
  endfacet
  facet normal -0.110284 0.9939 -2.93113e-06
    outer loop
      vertex -4.33007 37.7499 7.32637
      vertex -4.65161 37.7142 0
      vertex -4.43822 37.7379 7.47219
    endloop
  endfacet
  facet normal -0.110731 0.99385 9.97781e-06
    outer loop
      vertex -4.43822 37.7379 7.47219
      vertex -4.65161 37.7142 0
      vertex -4.53155 37.7275 7.62792
    endloop
  endfacet
  facet normal -0.110108 0.99392 6.01037e-08
    outer loop
      vertex -4.53155 37.7275 7.62792
      vertex -4.65161 37.7142 0
      vertex -4.60918 37.7189 7.79204
    endloop
  endfacet
  facet normal -0.110097 0.993921 0
    outer loop
      vertex -4.60918 37.7189 7.79204
      vertex -4.65161 37.7142 0
      vertex -4.65161 37.7142 7.91061
    endloop
  endfacet
  facet normal 0.254865 0.966977 -0
    outer loop
      vertex 10.1351 36.6235 0
      vertex 9.23325 36.8612 24
      vertex 10.1351 36.6235 24
    endloop
  endfacet
  facet normal 0.254865 0.966977 0
    outer loop
      vertex 9.23325 36.8612 24
      vertex 10.1351 36.6235 0
      vertex 9.23325 36.8612 0
    endloop
  endfacet
  facet normal 0.68057 -0.732683 0
    outer loop
      vertex 25.5192 -28.1561 0
      vertex 26.2025 -27.5214 24
      vertex 25.5192 -28.1561 24
    endloop
  endfacet
  facet normal 0.68057 -0.732683 0
    outer loop
      vertex 26.2025 -27.5214 24
      vertex 25.5192 -28.1561 0
      vertex 26.2025 -27.5214 0
    endloop
  endfacet
  facet normal -0.643815 -0.765181 0
    outer loop
      vertex -24.8206 -28.7739 0
      vertex -24.1069 -29.3744 24
      vertex -24.8206 -28.7739 24
    endloop
  endfacet
  facet normal -0.643815 -0.765181 -0
    outer loop
      vertex -24.1069 -29.3744 24
      vertex -24.8206 -28.7739 0
      vertex -24.1069 -29.3744 0
    endloop
  endfacet
  facet normal 0.183133 -0.983088 0
    outer loop
      vertex 6.49655 -37.4406 0
      vertex 7.41343 -37.2698 24
      vertex 6.49655 -37.4406 24
    endloop
  endfacet
  facet normal 0.183133 -0.983088 0
    outer loop
      vertex 7.41343 -37.2698 24
      vertex 6.49655 -37.4406 0
      vertex 7.41343 -37.2698 0
    endloop
  endfacet
  facet normal -0.909154 -0.416459 0
    outer loop
      vertex -34.3516 -16.2471 0
      vertex -34.74 -15.3992 24
      vertex -34.74 -15.3992 0
    endloop
  endfacet
  facet normal -0.909154 -0.416459 0
    outer loop
      vertex -34.74 -15.3992 24
      vertex -34.3516 -16.2471 0
      vertex -34.3516 -16.2471 24
    endloop
  endfacet
  facet normal -0.399271 0.916833 0
    outer loop
      vertex -15.3992 34.74 0
      vertex -40.75 23.7 24
      vertex -15.3992 34.74 24
    endloop
  endfacet
  facet normal -0.399271 0.916833 0
    outer loop
      vertex -40.75 23.7 24
      vertex -15.3992 34.74 0
      vertex -40.75 23.7 0
    endloop
  endfacet
  facet normal -0.460502 -0.887659 0
    outer loop
      vertex -17.9131 -33.513 0
      vertex -17.0852 -33.9425 24
      vertex -17.9131 -33.513 24
    endloop
  endfacet
  facet normal -0.460502 -0.887659 -0
    outer loop
      vertex -17.0852 -33.9425 24
      vertex -17.9131 -33.513 0
      vertex -17.0852 -33.9425 0
    endloop
  endfacet
  facet normal 0.81049 -0.585753 0
    outer loop
      vertex 30.5219 -22.6366 24
      vertex 31.0682 -21.8807 0
      vertex 31.0682 -21.8807 24
    endloop
  endfacet
  facet normal 0.81049 -0.585753 0
    outer loop
      vertex 31.0682 -21.8807 0
      vertex 30.5219 -22.6366 24
      vertex 30.5219 -22.6366 0
    endloop
  endfacet
  facet normal 0.301942 -0.953326 0
    outer loop
      vertex 11.0308 -36.3637 0
      vertex 11.9199 -36.0821 24
      vertex 11.0308 -36.3637 24
    endloop
  endfacet
  facet normal 0.301942 -0.953326 0
    outer loop
      vertex 11.9199 -36.0821 24
      vertex 11.0308 -36.3637 0
      vertex 11.9199 -36.0821 0
    endloop
  endfacet
  facet normal -0.348466 0.937321 0
    outer loop
      vertex -12.8018 35.7787 0
      vertex -13.676 35.4537 24
      vertex -12.8018 35.7787 24
    endloop
  endfacet
  facet normal -0.348466 0.937321 0
    outer loop
      vertex -13.676 35.4537 24
      vertex -12.8018 35.7787 0
      vertex -13.676 35.4537 0
    endloop
  endfacet
  facet normal 0.624904 -0.780701 0
    outer loop
      vertex 23.3788 -29.9572 0
      vertex 24.1069 -29.3744 24
      vertex 23.3788 -29.9572 24
    endloop
  endfacet
  facet normal 0.624904 -0.780701 0
    outer loop
      vertex 24.1069 -29.3744 24
      vertex 23.3788 -29.9572 0
      vertex 24.1069 -29.3744 0
    endloop
  endfacet
  facet normal 0.52463 -0.851331 0
    outer loop
      vertex 19.5359 -32.5937 0
      vertex 20.3299 -32.1044 24
      vertex 19.5359 -32.5937 24
    endloop
  endfacet
  facet normal 0.52463 -0.851331 0
    outer loop
      vertex 20.3299 -32.1044 24
      vertex 19.5359 -32.5937 0
      vertex 20.3299 -32.1044 0
    endloop
  endfacet
  facet normal 0.393945 0.919134 -0
    outer loop
      vertex 15.3992 34.74 0
      vertex 14.542 35.1074 24
      vertex 15.3992 34.74 24
    endloop
  endfacet
  facet normal 0.393945 0.919134 0
    outer loop
      vertex 14.542 35.1074 24
      vertex 15.3992 34.74 0
      vertex 14.542 35.1074 0
    endloop
  endfacet
  facet normal 0.765181 -0.643815 0
    outer loop
      vertex 28.7739 -24.8206 24
      vertex 29.3744 -24.1069 0
      vertex 29.3744 -24.1069 24
    endloop
  endfacet
  facet normal 0.765181 -0.643815 0
    outer loop
      vertex 29.3744 -24.1069 0
      vertex 28.7739 -24.8206 24
      vertex 28.7739 -24.8206 0
    endloop
  endfacet
  facet normal -0.919134 -0.393945 0
    outer loop
      vertex -34.74 -15.3992 0
      vertex -35.1074 -14.542 24
      vertex -35.1074 -14.542 0
    endloop
  endfacet
  facet normal -0.919134 -0.393945 0
    outer loop
      vertex -35.1074 -14.542 24
      vertex -34.74 -15.3992 0
      vertex -34.74 -15.3992 24
    endloop
  endfacet
  facet normal -0.278571 0.960416 0
    outer loop
      vertex -10.1351 36.6235 0
      vertex -11.0308 36.3637 24
      vertex -10.1351 36.6235 24
    endloop
  endfacet
  facet normal -0.278571 0.960416 0
    outer loop
      vertex -11.0308 36.3637 24
      vertex -10.1351 36.6235 0
      vertex -11.0308 36.3637 0
    endloop
  endfacet
  facet normal 0.698314 -0.715791 0
    outer loop
      vertex 26.2025 -27.5214 0
      vertex 26.8701 -26.8701 24
      vertex 26.2025 -27.5214 24
    endloop
  endfacet
  facet normal 0.698314 -0.715791 0
    outer loop
      vertex 26.8701 -26.8701 24
      vertex 26.2025 -27.5214 0
      vertex 26.8701 -26.8701 0
    endloop
  endfacet
  facet normal -0.0368846 0.99932 0
    outer loop
      vertex -0.932567 37.9886 0
      vertex -1.86457 37.9542 6.65
      vertex -0.932567 37.9886 6.65
    endloop
  endfacet
  facet normal -0.0368846 0.99932 0
    outer loop
      vertex -1.86457 37.9542 6.65
      vertex -0.932567 37.9886 0
      vertex -1.86457 37.9542 0
    endloop
  endfacet
  facet normal -0.0368846 0.99932 0
    outer loop
      vertex -0.932567 37.9886 10.35
      vertex -1.86457 37.9542 24
      vertex -0.932567 37.9886 24
    endloop
  endfacet
  facet normal -0.0368846 0.99932 0
    outer loop
      vertex -1.86457 37.9542 24
      vertex -0.932567 37.9886 10.35
      vertex -1.86457 37.9542 10.35
    endloop
  endfacet
  facet normal -0.0613316 0.998117 0
    outer loop
      vertex -1.86457 37.9542 10.35
      vertex -2.79545 37.897 24
      vertex -1.86457 37.9542 24
    endloop
  endfacet
  facet normal -0.0613316 0.998117 0
    outer loop
      vertex -2.79545 37.897 24
      vertex -1.86457 37.9542 10.35
      vertex -2.79545 37.897 10.35
    endloop
  endfacet
  facet normal -0.0613316 0.998117 0
    outer loop
      vertex -1.86457 37.9542 0
      vertex -2.79545 37.897 6.65
      vertex -1.86457 37.9542 6.65
    endloop
  endfacet
  facet normal -0.0613316 0.998117 0
    outer loop
      vertex -2.79545 37.897 6.65
      vertex -1.86457 37.9542 0
      vertex -2.79545 37.897 0
    endloop
  endfacet
  facet normal 0.0613316 0.998117 -0
    outer loop
      vertex 2.79545 37.897 10.35
      vertex 1.86457 37.9542 24
      vertex 2.79545 37.897 24
    endloop
  endfacet
  facet normal 0.0613316 0.998117 0
    outer loop
      vertex 1.86457 37.9542 24
      vertex 2.79545 37.897 10.35
      vertex 1.86457 37.9542 10.35
    endloop
  endfacet
  facet normal 0.0613316 0.998117 -0
    outer loop
      vertex 2.79545 37.897 0
      vertex 1.86457 37.9542 6.65
      vertex 2.79545 37.897 6.65
    endloop
  endfacet
  facet normal 0.0613316 0.998117 0
    outer loop
      vertex 1.86457 37.9542 6.65
      vertex 2.79545 37.897 0
      vertex 1.86457 37.9542 0
    endloop
  endfacet
  facet normal -0.0368846 -0.99932 0
    outer loop
      vertex -1.86457 -37.9542 0
      vertex -0.932567 -37.9886 24
      vertex -1.86457 -37.9542 24
    endloop
  endfacet
  facet normal -0.0368846 -0.99932 -0
    outer loop
      vertex -0.932567 -37.9886 24
      vertex -1.86457 -37.9542 0
      vertex -0.932567 -37.9886 0
    endloop
  endfacet
  facet normal -0.887659 -0.460502 0
    outer loop
      vertex -33.513 -17.9131 0
      vertex -33.9425 -17.0852 24
      vertex -33.9425 -17.0852 0
    endloop
  endfacet
  facet normal -0.887659 -0.460502 0
    outer loop
      vertex -33.9425 -17.0852 24
      vertex -33.513 -17.9131 0
      vertex -33.513 -17.9131 24
    endloop
  endfacet
  facet normal 0.393945 -0.919134 0
    outer loop
      vertex 14.542 -35.1074 0
      vertex 15.3992 -34.74 24
      vertex 14.542 -35.1074 24
    endloop
  endfacet
  facet normal 0.393945 -0.919134 0
    outer loop
      vertex 15.3992 -34.74 24
      vertex 14.542 -35.1074 0
      vertex 15.3992 -34.74 0
    endloop
  endfacet
  facet normal -0.134565 0.990905 0
    outer loop
      vertex -4.65161 37.7142 9.08938
      vertex -5.57576 37.5887 24
      vertex -4.65161 37.7142 24
    endloop
  endfacet
  facet normal -0.132637 0.991165 0.000121727
    outer loop
      vertex -4.67034 37.7117 9.03703
      vertex -5.57576 37.5887 24
      vertex -4.65161 37.7142 9.08938
    endloop
  endfacet
  facet normal -0.134749 0.99088 -8.45211e-06
    outer loop
      vertex -4.71445 37.7057 8.86092
      vertex -5.57576 37.5887 24
      vertex -4.67034 37.7117 9.03703
    endloop
  endfacet
  facet normal -0.134108 0.990967 2.87067e-05
    outer loop
      vertex -4.74109 37.7021 8.68133
      vertex -5.57576 37.5887 24
      vertex -4.71445 37.7057 8.86092
    endloop
  endfacet
  facet normal -0.13408 0.990971 3.02621e-05
    outer loop
      vertex -4.75 37.7009 8.5
      vertex -5.57576 37.5887 24
      vertex -4.74109 37.7021 8.68133
    endloop
  endfacet
  facet normal -0.134247 0.990948 -3.86323e-05
    outer loop
      vertex -5.57576 37.5887 0
      vertex -4.75 37.7009 8.5
      vertex -4.74109 37.7021 8.31867
    endloop
  endfacet
  facet normal -0.134565 0.990905 0
    outer loop
      vertex -5.57576 37.5887 0
      vertex -4.65161 37.7142 7.91061
      vertex -4.65161 37.7142 0
    endloop
  endfacet
  facet normal -0.13286 0.991135 -0.000202912
    outer loop
      vertex -4.65161 37.7142 7.91061
      vertex -5.57576 37.5887 0
      vertex -4.67034 37.7117 7.96297
    endloop
  endfacet
  facet normal -0.134729 0.990882 1.35623e-05
    outer loop
      vertex -4.67034 37.7117 7.96297
      vertex -5.57576 37.5887 0
      vertex -4.71445 37.7057 8.13908
    endloop
  endfacet
  facet normal -0.134203 0.990954 -4.31156e-05
    outer loop
      vertex -4.71445 37.7057 8.13908
      vertex -5.57576 37.5887 0
      vertex -4.74109 37.7021 8.31867
    endloop
  endfacet
  facet normal -0.134638 0.990895 0
    outer loop
      vertex -4.75 37.7009 8.5
      vertex -5.57576 37.5887 0
      vertex -5.57576 37.5887 24
    endloop
  endfacet
  facet normal 0.231065 0.972938 -0
    outer loop
      vertex 9.23325 36.8612 0
      vertex 8.32585 37.0767 24
      vertex 9.23325 36.8612 24
    endloop
  endfacet
  facet normal 0.231065 0.972938 0
    outer loop
      vertex 8.32585 37.0767 24
      vertex 9.23325 36.8612 0
      vertex 8.32585 37.0767 0
    endloop
  endfacet
  facet normal 0.0122234 -0.999925 0
    outer loop
      vertex 0 -38 0
      vertex 0.932567 -37.9886 24
      vertex 0 -38 24
    endloop
  endfacet
  facet normal 0.0122234 -0.999925 0
    outer loop
      vertex 0.932567 -37.9886 24
      vertex 0 -38 0
      vertex 0.932567 -37.9886 0
    endloop
  endfacet
  facet normal 0.928514 -0.371298 0
    outer loop
      vertex 35.1074 -14.542 24
      vertex 35.4537 -13.676 0
      vertex 35.4537 -13.676 24
    endloop
  endfacet
  facet normal 0.928514 -0.371298 0
    outer loop
      vertex 35.4537 -13.676 0
      vertex 35.1074 -14.542 24
      vertex 35.1074 -14.542 0
    endloop
  endfacet
  facet normal -0.207049 0.978331 0
    outer loop
      vertex -7.41343 37.2698 0
      vertex -8.32585 37.0767 24
      vertex -7.41343 37.2698 24
    endloop
  endfacet
  facet normal -0.207049 0.978331 0
    outer loop
      vertex -8.32585 37.0767 24
      vertex -7.41343 37.2698 0
      vertex -8.32585 37.0767 0
    endloop
  endfacet
  facet normal 0.898654 -0.438658 0
    outer loop
      vertex 33.9425 -17.0852 24
      vertex 34.3516 -16.2471 0
      vertex 34.3516 -16.2471 24
    endloop
  endfacet
  facet normal 0.898654 -0.438658 0
    outer loop
      vertex 34.3516 -16.2471 0
      vertex 33.9425 -17.0852 24
      vertex 33.9425 -17.0852 0
    endloop
  endfacet
  facet normal 0.824586 -0.565737 0
    outer loop
      vertex 31.0682 -21.8807 24
      vertex 31.5958 -21.1117 0
      vertex 31.5958 -21.1117 24
    endloop
  endfacet
  facet normal 0.824586 -0.565737 0
    outer loop
      vertex 31.5958 -21.1117 0
      vertex 31.0682 -21.8807 24
      vertex 31.0682 -21.8807 0
    endloop
  endfacet
  facet normal 0.371298 0.928514 -0
    outer loop
      vertex 14.542 35.1074 0
      vertex 13.676 35.4537 24
      vertex 14.542 35.1074 24
    endloop
  endfacet
  facet normal 0.371298 0.928514 0
    outer loop
      vertex 13.676 35.4537 24
      vertex 14.542 35.1074 0
      vertex 13.676 35.4537 0
    endloop
  endfacet
  facet normal -0.301942 0.953326 0
    outer loop
      vertex -11.0308 36.3637 0
      vertex -11.9199 36.0821 24
      vertex -11.0308 36.3637 24
    endloop
  endfacet
  facet normal -0.301942 0.953326 0
    outer loop
      vertex -11.9199 36.0821 24
      vertex -11.0308 36.3637 0
      vertex -11.9199 36.0821 0
    endloop
  endfacet
  facet normal 0.371298 -0.928514 0
    outer loop
      vertex 13.676 -35.4537 0
      vertex 14.542 -35.1074 24
      vertex 13.676 -35.4537 24
    endloop
  endfacet
  facet normal 0.371298 -0.928514 0
    outer loop
      vertex 14.542 -35.1074 24
      vertex 13.676 -35.4537 0
      vertex 14.542 -35.1074 0
    endloop
  endfacet
  facet normal 0.207049 0.978331 -0
    outer loop
      vertex 8.32585 37.0767 0
      vertex 7.41343 37.2698 24
      vertex 8.32585 37.0767 24
    endloop
  endfacet
  facet normal 0.207049 0.978331 0
    outer loop
      vertex 7.41343 37.2698 24
      vertex 8.32585 37.0767 0
      vertex 7.41343 37.2698 0
    endloop
  endfacet
  facet normal 0.863989 -0.503511 0
    outer loop
      vertex 32.5937 -19.5359 24
      vertex 33.0633 -18.7301 0
      vertex 33.0633 -18.7301 24
    endloop
  endfacet
  facet normal 0.863989 -0.503511 0
    outer loop
      vertex 33.0633 -18.7301 0
      vertex 32.5937 -19.5359 24
      vertex 32.5937 -19.5359 0
    endloop
  endfacet
  facet normal 0.158799 0.987311 -0
    outer loop
      vertex 6.49655 37.4406 0
      vertex 5.57576 37.5887 24
      vertex 6.49655 37.4406 24
    endloop
  endfacet
  facet normal 0.158799 0.987311 0
    outer loop
      vertex 5.57576 37.5887 24
      vertex 6.49655 37.4406 0
      vertex 5.57576 37.5887 0
    endloop
  endfacet
  facet normal 0.662458 -0.749099 0
    outer loop
      vertex 24.8206 -28.7739 0
      vertex 25.5192 -28.1561 24
      vertex 24.8206 -28.7739 24
    endloop
  endfacet
  facet normal 0.662458 -0.749099 0
    outer loop
      vertex 25.5192 -28.1561 24
      vertex 24.8206 -28.7739 0
      vertex 25.5192 -28.1561 0
    endloop
  endfacet
  facet normal 0.207049 -0.978331 0
    outer loop
      vertex 7.41343 -37.2698 0
      vertex 8.32585 -37.0767 24
      vertex 7.41343 -37.2698 24
    endloop
  endfacet
  facet normal 0.207049 -0.978331 0
    outer loop
      vertex 8.32585 -37.0767 24
      vertex 7.41343 -37.2698 0
      vertex 8.32585 -37.0767 0
    endloop
  endfacet
  facet normal 0.0857782 -0.996314 0
    outer loop
      vertex 2.79545 -37.897 0
      vertex 3.72465 -37.817 24
      vertex 2.79545 -37.897 24
    endloop
  endfacet
  facet normal 0.0857782 -0.996314 0
    outer loop
      vertex 3.72465 -37.817 24
      vertex 2.79545 -37.897 0
      vertex 3.72465 -37.817 0
    endloop
  endfacet
  facet normal -0.416459 -0.909154 0
    outer loop
      vertex -16.2471 -34.3516 0
      vertex -15.3992 -34.74 24
      vertex -16.2471 -34.3516 24
    endloop
  endfacet
  facet normal -0.416459 -0.909154 -0
    outer loop
      vertex -15.3992 -34.74 24
      vertex -16.2471 -34.3516 0
      vertex -15.3992 -34.74 0
    endloop
  endfacet
  facet normal 0.780701 -0.624904 0
    outer loop
      vertex 29.3744 -24.1069 24
      vertex 29.9572 -23.3788 0
      vertex 29.9572 -23.3788 24
    endloop
  endfacet
  facet normal 0.780701 -0.624904 0
    outer loop
      vertex 29.9572 -23.3788 0
      vertex 29.3744 -24.1069 24
      vertex 29.3744 -24.1069 0
    endloop
  endfacet
  facet normal 0.231065 -0.972938 0
    outer loop
      vertex 8.32585 -37.0767 0
      vertex 9.23325 -36.8612 24
      vertex 8.32585 -37.0767 24
    endloop
  endfacet
  facet normal 0.231065 -0.972938 0
    outer loop
      vertex 9.23325 -36.8612 24
      vertex 8.32585 -37.0767 0
      vertex 9.23325 -36.8612 0
    endloop
  endfacet
  facet normal 0.585753 -0.81049 0
    outer loop
      vertex 21.8807 -31.0682 0
      vertex 22.6366 -30.5219 24
      vertex 21.8807 -31.0682 24
    endloop
  endfacet
  facet normal 0.585753 -0.81049 0
    outer loop
      vertex 22.6366 -30.5219 24
      vertex 21.8807 -31.0682 0
      vertex 22.6366 -30.5219 0
    endloop
  endfacet
  facet normal 0.348466 -0.937321 0
    outer loop
      vertex 12.8018 -35.7787 0
      vertex 13.676 -35.4537 24
      vertex 12.8018 -35.7787 24
    endloop
  endfacet
  facet normal 0.348466 -0.937321 0
    outer loop
      vertex 13.676 -35.4537 24
      vertex 12.8018 -35.7787 0
      vertex 13.676 -35.4537 0
    endloop
  endfacet
  facet normal 0.183133 0.983088 -0
    outer loop
      vertex 7.41343 37.2698 0
      vertex 6.49655 37.4406 24
      vertex 7.41343 37.2698 24
    endloop
  endfacet
  facet normal 0.183133 0.983088 0
    outer loop
      vertex 6.49655 37.4406 24
      vertex 7.41343 37.2698 0
      vertex 6.49655 37.4406 0
    endloop
  endfacet
  facet normal 0.460502 -0.887659 0
    outer loop
      vertex 17.0852 -33.9425 0
      vertex 17.9131 -33.513 24
      vertex 17.0852 -33.9425 24
    endloop
  endfacet
  facet normal 0.460502 -0.887659 0
    outer loop
      vertex 17.9131 -33.513 24
      vertex 17.0852 -33.9425 0
      vertex 17.9131 -33.513 0
    endloop
  endfacet
  facet normal -0.371298 0.928514 0
    outer loop
      vertex -13.676 35.4537 0
      vertex -14.542 35.1074 24
      vertex -13.676 35.4537 24
    endloop
  endfacet
  facet normal -0.371298 0.928514 0
    outer loop
      vertex -14.542 35.1074 24
      vertex -13.676 35.4537 0
      vertex -14.542 35.1074 0
    endloop
  endfacet
  facet normal 0 0 1
    outer loop
      vertex 40.75 23.7 24
      vertex 38.75 22.7 24
      vertex 40.75 0 24
    endloop
  endfacet
  facet normal 0 0 1
    outer loop
      vertex 15.3992 34.74 24
      vertex 38.75 22.7 24
      vertex 40.75 23.7 24
    endloop
  endfacet
  facet normal 0 0 1
    outer loop
      vertex 15.3992 34.74 24
      vertex 14.6495 33.0487 24
      vertex 38.75 22.7 24
    endloop
  endfacet
  facet normal 0 0 1
    outer loop
      vertex 14.542 35.1074 24
      vertex 14.6495 33.0487 24
      vertex 15.3992 34.74 24
    endloop
  endfacet
  facet normal 0 0 1
    outer loop
      vertex 14.542 35.1074 24
      vertex 13.834 33.3982 24
      vertex 14.6495 33.0487 24
    endloop
  endfacet
  facet normal 0 0 1
    outer loop
      vertex 13.676 35.4537 24
      vertex 13.834 33.3982 24
      vertex 14.542 35.1074 24
    endloop
  endfacet
  facet normal 0 0 1
    outer loop
      vertex 13.676 35.4537 24
      vertex 13.0102 33.7277 24
      vertex 13.834 33.3982 24
    endloop
  endfacet
  facet normal 0 0 1
    outer loop
      vertex 12.8018 35.7787 24
      vertex 13.0102 33.7277 24
      vertex 13.676 35.4537 24
    endloop
  endfacet
  facet normal 0 0 1
    outer loop
      vertex 12.8018 35.7787 24
      vertex 12.1786 34.0368 24
      vertex 13.0102 33.7277 24
    endloop
  endfacet
  facet normal 0 0 1
    outer loop
      vertex 11.9199 36.0821 24
      vertex 12.1786 34.0368 24
      vertex 12.8018 35.7787 24
    endloop
  endfacet
  facet normal 0 0 1
    outer loop
      vertex 11.9199 36.0821 24
      vertex 11.3396 34.3254 24
      vertex 12.1786 34.0368 24
    endloop
  endfacet
  facet normal 0 0 1
    outer loop
      vertex 11.0308 36.3637 24
      vertex 11.3396 34.3254 24
      vertex 11.9199 36.0821 24
    endloop
  endfacet
  facet normal 0 0 1
    outer loop
      vertex 11.0308 36.3637 24
      vertex 10.4938 34.5934 24
      vertex 11.3396 34.3254 24
    endloop
  endfacet
  facet normal 0 0 1
    outer loop
      vertex 10.1351 36.6235 24
      vertex 10.4938 34.5934 24
      vertex 11.0308 36.3637 24
    endloop
  endfacet
  facet normal 0 0 1
    outer loop
      vertex 10.1351 36.6235 24
      vertex 9.64167 34.8405 24
      vertex 10.4938 34.5934 24
    endloop
  endfacet
  facet normal 0 0 1
    outer loop
      vertex 9.23325 36.8612 24
      vertex 9.64167 34.8405 24
      vertex 10.1351 36.6235 24
    endloop
  endfacet
  facet normal 0 0 1
    outer loop
      vertex 9.23325 36.8612 24
      vertex 8.78373 35.0666 24
      vertex 9.64167 34.8405 24
    endloop
  endfacet
  facet normal 0 0 1
    outer loop
      vertex 8.32585 37.0767 24
      vertex 8.78373 35.0666 24
      vertex 9.23325 36.8612 24
    endloop
  endfacet
  facet normal 0 0 1
    outer loop
      vertex 8.32585 37.0767 24
      vertex 7.92051 35.2716 24
      vertex 8.78373 35.0666 24
    endloop
  endfacet
  facet normal 0 0 1
    outer loop
      vertex 7.41343 37.2698 24
      vertex 7.92051 35.2716 24
      vertex 8.32585 37.0767 24
    endloop
  endfacet
  facet normal 0 0 1
    outer loop
      vertex 7.41343 37.2698 24
      vertex 7.05252 35.4554 24
      vertex 7.92051 35.2716 24
    endloop
  endfacet
  facet normal 0 0 1
    outer loop
      vertex 6.49655 37.4406 24
      vertex 7.05252 35.4554 24
      vertex 7.41343 37.2698 24
    endloop
  endfacet
  facet normal 0 0 1
    outer loop
      vertex 6.49655 37.4406 24
      vertex 6.18027 35.6178 24
      vertex 7.05252 35.4554 24
    endloop
  endfacet
  facet normal 0 0 1
    outer loop
      vertex 5.57576 37.5887 24
      vertex 6.18027 35.6178 24
      vertex 6.49655 37.4406 24
    endloop
  endfacet
  facet normal 0 0 1
    outer loop
      vertex 5.57576 37.5887 24
      vertex 5.30431 35.7587 24
      vertex 6.18027 35.6178 24
    endloop
  endfacet
  facet normal 0 0 1
    outer loop
      vertex 4.65161 37.7142 24
      vertex 5.30431 35.7587 24
      vertex 5.57576 37.5887 24
    endloop
  endfacet
  facet normal 0 0 1
    outer loop
      vertex 4.65161 37.7142 24
      vertex 4.42515 35.8781 24
      vertex 5.30431 35.7587 24
    endloop
  endfacet
  facet normal 0 0 1
    outer loop
      vertex 3.72465 37.817 24
      vertex 4.42515 35.8781 24
      vertex 4.65161 37.7142 24
    endloop
  endfacet
  facet normal 0 0 1
    outer loop
      vertex 3.72465 37.817 24
      vertex 3.54332 35.9759 24
      vertex 4.42515 35.8781 24
    endloop
  endfacet
  facet normal 0 0 1
    outer loop
      vertex 2.79545 37.897 24
      vertex 3.54332 35.9759 24
      vertex 3.72465 37.817 24
    endloop
  endfacet
  facet normal 0 0 1
    outer loop
      vertex 2.79545 37.897 24
      vertex 2.65936 36.052 24
      vertex 3.54332 35.9759 24
    endloop
  endfacet
  facet normal 0 0 1
    outer loop
      vertex 1.86457 37.9542 24
      vertex 2.65936 36.052 24
      vertex 2.79545 37.897 24
    endloop
  endfacet
  facet normal 0 0 1
    outer loop
      vertex 1.86457 37.9542 24
      vertex 1.7738 36.1065 24
      vertex 2.65936 36.052 24
    endloop
  endfacet
  facet normal 0 0 1
    outer loop
      vertex 0.932567 37.9886 24
      vertex 1.7738 36.1065 24
      vertex 1.86457 37.9542 24
    endloop
  endfacet
  facet normal 0 0 1
    outer loop
      vertex 0.932567 37.9886 24
      vertex 0.887165 36.1391 24
      vertex 1.7738 36.1065 24
    endloop
  endfacet
  facet normal 0 0 1
    outer loop
      vertex 0 38 24
      vertex 0.887165 36.1391 24
      vertex 0.932567 37.9886 24
    endloop
  endfacet
  facet normal 0 0 1
    outer loop
      vertex 0 38 24
      vertex 0 36.15 24
      vertex 0.887165 36.1391 24
    endloop
  endfacet
  facet normal 0 0 1
    outer loop
      vertex 0 38 24
      vertex -0.887165 36.1391 24
      vertex 0 36.15 24
    endloop
  endfacet
  facet normal -0 0 1
    outer loop
      vertex -0.932567 37.9886 24
      vertex -0.887165 36.1391 24
      vertex 0 38 24
    endloop
  endfacet
  facet normal 0 0 1
    outer loop
      vertex -0.932567 37.9886 24
      vertex -1.7738 36.1065 24
      vertex -0.887165 36.1391 24
    endloop
  endfacet
  facet normal -0 0 1
    outer loop
      vertex -1.86457 37.9542 24
      vertex -1.7738 36.1065 24
      vertex -0.932567 37.9886 24
    endloop
  endfacet
  facet normal 0 0 1
    outer loop
      vertex -1.86457 37.9542 24
      vertex -2.65936 36.052 24
      vertex -1.7738 36.1065 24
    endloop
  endfacet
  facet normal -0 0 1
    outer loop
      vertex -2.79545 37.897 24
      vertex -2.65936 36.052 24
      vertex -1.86457 37.9542 24
    endloop
  endfacet
  facet normal 0 0 1
    outer loop
      vertex -2.79545 37.897 24
      vertex -3.54332 35.9759 24
      vertex -2.65936 36.052 24
    endloop
  endfacet
  facet normal -0 0 1
    outer loop
      vertex -3.72465 37.817 24
      vertex -3.54332 35.9759 24
      vertex -2.79545 37.897 24
    endloop
  endfacet
  facet normal 0 0 1
    outer loop
      vertex -3.72465 37.817 24
      vertex -4.42515 35.8781 24
      vertex -3.54332 35.9759 24
    endloop
  endfacet
  facet normal -0 0 1
    outer loop
      vertex -4.65161 37.7142 24
      vertex -4.42515 35.8781 24
      vertex -3.72465 37.817 24
    endloop
  endfacet
  facet normal 0 0 1
    outer loop
      vertex -4.65161 37.7142 24
      vertex -5.30431 35.7587 24
      vertex -4.42515 35.8781 24
    endloop
  endfacet
  facet normal -0 0 1
    outer loop
      vertex -5.57576 37.5887 24
      vertex -5.30431 35.7587 24
      vertex -4.65161 37.7142 24
    endloop
  endfacet
  facet normal 0 0 1
    outer loop
      vertex -5.57576 37.5887 24
      vertex -6.18027 35.6178 24
      vertex -5.30431 35.7587 24
    endloop
  endfacet
  facet normal -0 0 1
    outer loop
      vertex -6.49655 37.4406 24
      vertex -6.18027 35.6178 24
      vertex -5.57576 37.5887 24
    endloop
  endfacet
  facet normal 0 0 1
    outer loop
      vertex -6.49655 37.4406 24
      vertex -7.05252 35.4554 24
      vertex -6.18027 35.6178 24
    endloop
  endfacet
  facet normal -0 0 1
    outer loop
      vertex -7.41343 37.2698 24
      vertex -7.05252 35.4554 24
      vertex -6.49655 37.4406 24
    endloop
  endfacet
  facet normal 0 0 1
    outer loop
      vertex -7.41343 37.2698 24
      vertex -7.92051 35.2716 24
      vertex -7.05252 35.4554 24
    endloop
  endfacet
  facet normal -0 0 1
    outer loop
      vertex -8.32585 37.0767 24
      vertex -7.92051 35.2716 24
      vertex -7.41343 37.2698 24
    endloop
  endfacet
  facet normal 0 0 1
    outer loop
      vertex -8.32585 37.0767 24
      vertex -8.78373 35.0666 24
      vertex -7.92051 35.2716 24
    endloop
  endfacet
  facet normal -0 0 1
    outer loop
      vertex -9.23325 36.8612 24
      vertex -8.78373 35.0666 24
      vertex -8.32585 37.0767 24
    endloop
  endfacet
  facet normal 0 0 1
    outer loop
      vertex -9.23325 36.8612 24
      vertex -9.64167 34.8405 24
      vertex -8.78373 35.0666 24
    endloop
  endfacet
  facet normal -0 0 1
    outer loop
      vertex -10.1351 36.6235 24
      vertex -9.64167 34.8405 24
      vertex -9.23325 36.8612 24
    endloop
  endfacet
  facet normal 0 0 1
    outer loop
      vertex -10.1351 36.6235 24
      vertex -10.4938 34.5934 24
      vertex -9.64167 34.8405 24
    endloop
  endfacet
  facet normal -0 0 1
    outer loop
      vertex -11.0308 36.3637 24
      vertex -10.4938 34.5934 24
      vertex -10.1351 36.6235 24
    endloop
  endfacet
  facet normal 0 0 1
    outer loop
      vertex -11.0308 36.3637 24
      vertex -11.3396 34.3254 24
      vertex -10.4938 34.5934 24
    endloop
  endfacet
  facet normal -0 0 1
    outer loop
      vertex -11.9199 36.0821 24
      vertex -11.3396 34.3254 24
      vertex -11.0308 36.3637 24
    endloop
  endfacet
  facet normal 0 0 1
    outer loop
      vertex -11.9199 36.0821 24
      vertex -12.1786 34.0368 24
      vertex -11.3396 34.3254 24
    endloop
  endfacet
  facet normal -0 0 1
    outer loop
      vertex -12.8018 35.7787 24
      vertex -12.1786 34.0368 24
      vertex -11.9199 36.0821 24
    endloop
  endfacet
  facet normal 0 0 1
    outer loop
      vertex -12.8018 35.7787 24
      vertex -13.0102 33.7277 24
      vertex -12.1786 34.0368 24
    endloop
  endfacet
  facet normal -0 0 1
    outer loop
      vertex -13.676 35.4537 24
      vertex -13.0102 33.7277 24
      vertex -12.8018 35.7787 24
    endloop
  endfacet
  facet normal 0 0 1
    outer loop
      vertex -13.676 35.4537 24
      vertex -13.834 33.3982 24
      vertex -13.0102 33.7277 24
    endloop
  endfacet
  facet normal -0 0 1
    outer loop
      vertex -14.542 35.1074 24
      vertex -13.834 33.3982 24
      vertex -13.676 35.4537 24
    endloop
  endfacet
  facet normal 0 0 1
    outer loop
      vertex -14.542 35.1074 24
      vertex -14.6495 33.0487 24
      vertex -13.834 33.3982 24
    endloop
  endfacet
  facet normal -0 0 1
    outer loop
      vertex -15.3992 34.74 24
      vertex -14.6495 33.0487 24
      vertex -14.542 35.1074 24
    endloop
  endfacet
  facet normal 0 0 1
    outer loop
      vertex -15.3992 34.74 24
      vertex -38.75 22.7 24
      vertex -14.6495 33.0487 24
    endloop
  endfacet
  facet normal 0 0 1
    outer loop
      vertex -40.75 0 24
      vertex -38.75 22.7 24
      vertex -40.75 23.7 24
    endloop
  endfacet
  facet normal -0 0 1
    outer loop
      vertex -40.75 23.7 24
      vertex -38.75 22.7 24
      vertex -15.3992 34.74 24
    endloop
  endfacet
  facet normal 0 0 1
    outer loop
      vertex 38.75 0 24
      vertex 40.75 0 24
      vertex 38.75 22.7 24
    endloop
  endfacet
  facet normal -0 0 1
    outer loop
      vertex 38.75 0 24
      vertex 35.4537 -13.676 24
      vertex 40.75 0 24
    endloop
  endfacet
  facet normal -0 0 1
    outer loop
      vertex 33.7277 -13.0102 24
      vertex 35.4537 -13.676 24
      vertex 38.75 0 24
    endloop
  endfacet
  facet normal 0 0 1
    outer loop
      vertex 35.4537 -13.676 24
      vertex 33.7277 -13.0102 24
      vertex 35.1074 -14.542 24
    endloop
  endfacet
  facet normal -0 0 1
    outer loop
      vertex 33.3982 -13.834 24
      vertex 35.1074 -14.542 24
      vertex 33.7277 -13.0102 24
    endloop
  endfacet
  facet normal 0 0 1
    outer loop
      vertex 35.1074 -14.542 24
      vertex 33.3982 -13.834 24
      vertex 34.74 -15.3992 24
    endloop
  endfacet
  facet normal -0 0 1
    outer loop
      vertex 33.0487 -14.6495 24
      vertex 34.74 -15.3992 24
      vertex 33.3982 -13.834 24
    endloop
  endfacet
  facet normal 0 0 1
    outer loop
      vertex 34.74 -15.3992 24
      vertex 33.0487 -14.6495 24
      vertex 34.3516 -16.2471 24
    endloop
  endfacet
  facet normal -0 0 1
    outer loop
      vertex 32.6792 -15.4561 24
      vertex 34.3516 -16.2471 24
      vertex 33.0487 -14.6495 24
    endloop
  endfacet
  facet normal 0 0 1
    outer loop
      vertex 34.3516 -16.2471 24
      vertex 32.6792 -15.4561 24
      vertex 33.9425 -17.0852 24
    endloop
  endfacet
  facet normal -0 0 1
    outer loop
      vertex 32.2901 -16.2534 24
      vertex 33.9425 -17.0852 24
      vertex 32.6792 -15.4561 24
    endloop
  endfacet
  facet normal 0 0 1
    outer loop
      vertex 33.9425 -17.0852 24
      vertex 32.2901 -16.2534 24
      vertex 33.513 -17.9131 24
    endloop
  endfacet
  facet normal -0 0 1
    outer loop
      vertex 31.8815 -17.041 24
      vertex 33.513 -17.9131 24
      vertex 32.2901 -16.2534 24
    endloop
  endfacet
  facet normal 0 0 1
    outer loop
      vertex 33.513 -17.9131 24
      vertex 31.8815 -17.041 24
      vertex 33.0633 -18.7301 24
    endloop
  endfacet
  facet normal -0 0 1
    outer loop
      vertex 31.4536 -17.8183 24
      vertex 33.0633 -18.7301 24
      vertex 31.8815 -17.041 24
    endloop
  endfacet
  facet normal 0 0 1
    outer loop
      vertex 33.0633 -18.7301 24
      vertex 31.4536 -17.8183 24
      vertex 32.5937 -19.5359 24
    endloop
  endfacet
  facet normal -0 0 1
    outer loop
      vertex 31.0069 -18.5848 24
      vertex 32.5937 -19.5359 24
      vertex 31.4536 -17.8183 24
    endloop
  endfacet
  facet normal 0 0 1
    outer loop
      vertex 32.5937 -19.5359 24
      vertex 31.0069 -18.5848 24
      vertex 32.1044 -20.3299 24
    endloop
  endfacet
  facet normal -0 0 1
    outer loop
      vertex 30.5415 -19.3402 24
      vertex 32.1044 -20.3299 24
      vertex 31.0069 -18.5848 24
    endloop
  endfacet
  facet normal 0 0 1
    outer loop
      vertex 32.1044 -20.3299 24
      vertex 30.5415 -19.3402 24
      vertex 31.5958 -21.1117 24
    endloop
  endfacet
  facet normal -0 0 1
    outer loop
      vertex 30.0576 -20.0839 24
      vertex 31.5958 -21.1117 24
      vertex 30.5415 -19.3402 24
    endloop
  endfacet
  facet normal 0 0 1
    outer loop
      vertex 31.5958 -21.1117 24
      vertex 30.0576 -20.0839 24
      vertex 31.0682 -21.8807 24
    endloop
  endfacet
  facet normal -0 0 1
    outer loop
      vertex 29.5557 -20.8155 24
      vertex 31.0682 -21.8807 24
      vertex 30.0576 -20.0839 24
    endloop
  endfacet
  facet normal 0 0 1
    outer loop
      vertex 31.0682 -21.8807 24
      vertex 29.5557 -20.8155 24
      vertex 30.5219 -22.6366 24
    endloop
  endfacet
  facet normal -0 0 1
    outer loop
      vertex 29.036 -21.5345 24
      vertex 30.5219 -22.6366 24
      vertex 29.5557 -20.8155 24
    endloop
  endfacet
  facet normal 0 0 1
    outer loop
      vertex 30.5219 -22.6366 24
      vertex 29.036 -21.5345 24
      vertex 29.9572 -23.3788 24
    endloop
  endfacet
  facet normal -0 0 1
    outer loop
      vertex 28.4987 -22.2406 24
      vertex 29.9572 -23.3788 24
      vertex 29.036 -21.5345 24
    endloop
  endfacet
  facet normal 0 0 1
    outer loop
      vertex 29.9572 -23.3788 24
      vertex 28.4987 -22.2406 24
      vertex 29.3744 -24.1069 24
    endloop
  endfacet
  facet normal -0 0 1
    outer loop
      vertex 27.9443 -22.9333 24
      vertex 29.3744 -24.1069 24
      vertex 28.4987 -22.2406 24
    endloop
  endfacet
  facet normal 0 0 1
    outer loop
      vertex 29.3744 -24.1069 24
      vertex 27.9443 -22.9333 24
      vertex 28.7739 -24.8206 24
    endloop
  endfacet
  facet normal -0 0 1
    outer loop
      vertex 27.3731 -23.6122 24
      vertex 28.7739 -24.8206 24
      vertex 27.9443 -22.9333 24
    endloop
  endfacet
  facet normal 0 0 1
    outer loop
      vertex 28.7739 -24.8206 24
      vertex 27.3731 -23.6122 24
      vertex 28.1561 -25.5192 24
    endloop
  endfacet
  facet normal -0 0 1
    outer loop
      vertex 26.7854 -24.2769 24
      vertex 28.1561 -25.5192 24
      vertex 27.3731 -23.6122 24
    endloop
  endfacet
  facet normal 0 0 1
    outer loop
      vertex 28.1561 -25.5192 24
      vertex 26.7854 -24.2769 24
      vertex 27.5214 -26.2025 24
    endloop
  endfacet
  facet normal -0 0 1
    outer loop
      vertex 26.1815 -24.9269 24
      vertex 27.5214 -26.2025 24
      vertex 26.7854 -24.2769 24
    endloop
  endfacet
  facet normal 0 0 1
    outer loop
      vertex 27.5214 -26.2025 24
      vertex 26.1815 -24.9269 24
      vertex 26.8701 -26.8701 24
    endloop
  endfacet
  facet normal -0 0 1
    outer loop
      vertex 25.5619 -25.5619 24
      vertex 26.8701 -26.8701 24
      vertex 26.1815 -24.9269 24
    endloop
  endfacet
  facet normal 0 0 1
    outer loop
      vertex 26.8701 -26.8701 24
      vertex 25.5619 -25.5619 24
      vertex 26.2025 -27.5214 24
    endloop
  endfacet
  facet normal -0 0 1
    outer loop
      vertex 24.9269 -26.1815 24
      vertex 26.2025 -27.5214 24
      vertex 25.5619 -25.5619 24
    endloop
  endfacet
  facet normal 0 0 1
    outer loop
      vertex 26.2025 -27.5214 24
      vertex 24.9269 -26.1815 24
      vertex 25.5192 -28.1561 24
    endloop
  endfacet
  facet normal -0 0 1
    outer loop
      vertex 24.2769 -26.7854 24
      vertex 25.5192 -28.1561 24
      vertex 24.9269 -26.1815 24
    endloop
  endfacet
  facet normal 0 0 1
    outer loop
      vertex 25.5192 -28.1561 24
      vertex 24.2769 -26.7854 24
      vertex 24.8206 -28.7739 24
    endloop
  endfacet
  facet normal -0 0 1
    outer loop
      vertex 23.6122 -27.3731 24
      vertex 24.8206 -28.7739 24
      vertex 24.2769 -26.7854 24
    endloop
  endfacet
  facet normal 0 0 1
    outer loop
      vertex 24.8206 -28.7739 24
      vertex 23.6122 -27.3731 24
      vertex 24.1069 -29.3744 24
    endloop
  endfacet
  facet normal -0 0 1
    outer loop
      vertex 22.9333 -27.9443 24
      vertex 24.1069 -29.3744 24
      vertex 23.6122 -27.3731 24
    endloop
  endfacet
  facet normal 0 0 1
    outer loop
      vertex 24.1069 -29.3744 24
      vertex 22.9333 -27.9443 24
      vertex 23.3788 -29.9572 24
    endloop
  endfacet
  facet normal -0 0 1
    outer loop
      vertex 22.2406 -28.4987 24
      vertex 23.3788 -29.9572 24
      vertex 22.9333 -27.9443 24
    endloop
  endfacet
  facet normal 0 0 1
    outer loop
      vertex 23.3788 -29.9572 24
      vertex 22.2406 -28.4987 24
      vertex 22.6366 -30.5219 24
    endloop
  endfacet
  facet normal -0 0 1
    outer loop
      vertex 21.5345 -29.036 24
      vertex 22.6366 -30.5219 24
      vertex 22.2406 -28.4987 24
    endloop
  endfacet
  facet normal 0 0 1
    outer loop
      vertex 22.6366 -30.5219 24
      vertex 21.5345 -29.036 24
      vertex 21.8807 -31.0682 24
    endloop
  endfacet
  facet normal -0 0 1
    outer loop
      vertex 20.8155 -29.5557 24
      vertex 21.8807 -31.0682 24
      vertex 21.5345 -29.036 24
    endloop
  endfacet
  facet normal 0 0 1
    outer loop
      vertex 21.8807 -31.0682 24
      vertex 20.8155 -29.5557 24
      vertex 21.1117 -31.5958 24
    endloop
  endfacet
  facet normal -0 0 1
    outer loop
      vertex 20.0839 -30.0576 24
      vertex 21.1117 -31.5958 24
      vertex 20.8155 -29.5557 24
    endloop
  endfacet
  facet normal 0 0 1
    outer loop
      vertex 21.1117 -31.5958 24
      vertex 20.0839 -30.0576 24
      vertex 20.3299 -32.1044 24
    endloop
  endfacet
  facet normal -0 0 1
    outer loop
      vertex 19.3402 -30.5415 24
      vertex 20.3299 -32.1044 24
      vertex 20.0839 -30.0576 24
    endloop
  endfacet
  facet normal 0 0 1
    outer loop
      vertex 20.3299 -32.1044 24
      vertex 19.3402 -30.5415 24
      vertex 19.5359 -32.5937 24
    endloop
  endfacet
  facet normal -0 0 1
    outer loop
      vertex 18.5848 -31.0069 24
      vertex 19.5359 -32.5937 24
      vertex 19.3402 -30.5415 24
    endloop
  endfacet
  facet normal 0 0 1
    outer loop
      vertex 19.5359 -32.5937 24
      vertex 18.5848 -31.0069 24
      vertex 18.7301 -33.0633 24
    endloop
  endfacet
  facet normal -0 0 1
    outer loop
      vertex 17.8183 -31.4536 24
      vertex 18.7301 -33.0633 24
      vertex 18.5848 -31.0069 24
    endloop
  endfacet
  facet normal 0 0 1
    outer loop
      vertex 18.7301 -33.0633 24
      vertex 17.8183 -31.4536 24
      vertex 17.9131 -33.513 24
    endloop
  endfacet
  facet normal -0 0 1
    outer loop
      vertex 17.041 -31.8815 24
      vertex 17.9131 -33.513 24
      vertex 17.8183 -31.4536 24
    endloop
  endfacet
  facet normal 0 0 1
    outer loop
      vertex 17.9131 -33.513 24
      vertex 17.041 -31.8815 24
      vertex 17.0852 -33.9425 24
    endloop
  endfacet
  facet normal -0 0 1
    outer loop
      vertex 16.2534 -32.2901 24
      vertex 17.0852 -33.9425 24
      vertex 17.041 -31.8815 24
    endloop
  endfacet
  facet normal 0 0 1
    outer loop
      vertex 16.2534 -32.2901 24
      vertex 16.2471 -34.3516 24
      vertex 17.0852 -33.9425 24
    endloop
  endfacet
  facet normal -0 0 1
    outer loop
      vertex 15.4561 -32.6792 24
      vertex 16.2471 -34.3516 24
      vertex 16.2534 -32.2901 24
    endloop
  endfacet
  facet normal 0 0 1
    outer loop
      vertex 15.4561 -32.6792 24
      vertex 15.3992 -34.74 24
      vertex 16.2471 -34.3516 24
    endloop
  endfacet
  facet normal -0 0 1
    outer loop
      vertex 14.6495 -33.0487 24
      vertex 15.3992 -34.74 24
      vertex 15.4561 -32.6792 24
    endloop
  endfacet
  facet normal 0 0 1
    outer loop
      vertex 14.6495 -33.0487 24
      vertex 14.542 -35.1074 24
      vertex 15.3992 -34.74 24
    endloop
  endfacet
  facet normal -0 0 1
    outer loop
      vertex 13.834 -33.3982 24
      vertex 14.542 -35.1074 24
      vertex 14.6495 -33.0487 24
    endloop
  endfacet
  facet normal 0 0 1
    outer loop
      vertex 13.834 -33.3982 24
      vertex 13.676 -35.4537 24
      vertex 14.542 -35.1074 24
    endloop
  endfacet
  facet normal -0 0 1
    outer loop
      vertex 13.0102 -33.7277 24
      vertex 13.676 -35.4537 24
      vertex 13.834 -33.3982 24
    endloop
  endfacet
  facet normal 0 0 1
    outer loop
      vertex 13.0102 -33.7277 24
      vertex 12.8018 -35.7787 24
      vertex 13.676 -35.4537 24
    endloop
  endfacet
  facet normal -0 0 1
    outer loop
      vertex 12.1786 -34.0368 24
      vertex 12.8018 -35.7787 24
      vertex 13.0102 -33.7277 24
    endloop
  endfacet
  facet normal 0 0 1
    outer loop
      vertex 12.1786 -34.0368 24
      vertex 11.9199 -36.0821 24
      vertex 12.8018 -35.7787 24
    endloop
  endfacet
  facet normal -0 0 1
    outer loop
      vertex 11.3396 -34.3254 24
      vertex 11.9199 -36.0821 24
      vertex 12.1786 -34.0368 24
    endloop
  endfacet
  facet normal 0 0 1
    outer loop
      vertex 11.3396 -34.3254 24
      vertex 11.0308 -36.3637 24
      vertex 11.9199 -36.0821 24
    endloop
  endfacet
  facet normal -0 0 1
    outer loop
      vertex 10.4938 -34.5934 24
      vertex 11.0308 -36.3637 24
      vertex 11.3396 -34.3254 24
    endloop
  endfacet
  facet normal 0 0 1
    outer loop
      vertex 10.4938 -34.5934 24
      vertex 10.1351 -36.6235 24
      vertex 11.0308 -36.3637 24
    endloop
  endfacet
  facet normal -0 0 1
    outer loop
      vertex 9.64167 -34.8405 24
      vertex 10.1351 -36.6235 24
      vertex 10.4938 -34.5934 24
    endloop
  endfacet
  facet normal 0 0 1
    outer loop
      vertex 9.64167 -34.8405 24
      vertex 9.23325 -36.8612 24
      vertex 10.1351 -36.6235 24
    endloop
  endfacet
  facet normal -0 0 1
    outer loop
      vertex 8.78373 -35.0666 24
      vertex 9.23325 -36.8612 24
      vertex 9.64167 -34.8405 24
    endloop
  endfacet
  facet normal 0 0 1
    outer loop
      vertex 8.78373 -35.0666 24
      vertex 8.32585 -37.0767 24
      vertex 9.23325 -36.8612 24
    endloop
  endfacet
  facet normal -0 0 1
    outer loop
      vertex 7.92051 -35.2716 24
      vertex 8.32585 -37.0767 24
      vertex 8.78373 -35.0666 24
    endloop
  endfacet
  facet normal 0 0 1
    outer loop
      vertex 7.92051 -35.2716 24
      vertex 7.41343 -37.2698 24
      vertex 8.32585 -37.0767 24
    endloop
  endfacet
  facet normal -0 0 1
    outer loop
      vertex 7.05252 -35.4554 24
      vertex 7.41343 -37.2698 24
      vertex 7.92051 -35.2716 24
    endloop
  endfacet
  facet normal 0 0 1
    outer loop
      vertex 7.05252 -35.4554 24
      vertex 6.49655 -37.4406 24
      vertex 7.41343 -37.2698 24
    endloop
  endfacet
  facet normal -0 0 1
    outer loop
      vertex 6.18027 -35.6178 24
      vertex 6.49655 -37.4406 24
      vertex 7.05252 -35.4554 24
    endloop
  endfacet
  facet normal 0 0 1
    outer loop
      vertex 6.18027 -35.6178 24
      vertex 5.57576 -37.5887 24
      vertex 6.49655 -37.4406 24
    endloop
  endfacet
  facet normal -0 0 1
    outer loop
      vertex 5.30431 -35.7587 24
      vertex 5.57576 -37.5887 24
      vertex 6.18027 -35.6178 24
    endloop
  endfacet
  facet normal 0 0 1
    outer loop
      vertex 5.30431 -35.7587 24
      vertex 4.65161 -37.7142 24
      vertex 5.57576 -37.5887 24
    endloop
  endfacet
  facet normal -0 0 1
    outer loop
      vertex 4.42515 -35.8781 24
      vertex 4.65161 -37.7142 24
      vertex 5.30431 -35.7587 24
    endloop
  endfacet
  facet normal 0 0 1
    outer loop
      vertex 4.42515 -35.8781 24
      vertex 3.72465 -37.817 24
      vertex 4.65161 -37.7142 24
    endloop
  endfacet
  facet normal -0 0 1
    outer loop
      vertex 3.54332 -35.9759 24
      vertex 3.72465 -37.817 24
      vertex 4.42515 -35.8781 24
    endloop
  endfacet
  facet normal 0 0 1
    outer loop
      vertex 3.54332 -35.9759 24
      vertex 2.79545 -37.897 24
      vertex 3.72465 -37.817 24
    endloop
  endfacet
  facet normal -0 0 1
    outer loop
      vertex 2.65936 -36.052 24
      vertex 2.79545 -37.897 24
      vertex 3.54332 -35.9759 24
    endloop
  endfacet
  facet normal 0 0 1
    outer loop
      vertex 2.65936 -36.052 24
      vertex 1.86457 -37.9542 24
      vertex 2.79545 -37.897 24
    endloop
  endfacet
  facet normal -0 0 1
    outer loop
      vertex 1.7738 -36.1065 24
      vertex 1.86457 -37.9542 24
      vertex 2.65936 -36.052 24
    endloop
  endfacet
  facet normal 0 0 1
    outer loop
      vertex 1.7738 -36.1065 24
      vertex 0.932567 -37.9886 24
      vertex 1.86457 -37.9542 24
    endloop
  endfacet
  facet normal -0 0 1
    outer loop
      vertex 0.887165 -36.1391 24
      vertex 0.932567 -37.9886 24
      vertex 1.7738 -36.1065 24
    endloop
  endfacet
  facet normal -0 0 1
    outer loop
      vertex 0 -36.15 24
      vertex 0.932567 -37.9886 24
      vertex 0.887165 -36.1391 24
    endloop
  endfacet
  facet normal 0 0 1
    outer loop
      vertex 0 -36.15 24
      vertex 0 -38 24
      vertex 0.932567 -37.9886 24
    endloop
  endfacet
  facet normal 0 0 1
    outer loop
      vertex -0.887165 -36.1391 24
      vertex 0 -38 24
      vertex 0 -36.15 24
    endloop
  endfacet
  facet normal 0 0 1
    outer loop
      vertex -0.887165 -36.1391 24
      vertex -0.932567 -37.9886 24
      vertex 0 -38 24
    endloop
  endfacet
  facet normal 0 0 1
    outer loop
      vertex -1.7738 -36.1065 24
      vertex -0.932567 -37.9886 24
      vertex -0.887165 -36.1391 24
    endloop
  endfacet
  facet normal 0 0 1
    outer loop
      vertex -1.7738 -36.1065 24
      vertex -1.86457 -37.9542 24
      vertex -0.932567 -37.9886 24
    endloop
  endfacet
  facet normal 0 0 1
    outer loop
      vertex -2.65936 -36.052 24
      vertex -1.86457 -37.9542 24
      vertex -1.7738 -36.1065 24
    endloop
  endfacet
  facet normal 0 0 1
    outer loop
      vertex -2.65936 -36.052 24
      vertex -2.79545 -37.897 24
      vertex -1.86457 -37.9542 24
    endloop
  endfacet
  facet normal 0 0 1
    outer loop
      vertex -3.54332 -35.9759 24
      vertex -2.79545 -37.897 24
      vertex -2.65936 -36.052 24
    endloop
  endfacet
  facet normal 0 0 1
    outer loop
      vertex -3.54332 -35.9759 24
      vertex -3.72465 -37.817 24
      vertex -2.79545 -37.897 24
    endloop
  endfacet
  facet normal 0 0 1
    outer loop
      vertex -4.42515 -35.8781 24
      vertex -3.72465 -37.817 24
      vertex -3.54332 -35.9759 24
    endloop
  endfacet
  facet normal 0 0 1
    outer loop
      vertex -4.42515 -35.8781 24
      vertex -4.65161 -37.7142 24
      vertex -3.72465 -37.817 24
    endloop
  endfacet
  facet normal 0 0 1
    outer loop
      vertex -5.30431 -35.7587 24
      vertex -4.65161 -37.7142 24
      vertex -4.42515 -35.8781 24
    endloop
  endfacet
  facet normal 0 0 1
    outer loop
      vertex -5.30431 -35.7587 24
      vertex -5.57576 -37.5887 24
      vertex -4.65161 -37.7142 24
    endloop
  endfacet
  facet normal 0 0 1
    outer loop
      vertex -6.18027 -35.6178 24
      vertex -5.57576 -37.5887 24
      vertex -5.30431 -35.7587 24
    endloop
  endfacet
  facet normal 0 0 1
    outer loop
      vertex -6.18027 -35.6178 24
      vertex -6.49655 -37.4406 24
      vertex -5.57576 -37.5887 24
    endloop
  endfacet
  facet normal 0 0 1
    outer loop
      vertex -7.05252 -35.4554 24
      vertex -6.49655 -37.4406 24
      vertex -6.18027 -35.6178 24
    endloop
  endfacet
  facet normal 0 0 1
    outer loop
      vertex -7.05252 -35.4554 24
      vertex -7.41343 -37.2698 24
      vertex -6.49655 -37.4406 24
    endloop
  endfacet
  facet normal 0 0 1
    outer loop
      vertex -7.92051 -35.2716 24
      vertex -7.41343 -37.2698 24
      vertex -7.05252 -35.4554 24
    endloop
  endfacet
  facet normal 0 0 1
    outer loop
      vertex -7.92051 -35.2716 24
      vertex -8.32585 -37.0767 24
      vertex -7.41343 -37.2698 24
    endloop
  endfacet
  facet normal 0 0 1
    outer loop
      vertex -8.78373 -35.0666 24
      vertex -8.32585 -37.0767 24
      vertex -7.92051 -35.2716 24
    endloop
  endfacet
  facet normal 0 0 1
    outer loop
      vertex -8.78373 -35.0666 24
      vertex -9.23325 -36.8612 24
      vertex -8.32585 -37.0767 24
    endloop
  endfacet
  facet normal 0 0 1
    outer loop
      vertex -9.64167 -34.8405 24
      vertex -9.23325 -36.8612 24
      vertex -8.78373 -35.0666 24
    endloop
  endfacet
  facet normal 0 0 1
    outer loop
      vertex -9.64167 -34.8405 24
      vertex -10.1351 -36.6235 24
      vertex -9.23325 -36.8612 24
    endloop
  endfacet
  facet normal 0 0 1
    outer loop
      vertex -10.4938 -34.5934 24
      vertex -10.1351 -36.6235 24
      vertex -9.64167 -34.8405 24
    endloop
  endfacet
  facet normal 0 0 1
    outer loop
      vertex -10.4938 -34.5934 24
      vertex -11.0308 -36.3637 24
      vertex -10.1351 -36.6235 24
    endloop
  endfacet
  facet normal 0 0 1
    outer loop
      vertex -11.3396 -34.3254 24
      vertex -11.0308 -36.3637 24
      vertex -10.4938 -34.5934 24
    endloop
  endfacet
  facet normal 0 0 1
    outer loop
      vertex -11.3396 -34.3254 24
      vertex -11.9199 -36.0821 24
      vertex -11.0308 -36.3637 24
    endloop
  endfacet
  facet normal 0 0 1
    outer loop
      vertex -12.1786 -34.0368 24
      vertex -11.9199 -36.0821 24
      vertex -11.3396 -34.3254 24
    endloop
  endfacet
  facet normal 0 0 1
    outer loop
      vertex -12.1786 -34.0368 24
      vertex -12.8018 -35.7787 24
      vertex -11.9199 -36.0821 24
    endloop
  endfacet
  facet normal 0 0 1
    outer loop
      vertex -13.0102 -33.7277 24
      vertex -12.8018 -35.7787 24
      vertex -12.1786 -34.0368 24
    endloop
  endfacet
  facet normal 0 0 1
    outer loop
      vertex -13.0102 -33.7277 24
      vertex -13.676 -35.4537 24
      vertex -12.8018 -35.7787 24
    endloop
  endfacet
  facet normal 0 0 1
    outer loop
      vertex -13.834 -33.3982 24
      vertex -13.676 -35.4537 24
      vertex -13.0102 -33.7277 24
    endloop
  endfacet
  facet normal 0 0 1
    outer loop
      vertex -13.834 -33.3982 24
      vertex -14.542 -35.1074 24
      vertex -13.676 -35.4537 24
    endloop
  endfacet
  facet normal 0 0 1
    outer loop
      vertex -14.6495 -33.0487 24
      vertex -14.542 -35.1074 24
      vertex -13.834 -33.3982 24
    endloop
  endfacet
  facet normal 0 0 1
    outer loop
      vertex -14.6495 -33.0487 24
      vertex -15.3992 -34.74 24
      vertex -14.542 -35.1074 24
    endloop
  endfacet
  facet normal 0 0 1
    outer loop
      vertex -15.4561 -32.6792 24
      vertex -15.3992 -34.74 24
      vertex -14.6495 -33.0487 24
    endloop
  endfacet
  facet normal 0 0 1
    outer loop
      vertex -15.4561 -32.6792 24
      vertex -16.2471 -34.3516 24
      vertex -15.3992 -34.74 24
    endloop
  endfacet
  facet normal 0 0 1
    outer loop
      vertex -16.2534 -32.2901 24
      vertex -16.2471 -34.3516 24
      vertex -15.4561 -32.6792 24
    endloop
  endfacet
  facet normal 0 0 1
    outer loop
      vertex -17.0852 -33.9425 24
      vertex -16.2534 -32.2901 24
      vertex -17.041 -31.8815 24
    endloop
  endfacet
  facet normal 0 0 1
    outer loop
      vertex -16.2534 -32.2901 24
      vertex -17.0852 -33.9425 24
      vertex -16.2471 -34.3516 24
    endloop
  endfacet
  facet normal 0 0 1
    outer loop
      vertex -17.9131 -33.513 24
      vertex -17.041 -31.8815 24
      vertex -17.8183 -31.4536 24
    endloop
  endfacet
  facet normal 0 0 1
    outer loop
      vertex -17.041 -31.8815 24
      vertex -17.9131 -33.513 24
      vertex -17.0852 -33.9425 24
    endloop
  endfacet
  facet normal 0 0 1
    outer loop
      vertex -18.7301 -33.0633 24
      vertex -17.8183 -31.4536 24
      vertex -18.5848 -31.0069 24
    endloop
  endfacet
  facet normal 0 0 1
    outer loop
      vertex -17.8183 -31.4536 24
      vertex -18.7301 -33.0633 24
      vertex -17.9131 -33.513 24
    endloop
  endfacet
  facet normal 0 0 1
    outer loop
      vertex -19.5359 -32.5937 24
      vertex -18.5848 -31.0069 24
      vertex -19.3402 -30.5415 24
    endloop
  endfacet
  facet normal 0 0 1
    outer loop
      vertex -18.5848 -31.0069 24
      vertex -19.5359 -32.5937 24
      vertex -18.7301 -33.0633 24
    endloop
  endfacet
  facet normal 0 0 1
    outer loop
      vertex -20.3299 -32.1044 24
      vertex -19.3402 -30.5415 24
      vertex -20.0839 -30.0576 24
    endloop
  endfacet
  facet normal 0 0 1
    outer loop
      vertex -19.3402 -30.5415 24
      vertex -20.3299 -32.1044 24
      vertex -19.5359 -32.5937 24
    endloop
  endfacet
  facet normal 0 0 1
    outer loop
      vertex -21.1117 -31.5958 24
      vertex -20.0839 -30.0576 24
      vertex -20.8155 -29.5557 24
    endloop
  endfacet
  facet normal 0 0 1
    outer loop
      vertex -20.0839 -30.0576 24
      vertex -21.1117 -31.5958 24
      vertex -20.3299 -32.1044 24
    endloop
  endfacet
  facet normal 0 0 1
    outer loop
      vertex -21.8807 -31.0682 24
      vertex -20.8155 -29.5557 24
      vertex -21.5345 -29.036 24
    endloop
  endfacet
  facet normal 0 0 1
    outer loop
      vertex -20.8155 -29.5557 24
      vertex -21.8807 -31.0682 24
      vertex -21.1117 -31.5958 24
    endloop
  endfacet
  facet normal 0 0 1
    outer loop
      vertex -22.6366 -30.5219 24
      vertex -21.5345 -29.036 24
      vertex -22.2406 -28.4987 24
    endloop
  endfacet
  facet normal 0 0 1
    outer loop
      vertex -21.5345 -29.036 24
      vertex -22.6366 -30.5219 24
      vertex -21.8807 -31.0682 24
    endloop
  endfacet
  facet normal 0 0 1
    outer loop
      vertex -23.3788 -29.9572 24
      vertex -22.2406 -28.4987 24
      vertex -22.9333 -27.9443 24
    endloop
  endfacet
  facet normal 0 0 1
    outer loop
      vertex -22.2406 -28.4987 24
      vertex -23.3788 -29.9572 24
      vertex -22.6366 -30.5219 24
    endloop
  endfacet
  facet normal 0 0 1
    outer loop
      vertex -24.1069 -29.3744 24
      vertex -22.9333 -27.9443 24
      vertex -23.6122 -27.3731 24
    endloop
  endfacet
  facet normal 0 0 1
    outer loop
      vertex -22.9333 -27.9443 24
      vertex -24.1069 -29.3744 24
      vertex -23.3788 -29.9572 24
    endloop
  endfacet
  facet normal 0 0 1
    outer loop
      vertex -24.8206 -28.7739 24
      vertex -23.6122 -27.3731 24
      vertex -24.2769 -26.7854 24
    endloop
  endfacet
  facet normal 0 0 1
    outer loop
      vertex -23.6122 -27.3731 24
      vertex -24.8206 -28.7739 24
      vertex -24.1069 -29.3744 24
    endloop
  endfacet
  facet normal 0 0 1
    outer loop
      vertex -25.5192 -28.1561 24
      vertex -24.2769 -26.7854 24
      vertex -24.9269 -26.1815 24
    endloop
  endfacet
  facet normal 0 0 1
    outer loop
      vertex -24.2769 -26.7854 24
      vertex -25.5192 -28.1561 24
      vertex -24.8206 -28.7739 24
    endloop
  endfacet
  facet normal 0 0 1
    outer loop
      vertex -26.2025 -27.5214 24
      vertex -24.9269 -26.1815 24
      vertex -25.5619 -25.5619 24
    endloop
  endfacet
  facet normal 0 0 1
    outer loop
      vertex -26.8701 -26.8701 24
      vertex -25.5619 -25.5619 24
      vertex -26.1815 -24.9269 24
    endloop
  endfacet
  facet normal 0 0 1
    outer loop
      vertex -24.9269 -26.1815 24
      vertex -26.2025 -27.5214 24
      vertex -25.5192 -28.1561 24
    endloop
  endfacet
  facet normal 0 0 1
    outer loop
      vertex -27.5214 -26.2025 24
      vertex -26.1815 -24.9269 24
      vertex -26.7854 -24.2769 24
    endloop
  endfacet
  facet normal 0 0 1
    outer loop
      vertex -25.5619 -25.5619 24
      vertex -26.8701 -26.8701 24
      vertex -26.2025 -27.5214 24
    endloop
  endfacet
  facet normal 0 0 1
    outer loop
      vertex -28.1561 -25.5192 24
      vertex -26.7854 -24.2769 24
      vertex -27.3731 -23.6122 24
    endloop
  endfacet
  facet normal 0 0 1
    outer loop
      vertex -26.1815 -24.9269 24
      vertex -27.5214 -26.2025 24
      vertex -26.8701 -26.8701 24
    endloop
  endfacet
  facet normal 0 0 1
    outer loop
      vertex -28.7739 -24.8206 24
      vertex -27.3731 -23.6122 24
      vertex -27.9443 -22.9333 24
    endloop
  endfacet
  facet normal 0 0 1
    outer loop
      vertex -26.7854 -24.2769 24
      vertex -28.1561 -25.5192 24
      vertex -27.5214 -26.2025 24
    endloop
  endfacet
  facet normal 0 0 1
    outer loop
      vertex -29.3744 -24.1069 24
      vertex -27.9443 -22.9333 24
      vertex -28.4987 -22.2406 24
    endloop
  endfacet
  facet normal 0 0 1
    outer loop
      vertex -27.3731 -23.6122 24
      vertex -28.7739 -24.8206 24
      vertex -28.1561 -25.5192 24
    endloop
  endfacet
  facet normal 0 0 1
    outer loop
      vertex -29.9572 -23.3788 24
      vertex -28.4987 -22.2406 24
      vertex -29.036 -21.5345 24
    endloop
  endfacet
  facet normal 0 0 1
    outer loop
      vertex -27.9443 -22.9333 24
      vertex -29.3744 -24.1069 24
      vertex -28.7739 -24.8206 24
    endloop
  endfacet
  facet normal 0 0 1
    outer loop
      vertex -30.5219 -22.6366 24
      vertex -29.036 -21.5345 24
      vertex -29.5557 -20.8155 24
    endloop
  endfacet
  facet normal 0 0 1
    outer loop
      vertex -28.4987 -22.2406 24
      vertex -29.9572 -23.3788 24
      vertex -29.3744 -24.1069 24
    endloop
  endfacet
  facet normal 0 0 1
    outer loop
      vertex -31.0682 -21.8807 24
      vertex -29.5557 -20.8155 24
      vertex -30.0576 -20.0839 24
    endloop
  endfacet
  facet normal 0 0 1
    outer loop
      vertex -29.036 -21.5345 24
      vertex -30.5219 -22.6366 24
      vertex -29.9572 -23.3788 24
    endloop
  endfacet
  facet normal 0 0 1
    outer loop
      vertex -31.5958 -21.1117 24
      vertex -30.0576 -20.0839 24
      vertex -30.5415 -19.3402 24
    endloop
  endfacet
  facet normal 0 0 1
    outer loop
      vertex -32.1044 -20.3299 24
      vertex -30.5415 -19.3402 24
      vertex -31.0069 -18.5848 24
    endloop
  endfacet
  facet normal 0 0 1
    outer loop
      vertex -29.5557 -20.8155 24
      vertex -31.0682 -21.8807 24
      vertex -30.5219 -22.6366 24
    endloop
  endfacet
  facet normal 0 0 1
    outer loop
      vertex -32.5937 -19.5359 24
      vertex -31.0069 -18.5848 24
      vertex -31.4536 -17.8183 24
    endloop
  endfacet
  facet normal 0 0 1
    outer loop
      vertex -30.0576 -20.0839 24
      vertex -31.5958 -21.1117 24
      vertex -31.0682 -21.8807 24
    endloop
  endfacet
  facet normal 0 0 1
    outer loop
      vertex -33.0633 -18.7301 24
      vertex -31.4536 -17.8183 24
      vertex -31.8815 -17.041 24
    endloop
  endfacet
  facet normal 0 0 1
    outer loop
      vertex -30.5415 -19.3402 24
      vertex -32.1044 -20.3299 24
      vertex -31.5958 -21.1117 24
    endloop
  endfacet
  facet normal 0 0 1
    outer loop
      vertex -33.513 -17.9131 24
      vertex -31.8815 -17.041 24
      vertex -32.2901 -16.2534 24
    endloop
  endfacet
  facet normal 0 0 1
    outer loop
      vertex -31.0069 -18.5848 24
      vertex -32.5937 -19.5359 24
      vertex -32.1044 -20.3299 24
    endloop
  endfacet
  facet normal 0 0 1
    outer loop
      vertex -33.9425 -17.0852 24
      vertex -32.2901 -16.2534 24
      vertex -32.6792 -15.4561 24
    endloop
  endfacet
  facet normal 0 0 1
    outer loop
      vertex -34.3516 -16.2471 24
      vertex -32.6792 -15.4561 24
      vertex -33.0487 -14.6495 24
    endloop
  endfacet
  facet normal 0 0 1
    outer loop
      vertex -31.4536 -17.8183 24
      vertex -33.0633 -18.7301 24
      vertex -32.5937 -19.5359 24
    endloop
  endfacet
  facet normal 0 0 1
    outer loop
      vertex -34.74 -15.3992 24
      vertex -33.0487 -14.6495 24
      vertex -33.3982 -13.834 24
    endloop
  endfacet
  facet normal 0 0 1
    outer loop
      vertex -31.8815 -17.041 24
      vertex -33.513 -17.9131 24
      vertex -33.0633 -18.7301 24
    endloop
  endfacet
  facet normal 0 0 1
    outer loop
      vertex -35.1074 -14.542 24
      vertex -33.3982 -13.834 24
      vertex -33.7277 -13.0102 24
    endloop
  endfacet
  facet normal 0 0 1
    outer loop
      vertex -32.2901 -16.2534 24
      vertex -33.9425 -17.0852 24
      vertex -33.513 -17.9131 24
    endloop
  endfacet
  facet normal 0 0 1
    outer loop
      vertex -32.6792 -15.4561 24
      vertex -34.3516 -16.2471 24
      vertex -33.9425 -17.0852 24
    endloop
  endfacet
  facet normal 0 0 1
    outer loop
      vertex -33.0487 -14.6495 24
      vertex -34.74 -15.3992 24
      vertex -34.3516 -16.2471 24
    endloop
  endfacet
  facet normal 0 0 1
    outer loop
      vertex -33.3982 -13.834 24
      vertex -35.1074 -14.542 24
      vertex -34.74 -15.3992 24
    endloop
  endfacet
  facet normal 0 0 1
    outer loop
      vertex -33.7277 -13.0102 24
      vertex -35.4537 -13.676 24
      vertex -35.1074 -14.542 24
    endloop
  endfacet
  facet normal 0 0 1
    outer loop
      vertex -38.75 0 24
      vertex -35.4537 -13.676 24
      vertex -33.7277 -13.0102 24
    endloop
  endfacet
  facet normal 0 0 1
    outer loop
      vertex -38.75 0 24
      vertex -40.75 0 24
      vertex -35.4537 -13.676 24
    endloop
  endfacet
  facet normal 0 0 1
    outer loop
      vertex -38.75 22.7 24
      vertex -40.75 0 24
      vertex -38.75 0 24
    endloop
  endfacet
  facet normal 0.416459 -0.909154 0
    outer loop
      vertex 15.3992 -34.74 0
      vertex 16.2471 -34.3516 24
      vertex 15.3992 -34.74 24
    endloop
  endfacet
  facet normal 0.416459 -0.909154 0
    outer loop
      vertex 16.2471 -34.3516 24
      vertex 15.3992 -34.74 0
      vertex 16.2471 -34.3516 0
    endloop
  endfacet
  facet normal 0.851331 -0.52463 0
    outer loop
      vertex 32.1044 -20.3299 24
      vertex 32.5937 -19.5359 0
      vertex 32.5937 -19.5359 24
    endloop
  endfacet
  facet normal 0.851331 -0.52463 0
    outer loop
      vertex 32.5937 -19.5359 0
      vertex 32.1044 -20.3299 24
      vertex 32.1044 -20.3299 0
    endloop
  endfacet
  facet normal 0.438658 -0.898654 0
    outer loop
      vertex 16.2471 -34.3516 0
      vertex 17.0852 -33.9425 24
      vertex 16.2471 -34.3516 24
    endloop
  endfacet
  facet normal 0.438658 -0.898654 0
    outer loop
      vertex 17.0852 -33.9425 24
      vertex 16.2471 -34.3516 0
      vertex 17.0852 -33.9425 0
    endloop
  endfacet
  facet normal 0.643815 -0.765181 0
    outer loop
      vertex 24.1069 -29.3744 0
      vertex 24.8206 -28.7739 24
      vertex 24.1069 -29.3744 24
    endloop
  endfacet
  facet normal 0.643815 -0.765181 0
    outer loop
      vertex 24.8206 -28.7739 24
      vertex 24.1069 -29.3744 0
      vertex 24.8206 -28.7739 0
    endloop
  endfacet
  facet normal -0.325316 0.945605 0
    outer loop
      vertex -11.9199 36.0821 0
      vertex -12.8018 35.7787 24
      vertex -11.9199 36.0821 24
    endloop
  endfacet
  facet normal -0.325316 0.945605 0
    outer loop
      vertex -12.8018 35.7787 24
      vertex -11.9199 36.0821 0
      vertex -12.8018 35.7787 0
    endloop
  endfacet
  facet normal 0.876057 -0.482207 0
    outer loop
      vertex 33.0633 -18.7301 24
      vertex 33.513 -17.9131 0
      vertex 33.513 -17.9131 24
    endloop
  endfacet
  facet normal 0.876057 -0.482207 0
    outer loop
      vertex 33.513 -17.9131 0
      vertex 33.0633 -18.7301 24
      vertex 33.0633 -18.7301 0
    endloop
  endfacet
  facet normal 0.887659 -0.460502 0
    outer loop
      vertex 33.513 -17.9131 24
      vertex 33.9425 -17.0852 0
      vertex 33.9425 -17.0852 24
    endloop
  endfacet
  facet normal 0.887659 -0.460502 0
    outer loop
      vertex 33.9425 -17.0852 0
      vertex 33.513 -17.9131 24
      vertex 33.513 -17.9131 0
    endloop
  endfacet
  facet normal 0.919134 -0.393945 0
    outer loop
      vertex 34.74 -15.3992 24
      vertex 35.1074 -14.542 0
      vertex 35.1074 -14.542 24
    endloop
  endfacet
  facet normal 0.919134 -0.393945 0
    outer loop
      vertex 35.1074 -14.542 0
      vertex 34.74 -15.3992 24
      vertex 34.74 -15.3992 0
    endloop
  endfacet
  facet normal 0 0 -1
    outer loop
      vertex -28 18.3 0
      vertex -34.4475 17.0471 0
      vertex -34.44 17.2 0
    endloop
  endfacet
  facet normal 0 0 -1
    outer loop
      vertex -34.6475 2.15291 0
      vertex -28 0.9 0
      vertex -34.64 2 0
    endloop
  endfacet
  facet normal 0 0 -1
    outer loop
      vertex -34.67 2.30434 0
      vertex -28 0.9 0
      vertex -34.6475 2.15291 0
    endloop
  endfacet
  facet normal 0 0 -1
    outer loop
      vertex -28 0.9 0
      vertex -34.47 16.8957 0
      vertex -34.4475 17.0471 0
    endloop
  endfacet
  facet normal 0 0 -1
    outer loop
      vertex -34.7072 2.45284 0
      vertex -28 0.9 0
      vertex -34.67 2.30434 0
    endloop
  endfacet
  facet normal 0 0 -1
    outer loop
      vertex -28 0.9 0
      vertex -34.5072 16.7472 0
      vertex -34.47 16.8957 0
    endloop
  endfacet
  facet normal 0 0 -1
    outer loop
      vertex -28 0.9 0
      vertex -34.6475 1.84709 0
      vertex -34.64 2 0
    endloop
  endfacet
  facet normal 0 0 -1
    outer loop
      vertex -28 0.9 0
      vertex -34.67 1.69566 0
      vertex -34.6475 1.84709 0
    endloop
  endfacet
  facet normal 0 0 -1
    outer loop
      vertex -28 0.9 0
      vertex -34.7072 1.54716 0
      vertex -34.67 1.69566 0
    endloop
  endfacet
  facet normal 0 0 -1
    outer loop
      vertex -35.1074 -14.542 0
      vertex -28 0.9 0
      vertex -34.74 -15.3992 0
    endloop
  endfacet
  facet normal 0 0 -1
    outer loop
      vertex -28 0.9 0
      vertex -34.7587 1.40301 0
      vertex -34.7072 1.54716 0
    endloop
  endfacet
  facet normal 0 0 -1
    outer loop
      vertex -35.4537 -13.676 0
      vertex -28 0.9 0
      vertex -35.1074 -14.542 0
    endloop
  endfacet
  facet normal 0 0 -1
    outer loop
      vertex -28 0.9 0
      vertex -34.8242 1.26462 0
      vertex -34.7587 1.40301 0
    endloop
  endfacet
  facet normal 0 0 -1
    outer loop
      vertex -35.4646 0.624203 0
      vertex -28 0.9 0
      vertex -35.4537 -13.676 0
    endloop
  endfacet
  facet normal 0 0 -1
    outer loop
      vertex -28 0.9 0
      vertex -34.9029 1.13331 0
      vertex -34.8242 1.26462 0
    endloop
  endfacet
  facet normal 0 0 -1
    outer loop
      vertex -28 0.9 0
      vertex -34.9941 1.01035 0
      vertex -34.9029 1.13331 0
    endloop
  endfacet
  facet normal -0 0 -1
    outer loop
      vertex -28 0.9 0
      vertex -35.0969 0.896913 0
      vertex -34.9941 1.01035 0
    endloop
  endfacet
  facet normal 0 0 -1
    outer loop
      vertex -28 0.9 0
      vertex -35.2103 0.794104 0
      vertex -35.0969 0.896913 0
    endloop
  endfacet
  facet normal 0 0 -1
    outer loop
      vertex -28 0.9 0
      vertex -35.3333 0.702907 0
      vertex -35.2103 0.794104 0
    endloop
  endfacet
  facet normal 0 0 -1
    outer loop
      vertex -28 0.9 0
      vertex -35.4646 0.624203 0
      vertex -35.3333 0.702907 0
    endloop
  endfacet
  facet normal 0 0 -1
    outer loop
      vertex -35.4537 -13.676 0
      vertex -35.603 0.558747 0
      vertex -35.4646 0.624203 0
    endloop
  endfacet
  facet normal 0 0 -1
    outer loop
      vertex -35.4537 -13.676 0
      vertex -35.7472 0.507173 0
      vertex -35.603 0.558747 0
    endloop
  endfacet
  facet normal 0 0 -1
    outer loop
      vertex -35.4537 -13.676 0
      vertex -35.8957 0.469975 0
      vertex -35.7472 0.507173 0
    endloop
  endfacet
  facet normal 0 0 -1
    outer loop
      vertex -35.4537 -13.676 0
      vertex -36.0471 0.447512 0
      vertex -35.8957 0.469975 0
    endloop
  endfacet
  facet normal 0 0 -1
    outer loop
      vertex -35.4537 -13.676 0
      vertex -36.2 0.44 0
      vertex -36.0471 0.447512 0
    endloop
  endfacet
  facet normal 0 0 -1
    outer loop
      vertex -35.4537 -13.676 0
      vertex -36.3529 0.447512 0
      vertex -36.2 0.44 0
    endloop
  endfacet
  facet normal 0 0 -1
    outer loop
      vertex -35.4537 -13.676 0
      vertex -36.5043 0.469975 0
      vertex -36.3529 0.447512 0
    endloop
  endfacet
  facet normal 0 0 -1
    outer loop
      vertex -40.75 0 0
      vertex -36.5043 0.469975 0
      vertex -35.4537 -13.676 0
    endloop
  endfacet
  facet normal -0 0 -1
    outer loop
      vertex -36.5043 0.469975 0
      vertex -40.75 0 0
      vertex -36.6528 0.507173 0
    endloop
  endfacet
  facet normal -0 0 -1
    outer loop
      vertex -36.6528 0.507173 0
      vertex -40.75 0 0
      vertex -36.797 0.558747 0
    endloop
  endfacet
  facet normal -0 0 -1
    outer loop
      vertex -36.797 0.558747 0
      vertex -40.75 0 0
      vertex -36.9354 0.624203 0
    endloop
  endfacet
  facet normal -0 0 -1
    outer loop
      vertex -36.9354 0.624203 0
      vertex -40.75 0 0
      vertex -37.0667 0.702907 0
    endloop
  endfacet
  facet normal -0 0 -1
    outer loop
      vertex -37.0667 0.702907 0
      vertex -40.75 0 0
      vertex -37.1897 0.794104 0
    endloop
  endfacet
  facet normal -0 0 -1
    outer loop
      vertex -37.1897 0.794104 0
      vertex -40.75 0 0
      vertex -37.3031 0.896913 0
    endloop
  endfacet
  facet normal -0 0 -1
    outer loop
      vertex -37.3031 0.896913 0
      vertex -40.75 0 0
      vertex -37.4059 1.01035 0
    endloop
  endfacet
  facet normal -0 0 -1
    outer loop
      vertex -37.4059 1.01035 0
      vertex -40.75 0 0
      vertex -37.4971 1.13331 0
    endloop
  endfacet
  facet normal -0 0 -1
    outer loop
      vertex -37.4971 1.13331 0
      vertex -40.75 0 0
      vertex -37.5758 1.26462 0
    endloop
  endfacet
  facet normal -0 0 -1
    outer loop
      vertex -37.5758 1.26462 0
      vertex -40.75 0 0
      vertex -37.6413 1.40301 0
    endloop
  endfacet
  facet normal -0 0 -1
    outer loop
      vertex -37.6413 1.40301 0
      vertex -40.75 0 0
      vertex -37.6928 1.54716 0
    endloop
  endfacet
  facet normal -0 0 -1
    outer loop
      vertex -37.6928 1.54716 0
      vertex -40.75 0 0
      vertex -37.73 1.69566 0
    endloop
  endfacet
  facet normal -0 0 -1
    outer loop
      vertex -37.7525 1.84709 0
      vertex -40.75 0 0
      vertex -37.76 2 0
    endloop
  endfacet
  facet normal -0 0 -1
    outer loop
      vertex -37.73 1.69566 0
      vertex -40.75 0 0
      vertex -37.7525 1.84709 0
    endloop
  endfacet
  facet normal 0 0 -1
    outer loop
      vertex -34.7587 2.59699 0
      vertex -28 0.9 0
      vertex -34.7072 2.45284 0
    endloop
  endfacet
  facet normal 0 0 -1
    outer loop
      vertex -28 0.9 0
      vertex -34.5587 16.603 0
      vertex -34.5072 16.7472 0
    endloop
  endfacet
  facet normal 0 0 -1
    outer loop
      vertex -34.8242 2.73538 0
      vertex -28 0.9 0
      vertex -34.7587 2.59699 0
    endloop
  endfacet
  facet normal 0 0 -1
    outer loop
      vertex -28 0.9 0
      vertex -34.6242 16.4646 0
      vertex -34.5587 16.603 0
    endloop
  endfacet
  facet normal 0 0 -1
    outer loop
      vertex -34.9029 2.86669 0
      vertex -28 0.9 0
      vertex -34.8242 2.73538 0
    endloop
  endfacet
  facet normal 0 0 -1
    outer loop
      vertex -28 0.9 0
      vertex -34.7029 16.3333 0
      vertex -34.6242 16.4646 0
    endloop
  endfacet
  facet normal 0 0 -1
    outer loop
      vertex -34.9941 2.98965 0
      vertex -28 0.9 0
      vertex -34.9029 2.86669 0
    endloop
  endfacet
  facet normal 0 0 -1
    outer loop
      vertex -28 0.9 0
      vertex -34.7941 16.2103 0
      vertex -34.7029 16.3333 0
    endloop
  endfacet
  facet normal 0 0 -1
    outer loop
      vertex -35.0969 3.10309 0
      vertex -28 0.9 0
      vertex -34.9941 2.98965 0
    endloop
  endfacet
  facet normal 0 0 -1
    outer loop
      vertex -28 0.9 0
      vertex -34.8969 16.0969 0
      vertex -34.7941 16.2103 0
    endloop
  endfacet
  facet normal 0 -0 -1
    outer loop
      vertex -35.0103 15.9941 0
      vertex -28 0.9 0
      vertex -35.0969 3.10309 0
    endloop
  endfacet
  facet normal 0 0 -1
    outer loop
      vertex -28 0.9 0
      vertex -35.0103 15.9941 0
      vertex -34.8969 16.0969 0
    endloop
  endfacet
  facet normal 0 0 -1
    outer loop
      vertex -35.2103 3.2059 0
      vertex -35.0103 15.9941 0
      vertex -35.0969 3.10309 0
    endloop
  endfacet
  facet normal 0 0 -1
    outer loop
      vertex -35.0103 15.9941 0
      vertex -35.2103 3.2059 0
      vertex -35.1333 15.9029 0
    endloop
  endfacet
  facet normal 0 0 -1
    outer loop
      vertex -35.3333 3.29709 0
      vertex -35.1333 15.9029 0
      vertex -35.2103 3.2059 0
    endloop
  endfacet
  facet normal 0 0 -1
    outer loop
      vertex -35.1333 15.9029 0
      vertex -35.3333 3.29709 0
      vertex -35.2646 15.8242 0
    endloop
  endfacet
  facet normal 0 0 -1
    outer loop
      vertex -35.4646 3.3758 0
      vertex -35.2646 15.8242 0
      vertex -35.3333 3.29709 0
    endloop
  endfacet
  facet normal 0 0 -1
    outer loop
      vertex -35.2646 15.8242 0
      vertex -35.4646 3.3758 0
      vertex -35.403 15.7587 0
    endloop
  endfacet
  facet normal 0 0 -1
    outer loop
      vertex -35.603 3.44125 0
      vertex -35.403 15.7587 0
      vertex -35.4646 3.3758 0
    endloop
  endfacet
  facet normal 0 0 -1
    outer loop
      vertex -35.403 15.7587 0
      vertex -35.603 3.44125 0
      vertex -35.5472 15.7072 0
    endloop
  endfacet
  facet normal 0 0 -1
    outer loop
      vertex -35.7472 3.49283 0
      vertex -35.5472 15.7072 0
      vertex -35.603 3.44125 0
    endloop
  endfacet
  facet normal 0 0 -1
    outer loop
      vertex -35.5472 15.7072 0
      vertex -35.7472 3.49283 0
      vertex -35.6957 15.67 0
    endloop
  endfacet
  facet normal 0 0 -1
    outer loop
      vertex -35.8957 3.53002 0
      vertex -35.6957 15.67 0
      vertex -35.7472 3.49283 0
    endloop
  endfacet
  facet normal 0 0 -1
    outer loop
      vertex -35.6957 15.67 0
      vertex -35.8957 3.53002 0
      vertex -35.8471 15.6475 0
    endloop
  endfacet
  facet normal 0 0 -1
    outer loop
      vertex -36.0471 3.55249 0
      vertex -35.8471 15.6475 0
      vertex -35.8957 3.53002 0
    endloop
  endfacet
  facet normal 0 0 -1
    outer loop
      vertex -35.8471 15.6475 0
      vertex -36.0471 3.55249 0
      vertex -36 15.64 0
    endloop
  endfacet
  facet normal 0 0 -1
    outer loop
      vertex -36.2 3.56 0
      vertex -36 15.64 0
      vertex -36.0471 3.55249 0
    endloop
  endfacet
  facet normal -0 0 -1
    outer loop
      vertex -36 15.64 0
      vertex -36.2 3.56 0
      vertex -36.1529 15.6475 0
    endloop
  endfacet
  facet normal 0 0 -1
    outer loop
      vertex -36.3529 3.55249 0
      vertex -36.1529 15.6475 0
      vertex -36.2 3.56 0
    endloop
  endfacet
  facet normal -0 0 -1
    outer loop
      vertex -36.1529 15.6475 0
      vertex -36.3529 3.55249 0
      vertex -36.3043 15.67 0
    endloop
  endfacet
  facet normal 0 0 -1
    outer loop
      vertex -36.5043 3.53002 0
      vertex -36.3043 15.67 0
      vertex -36.3529 3.55249 0
    endloop
  endfacet
  facet normal -0 0 -1
    outer loop
      vertex -36.3043 15.67 0
      vertex -36.5043 3.53002 0
      vertex -36.4528 15.7072 0
    endloop
  endfacet
  facet normal 0 0 -1
    outer loop
      vertex -36.6528 3.49283 0
      vertex -36.4528 15.7072 0
      vertex -36.5043 3.53002 0
    endloop
  endfacet
  facet normal -0 0 -1
    outer loop
      vertex -36.4528 15.7072 0
      vertex -36.6528 3.49283 0
      vertex -36.597 15.7587 0
    endloop
  endfacet
  facet normal 0 0 -1
    outer loop
      vertex -36.797 3.44125 0
      vertex -36.597 15.7587 0
      vertex -36.6528 3.49283 0
    endloop
  endfacet
  facet normal -0 0 -1
    outer loop
      vertex -36.597 15.7587 0
      vertex -36.797 3.44125 0
      vertex -36.7354 15.8242 0
    endloop
  endfacet
  facet normal 0 0 -1
    outer loop
      vertex -36.9354 3.3758 0
      vertex -36.7354 15.8242 0
      vertex -36.797 3.44125 0
    endloop
  endfacet
  facet normal -0 0 -1
    outer loop
      vertex -36.7354 15.8242 0
      vertex -36.9354 3.3758 0
      vertex -36.8667 15.9029 0
    endloop
  endfacet
  facet normal 0 0 -1
    outer loop
      vertex -37.0667 3.29709 0
      vertex -36.8667 15.9029 0
      vertex -36.9354 3.3758 0
    endloop
  endfacet
  facet normal -0 0 -1
    outer loop
      vertex -36.8667 15.9029 0
      vertex -37.0667 3.29709 0
      vertex -36.9897 15.9941 0
    endloop
  endfacet
  facet normal 0 0 -1
    outer loop
      vertex -37.1897 3.2059 0
      vertex -36.9897 15.9941 0
      vertex -37.0667 3.29709 0
    endloop
  endfacet
  facet normal -0 0 -1
    outer loop
      vertex -36.9897 15.9941 0
      vertex -37.1897 3.2059 0
      vertex -37.1031 16.0969 0
    endloop
  endfacet
  facet normal 0 0 -1
    outer loop
      vertex -37.3031 3.10309 0
      vertex -37.1031 16.0969 0
      vertex -37.1897 3.2059 0
    endloop
  endfacet
  facet normal -0 0 -1
    outer loop
      vertex -37.1031 16.0969 0
      vertex -37.3031 3.10309 0
      vertex -37.2059 16.2103 0
    endloop
  endfacet
  facet normal 0 0 -1
    outer loop
      vertex -37.4059 2.98965 0
      vertex -37.2059 16.2103 0
      vertex -37.3031 3.10309 0
    endloop
  endfacet
  facet normal -0 0 -1
    outer loop
      vertex -37.2059 16.2103 0
      vertex -37.4059 2.98965 0
      vertex -37.2971 16.3333 0
    endloop
  endfacet
  facet normal 0 0 -1
    outer loop
      vertex -40.75 0 0
      vertex -37.2971 16.3333 0
      vertex -37.4059 2.98965 0
    endloop
  endfacet
  facet normal -0 0 -1
    outer loop
      vertex -37.2971 16.3333 0
      vertex -40.75 0 0
      vertex -37.3758 16.4646 0
    endloop
  endfacet
  facet normal -0 0 -1
    outer loop
      vertex -37.3758 16.4646 0
      vertex -40.75 0 0
      vertex -37.4413 16.603 0
    endloop
  endfacet
  facet normal 0 0 -1
    outer loop
      vertex -40.75 0 0
      vertex -37.4059 2.98965 0
      vertex -37.4971 2.86669 0
    endloop
  endfacet
  facet normal -0 0 -1
    outer loop
      vertex -37.4413 16.603 0
      vertex -40.75 0 0
      vertex -37.4928 16.7472 0
    endloop
  endfacet
  facet normal -0 0 -1
    outer loop
      vertex -37.4928 16.7472 0
      vertex -40.75 0 0
      vertex -37.53 16.8957 0
    endloop
  endfacet
  facet normal 0 0 -1
    outer loop
      vertex -40.75 23.7 0
      vertex -37.53 16.8957 0
      vertex -40.75 0 0
    endloop
  endfacet
  facet normal 0 0 -1
    outer loop
      vertex -40.75 0 0
      vertex -37.4971 2.86669 0
      vertex -37.5758 2.73538 0
    endloop
  endfacet
  facet normal 0 0 -1
    outer loop
      vertex 6.49655 -37.4406 0
      vertex 7.05 -24.5 0
      vertex 7.41343 -37.2698 0
    endloop
  endfacet
  facet normal 0 0 -1
    outer loop
      vertex 5.57576 -37.5887 0
      vertex 7.05 -24.5 0
      vertex 6.49655 -37.4406 0
    endloop
  endfacet
  facet normal 0 0 -1
    outer loop
      vertex 4.65161 -37.7142 0
      vertex 7.05 -24.5 0
      vertex 5.57576 -37.5887 0
    endloop
  endfacet
  facet normal 0 0 -1
    outer loop
      vertex 3.72465 -37.817 0
      vertex 7.05 -24.5 0
      vertex 4.65161 -37.7142 0
    endloop
  endfacet
  facet normal 0 0 -1
    outer loop
      vertex 2.79545 -37.897 0
      vertex 7.05 -24.5 0
      vertex 3.72465 -37.817 0
    endloop
  endfacet
  facet normal 0 0 -1
    outer loop
      vertex 1.86457 -37.9542 0
      vertex 7.05 -24.5 0
      vertex 2.79545 -37.897 0
    endloop
  endfacet
  facet normal 0 0 -1
    outer loop
      vertex 0.932567 -37.9886 0
      vertex 7.05 -24.5 0
      vertex 1.86457 -37.9542 0
    endloop
  endfacet
  facet normal 0 0 -1
    outer loop
      vertex 0 -38 0
      vertex 7.05 -24.5 0
      vertex 0.932567 -37.9886 0
    endloop
  endfacet
  facet normal 0 0 -1
    outer loop
      vertex -7.05 -24.5 0
      vertex 0 -38 0
      vertex -0.932567 -37.9886 0
    endloop
  endfacet
  facet normal 0 0 -1
    outer loop
      vertex -7.05 -24.5 0
      vertex -0.932567 -37.9886 0
      vertex -1.86457 -37.9542 0
    endloop
  endfacet
  facet normal 0 0 -1
    outer loop
      vertex -7.05 -24.5 0
      vertex -1.86457 -37.9542 0
      vertex -2.79545 -37.897 0
    endloop
  endfacet
  facet normal 0 0 -1
    outer loop
      vertex -7.05 -24.5 0
      vertex -2.79545 -37.897 0
      vertex -3.72465 -37.817 0
    endloop
  endfacet
  facet normal 0 0 -1
    outer loop
      vertex -7.05 -24.5 0
      vertex -3.72465 -37.817 0
      vertex -4.65161 -37.7142 0
    endloop
  endfacet
  facet normal 0 0 -1
    outer loop
      vertex -7.05 -24.5 0
      vertex -4.65161 -37.7142 0
      vertex -5.57576 -37.5887 0
    endloop
  endfacet
  facet normal 0 0 -1
    outer loop
      vertex -7.05 -24.5 0
      vertex -5.57576 -37.5887 0
      vertex -6.49655 -37.4406 0
    endloop
  endfacet
  facet normal 0 0 -1
    outer loop
      vertex 0 -38 0
      vertex -7.05 -24.5 0
      vertex 7.05 -24.5 0
    endloop
  endfacet
  facet normal 0 0 -1
    outer loop
      vertex -8.32585 -37.0767 0
      vertex -7.05 -24.5 0
      vertex -7.41343 -37.2698 0
    endloop
  endfacet
  facet normal 0 0 -1
    outer loop
      vertex -7.41343 -37.2698 0
      vertex -7.05 -24.5 0
      vertex -6.49655 -37.4406 0
    endloop
  endfacet
  facet normal 0 0 -1
    outer loop
      vertex 7.05 -10.4 0
      vertex 28.1561 -25.5192 0
      vertex 27.5214 -26.2025 0
    endloop
  endfacet
  facet normal 0 0 -1
    outer loop
      vertex 7.05 -10.4 0
      vertex 27.5214 -26.2025 0
      vertex 26.8701 -26.8701 0
    endloop
  endfacet
  facet normal 0 0 -1
    outer loop
      vertex 7.05 -24.5 0
      vertex 26.8701 -26.8701 0
      vertex 26.2025 -27.5214 0
    endloop
  endfacet
  facet normal 0 0 -1
    outer loop
      vertex 7.05 -24.5 0
      vertex 26.2025 -27.5214 0
      vertex 25.5192 -28.1561 0
    endloop
  endfacet
  facet normal 0 0 -1
    outer loop
      vertex 7.05 -24.5 0
      vertex 25.5192 -28.1561 0
      vertex 24.8206 -28.7739 0
    endloop
  endfacet
  facet normal 0 0 -1
    outer loop
      vertex 7.05 -24.5 0
      vertex 24.8206 -28.7739 0
      vertex 24.1069 -29.3744 0
    endloop
  endfacet
  facet normal 0 0 -1
    outer loop
      vertex 7.05 -24.5 0
      vertex 24.1069 -29.3744 0
      vertex 23.3788 -29.9572 0
    endloop
  endfacet
  facet normal 0 0 -1
    outer loop
      vertex 7.05 -24.5 0
      vertex 23.3788 -29.9572 0
      vertex 22.6366 -30.5219 0
    endloop
  endfacet
  facet normal 0 0 -1
    outer loop
      vertex 7.05 -24.5 0
      vertex 22.6366 -30.5219 0
      vertex 21.8807 -31.0682 0
    endloop
  endfacet
  facet normal 0 0 -1
    outer loop
      vertex 7.05 -24.5 0
      vertex 21.8807 -31.0682 0
      vertex 21.1117 -31.5958 0
    endloop
  endfacet
  facet normal 0 0 -1
    outer loop
      vertex 7.05 -24.5 0
      vertex 21.1117 -31.5958 0
      vertex 20.3299 -32.1044 0
    endloop
  endfacet
  facet normal 0 0 -1
    outer loop
      vertex 7.05 -24.5 0
      vertex 20.3299 -32.1044 0
      vertex 19.5359 -32.5937 0
    endloop
  endfacet
  facet normal 0 0 -1
    outer loop
      vertex 7.05 -24.5 0
      vertex 19.5359 -32.5937 0
      vertex 18.7301 -33.0633 0
    endloop
  endfacet
  facet normal 0 0 -1
    outer loop
      vertex 7.05 -24.5 0
      vertex 18.7301 -33.0633 0
      vertex 17.9131 -33.513 0
    endloop
  endfacet
  facet normal 0 0 -1
    outer loop
      vertex 7.05 -24.5 0
      vertex 17.9131 -33.513 0
      vertex 17.0852 -33.9425 0
    endloop
  endfacet
  facet normal 0 0 -1
    outer loop
      vertex 7.05 -24.5 0
      vertex 17.0852 -33.9425 0
      vertex 16.2471 -34.3516 0
    endloop
  endfacet
  facet normal 0 0 -1
    outer loop
      vertex 7.05 -24.5 0
      vertex 16.2471 -34.3516 0
      vertex 15.3992 -34.74 0
    endloop
  endfacet
  facet normal 0 0 -1
    outer loop
      vertex 7.05 -24.5 0
      vertex 15.3992 -34.74 0
      vertex 14.542 -35.1074 0
    endloop
  endfacet
  facet normal 0 0 -1
    outer loop
      vertex 7.05 -24.5 0
      vertex 14.542 -35.1074 0
      vertex 13.676 -35.4537 0
    endloop
  endfacet
  facet normal 0 0 -1
    outer loop
      vertex 7.05 -24.5 0
      vertex 13.676 -35.4537 0
      vertex 12.8018 -35.7787 0
    endloop
  endfacet
  facet normal 0 0 -1
    outer loop
      vertex 7.05 -24.5 0
      vertex 12.8018 -35.7787 0
      vertex 11.9199 -36.0821 0
    endloop
  endfacet
  facet normal 0 0 -1
    outer loop
      vertex 7.05 -24.5 0
      vertex 11.9199 -36.0821 0
      vertex 11.0308 -36.3637 0
    endloop
  endfacet
  facet normal 0 0 -1
    outer loop
      vertex 7.05 -24.5 0
      vertex 11.0308 -36.3637 0
      vertex 10.1351 -36.6235 0
    endloop
  endfacet
  facet normal 0 0 -1
    outer loop
      vertex 7.05 -24.5 0
      vertex 10.1351 -36.6235 0
      vertex 9.23325 -36.8612 0
    endloop
  endfacet
  facet normal 0 0 -1
    outer loop
      vertex 7.05 -24.5 0
      vertex 9.23325 -36.8612 0
      vertex 8.32585 -37.0767 0
    endloop
  endfacet
  facet normal 0 0 -1
    outer loop
      vertex 7.05 -24.5 0
      vertex 8.32585 -37.0767 0
      vertex 7.41343 -37.2698 0
    endloop
  endfacet
  facet normal 0 0 -1
    outer loop
      vertex 26.8701 -26.8701 0
      vertex 7.05 -24.5 0
      vertex 7.05 -10.4 0
    endloop
  endfacet
  facet normal 0 0 -1
    outer loop
      vertex 28.1561 -25.5192 0
      vertex 7.05 -10.4 0
      vertex 28 0.9 0
    endloop
  endfacet
  facet normal 0 0 -1
    outer loop
      vertex -7.05 -10.4 0
      vertex 28 0.9 0
      vertex 7.05 -10.4 0
    endloop
  endfacet
  facet normal 0 0 -1
    outer loop
      vertex -9.23325 -36.8612 0
      vertex -7.05 -24.5 0
      vertex -8.32585 -37.0767 0
    endloop
  endfacet
  facet normal 0 0 -1
    outer loop
      vertex -10.1351 -36.6235 0
      vertex -7.05 -24.5 0
      vertex -9.23325 -36.8612 0
    endloop
  endfacet
  facet normal 0 0 -1
    outer loop
      vertex -11.0308 -36.3637 0
      vertex -7.05 -24.5 0
      vertex -10.1351 -36.6235 0
    endloop
  endfacet
  facet normal 0 0 -1
    outer loop
      vertex -11.9199 -36.0821 0
      vertex -7.05 -24.5 0
      vertex -11.0308 -36.3637 0
    endloop
  endfacet
  facet normal 0 0 -1
    outer loop
      vertex -12.8018 -35.7787 0
      vertex -7.05 -24.5 0
      vertex -11.9199 -36.0821 0
    endloop
  endfacet
  facet normal 0 0 -1
    outer loop
      vertex -13.676 -35.4537 0
      vertex -7.05 -24.5 0
      vertex -12.8018 -35.7787 0
    endloop
  endfacet
  facet normal 0 0 -1
    outer loop
      vertex -14.542 -35.1074 0
      vertex -7.05 -24.5 0
      vertex -13.676 -35.4537 0
    endloop
  endfacet
  facet normal 0 0 -1
    outer loop
      vertex -15.3992 -34.74 0
      vertex -7.05 -24.5 0
      vertex -14.542 -35.1074 0
    endloop
  endfacet
  facet normal 0 0 -1
    outer loop
      vertex -16.2471 -34.3516 0
      vertex -7.05 -24.5 0
      vertex -15.3992 -34.74 0
    endloop
  endfacet
  facet normal 0 0 -1
    outer loop
      vertex -17.0852 -33.9425 0
      vertex -7.05 -24.5 0
      vertex -16.2471 -34.3516 0
    endloop
  endfacet
  facet normal 0 0 -1
    outer loop
      vertex -17.9131 -33.513 0
      vertex -7.05 -24.5 0
      vertex -17.0852 -33.9425 0
    endloop
  endfacet
  facet normal 0 0 -1
    outer loop
      vertex -18.7301 -33.0633 0
      vertex -7.05 -24.5 0
      vertex -17.9131 -33.513 0
    endloop
  endfacet
  facet normal 0 0 -1
    outer loop
      vertex -19.5359 -32.5937 0
      vertex -7.05 -24.5 0
      vertex -18.7301 -33.0633 0
    endloop
  endfacet
  facet normal 0 0 -1
    outer loop
      vertex -20.3299 -32.1044 0
      vertex -7.05 -24.5 0
      vertex -19.5359 -32.5937 0
    endloop
  endfacet
  facet normal 0 0 -1
    outer loop
      vertex -21.1117 -31.5958 0
      vertex -7.05 -24.5 0
      vertex -20.3299 -32.1044 0
    endloop
  endfacet
  facet normal 0 0 -1
    outer loop
      vertex -21.8807 -31.0682 0
      vertex -7.05 -24.5 0
      vertex -21.1117 -31.5958 0
    endloop
  endfacet
  facet normal 0 0 -1
    outer loop
      vertex -22.6366 -30.5219 0
      vertex -7.05 -24.5 0
      vertex -21.8807 -31.0682 0
    endloop
  endfacet
  facet normal 0 0 -1
    outer loop
      vertex -23.3788 -29.9572 0
      vertex -7.05 -24.5 0
      vertex -22.6366 -30.5219 0
    endloop
  endfacet
  facet normal 0 0 -1
    outer loop
      vertex -24.1069 -29.3744 0
      vertex -7.05 -24.5 0
      vertex -23.3788 -29.9572 0
    endloop
  endfacet
  facet normal 0 0 -1
    outer loop
      vertex -24.8206 -28.7739 0
      vertex -7.05 -24.5 0
      vertex -24.1069 -29.3744 0
    endloop
  endfacet
  facet normal 0 0 -1
    outer loop
      vertex -25.5192 -28.1561 0
      vertex -7.05 -24.5 0
      vertex -24.8206 -28.7739 0
    endloop
  endfacet
  facet normal 0 0 -1
    outer loop
      vertex -26.2025 -27.5214 0
      vertex -7.05 -24.5 0
      vertex -25.5192 -28.1561 0
    endloop
  endfacet
  facet normal 0 0 -1
    outer loop
      vertex -26.8701 -26.8701 0
      vertex -7.05 -24.5 0
      vertex -26.2025 -27.5214 0
    endloop
  endfacet
  facet normal -0 0 -1
    outer loop
      vertex -7.05 -24.5 0
      vertex -26.8701 -26.8701 0
      vertex -7.05 -10.4 0
    endloop
  endfacet
  facet normal 0 0 -1
    outer loop
      vertex -27.5214 -26.2025 0
      vertex -7.05 -10.4 0
      vertex -26.8701 -26.8701 0
    endloop
  endfacet
  facet normal 0 0 -1
    outer loop
      vertex -7.05 -10.4 0
      vertex -28 0.9 0
      vertex 28 0.9 0
    endloop
  endfacet
  facet normal 0 0 -1
    outer loop
      vertex -28.1561 -25.5192 0
      vertex -7.05 -10.4 0
      vertex -27.5214 -26.2025 0
    endloop
  endfacet
  facet normal 0 0 -1
    outer loop
      vertex -29.3744 -24.1069 0
      vertex -7.05 -10.4 0
      vertex -28.7739 -24.8206 0
    endloop
  endfacet
  facet normal 0 0 -1
    outer loop
      vertex -28.7739 -24.8206 0
      vertex -7.05 -10.4 0
      vertex -28.1561 -25.5192 0
    endloop
  endfacet
  facet normal 0 0 -1
    outer loop
      vertex 40.75 23.7 0
      vertex 37.5525 17.0471 0
      vertex 37.56 17.2 0
    endloop
  endfacet
  facet normal 0 0 -1
    outer loop
      vertex 40.75 0 0
      vertex 37.53 16.8957 0
      vertex 37.5525 17.0471 0
    endloop
  endfacet
  facet normal 0 0 -1
    outer loop
      vertex 37.4059 2.98965 0
      vertex 40.75 0 0
      vertex 37.4971 2.86669 0
    endloop
  endfacet
  facet normal 0 0 -1
    outer loop
      vertex 40.75 0 0
      vertex 37.4928 16.7472 0
      vertex 37.53 16.8957 0
    endloop
  endfacet
  facet normal 0 0 -1
    outer loop
      vertex 40.75 0 0
      vertex 37.4413 16.603 0
      vertex 37.4928 16.7472 0
    endloop
  endfacet
  facet normal 0 0 -1
    outer loop
      vertex 40.75 0 0
      vertex 37.4059 2.98965 0
      vertex 37.2971 16.3333 0
    endloop
  endfacet
  facet normal 0 0 -1
    outer loop
      vertex 40.75 0 0
      vertex 37.3758 16.4646 0
      vertex 37.4413 16.603 0
    endloop
  endfacet
  facet normal 0 0 -1
    outer loop
      vertex 37.2059 16.2103 0
      vertex 37.4059 2.98965 0
      vertex 37.3031 3.10309 0
    endloop
  endfacet
  facet normal 0 0 -1
    outer loop
      vertex 40.75 0 0
      vertex 37.2971 16.3333 0
      vertex 37.3758 16.4646 0
    endloop
  endfacet
  facet normal 0 0 -1
    outer loop
      vertex 37.4059 2.98965 0
      vertex 37.2059 16.2103 0
      vertex 37.2971 16.3333 0
    endloop
  endfacet
  facet normal 0 0 -1
    outer loop
      vertex 37.1031 16.0969 0
      vertex 37.3031 3.10309 0
      vertex 37.1897 3.2059 0
    endloop
  endfacet
  facet normal 0 0 -1
    outer loop
      vertex 37.3031 3.10309 0
      vertex 37.1031 16.0969 0
      vertex 37.2059 16.2103 0
    endloop
  endfacet
  facet normal 0 0 -1
    outer loop
      vertex 36.9897 15.9941 0
      vertex 37.1897 3.2059 0
      vertex 37.0667 3.29709 0
    endloop
  endfacet
  facet normal 0 0 -1
    outer loop
      vertex 37.1897 3.2059 0
      vertex 36.9897 15.9941 0
      vertex 37.1031 16.0969 0
    endloop
  endfacet
  facet normal 0 0 -1
    outer loop
      vertex 36.8667 15.9029 0
      vertex 37.0667 3.29709 0
      vertex 36.9354 3.3758 0
    endloop
  endfacet
  facet normal 0 0 -1
    outer loop
      vertex 37.0667 3.29709 0
      vertex 36.8667 15.9029 0
      vertex 36.9897 15.9941 0
    endloop
  endfacet
  facet normal 0 0 -1
    outer loop
      vertex 36.7354 15.8242 0
      vertex 36.9354 3.3758 0
      vertex 36.797 3.44125 0
    endloop
  endfacet
  facet normal 0 0 -1
    outer loop
      vertex 36.9354 3.3758 0
      vertex 36.7354 15.8242 0
      vertex 36.8667 15.9029 0
    endloop
  endfacet
  facet normal 0 0 -1
    outer loop
      vertex 36.597 15.7587 0
      vertex 36.797 3.44125 0
      vertex 36.6528 3.49283 0
    endloop
  endfacet
  facet normal 0 0 -1
    outer loop
      vertex 36.797 3.44125 0
      vertex 36.597 15.7587 0
      vertex 36.7354 15.8242 0
    endloop
  endfacet
  facet normal 0 0 -1
    outer loop
      vertex 36.4528 15.7072 0
      vertex 36.6528 3.49283 0
      vertex 36.5043 3.53002 0
    endloop
  endfacet
  facet normal 0 0 -1
    outer loop
      vertex 36.6528 3.49283 0
      vertex 36.4528 15.7072 0
      vertex 36.597 15.7587 0
    endloop
  endfacet
  facet normal 0 0 -1
    outer loop
      vertex 36.3043 15.67 0
      vertex 36.5043 3.53002 0
      vertex 36.3529 3.55249 0
    endloop
  endfacet
  facet normal 0 0 -1
    outer loop
      vertex 36.5043 3.53002 0
      vertex 36.3043 15.67 0
      vertex 36.4528 15.7072 0
    endloop
  endfacet
  facet normal 0 0 -1
    outer loop
      vertex 36.1529 15.6475 0
      vertex 36.3529 3.55249 0
      vertex 36.2 3.56 0
    endloop
  endfacet
  facet normal 0 0 -1
    outer loop
      vertex 36.3529 3.55249 0
      vertex 36.1529 15.6475 0
      vertex 36.3043 15.67 0
    endloop
  endfacet
  facet normal 0 0 -1
    outer loop
      vertex 36 15.64 0
      vertex 36.2 3.56 0
      vertex 36.0471 3.55249 0
    endloop
  endfacet
  facet normal 0 0 -1
    outer loop
      vertex 36.2 3.56 0
      vertex 36 15.64 0
      vertex 36.1529 15.6475 0
    endloop
  endfacet
  facet normal 0 0 -1
    outer loop
      vertex 35.8471 15.6475 0
      vertex 36.0471 3.55249 0
      vertex 35.8957 3.53002 0
    endloop
  endfacet
  facet normal 0 0 -1
    outer loop
      vertex 36.0471 3.55249 0
      vertex 35.8471 15.6475 0
      vertex 36 15.64 0
    endloop
  endfacet
  facet normal 0 0 -1
    outer loop
      vertex 35.6957 15.67 0
      vertex 35.8957 3.53002 0
      vertex 35.7472 3.49283 0
    endloop
  endfacet
  facet normal 0 0 -1
    outer loop
      vertex 35.8957 3.53002 0
      vertex 35.6957 15.67 0
      vertex 35.8471 15.6475 0
    endloop
  endfacet
  facet normal 0 0 -1
    outer loop
      vertex 35.5472 15.7072 0
      vertex 35.7472 3.49283 0
      vertex 35.603 3.44125 0
    endloop
  endfacet
  facet normal 0 0 -1
    outer loop
      vertex 35.7472 3.49283 0
      vertex 35.5472 15.7072 0
      vertex 35.6957 15.67 0
    endloop
  endfacet
  facet normal 0 0 -1
    outer loop
      vertex 35.403 15.7587 0
      vertex 35.603 3.44125 0
      vertex 35.4646 3.3758 0
    endloop
  endfacet
  facet normal 0 0 -1
    outer loop
      vertex 35.603 3.44125 0
      vertex 35.403 15.7587 0
      vertex 35.5472 15.7072 0
    endloop
  endfacet
  facet normal 0 0 -1
    outer loop
      vertex 35.2646 15.8242 0
      vertex 35.4646 3.3758 0
      vertex 35.3333 3.29709 0
    endloop
  endfacet
  facet normal 0 0 -1
    outer loop
      vertex 35.4646 3.3758 0
      vertex 35.2646 15.8242 0
      vertex 35.403 15.7587 0
    endloop
  endfacet
  facet normal 0 0 -1
    outer loop
      vertex 35.1333 15.9029 0
      vertex 35.3333 3.29709 0
      vertex 35.2103 3.2059 0
    endloop
  endfacet
  facet normal 0 0 -1
    outer loop
      vertex 35.3333 3.29709 0
      vertex 35.1333 15.9029 0
      vertex 35.2646 15.8242 0
    endloop
  endfacet
  facet normal 0 0 -1
    outer loop
      vertex 35.0103 15.9941 0
      vertex 35.2103 3.2059 0
      vertex 35.0969 3.10309 0
    endloop
  endfacet
  facet normal 0 0 -1
    outer loop
      vertex 35.2103 3.2059 0
      vertex 35.0103 15.9941 0
      vertex 35.1333 15.9029 0
    endloop
  endfacet
  facet normal 0 0 -1
    outer loop
      vertex 28 0.9 0
      vertex 35.0969 3.10309 0
      vertex 34.9941 2.98965 0
    endloop
  endfacet
  facet normal 0 0 -1
    outer loop
      vertex 28 0.9 0
      vertex 34.9941 2.98965 0
      vertex 34.9029 2.86669 0
    endloop
  endfacet
  facet normal -0 0 -1
    outer loop
      vertex 35.0969 3.10309 0
      vertex 28 0.9 0
      vertex 35.0103 15.9941 0
    endloop
  endfacet
  facet normal 0 0 -1
    outer loop
      vertex 28 0.9 0
      vertex 34.9029 2.86669 0
      vertex 34.8242 2.73538 0
    endloop
  endfacet
  facet normal -0 0 -1
    outer loop
      vertex 35.0103 15.9941 0
      vertex 28 0.9 0
      vertex 34.8969 16.0969 0
    endloop
  endfacet
  facet normal 0 0 -1
    outer loop
      vertex 28 0.9 0
      vertex 34.8242 2.73538 0
      vertex 34.7587 2.59699 0
    endloop
  endfacet
  facet normal 0 0 -1
    outer loop
      vertex 28 0.9 0
      vertex 34.7587 2.59699 0
      vertex 34.7072 2.45284 0
    endloop
  endfacet
  facet normal 0 0 -1
    outer loop
      vertex 28 18.3 0
      vertex 34.8969 16.0969 0
      vertex 28 0.9 0
    endloop
  endfacet
  facet normal 0 0 -1
    outer loop
      vertex 28 0.9 0
      vertex 34.7072 2.45284 0
      vertex 34.67 2.30434 0
    endloop
  endfacet
  facet normal 0 0 -1
    outer loop
      vertex 28 0.9 0
      vertex 34.67 2.30434 0
      vertex 34.6475 2.15291 0
    endloop
  endfacet
  facet normal 0 0 -1
    outer loop
      vertex 28 0.9 0
      vertex 34.6475 2.15291 0
      vertex 34.64 2 0
    endloop
  endfacet
  facet normal 0 0 -1
    outer loop
      vertex 34.8969 16.0969 0
      vertex 28 18.3 0
      vertex 34.7941 16.2103 0
    endloop
  endfacet
  facet normal 0 0 -1
    outer loop
      vertex 37.7525 2.15291 0
      vertex 40.75 0 0
      vertex 37.76 2 0
    endloop
  endfacet
  facet normal 0 0 -1
    outer loop
      vertex 40.75 0 0
      vertex 37.7525 1.84709 0
      vertex 37.76 2 0
    endloop
  endfacet
  facet normal 0 0 -1
    outer loop
      vertex 40.75 0 0
      vertex 37.73 1.69566 0
      vertex 37.7525 1.84709 0
    endloop
  endfacet
  facet normal 0 0 -1
    outer loop
      vertex 40.75 0 0
      vertex 37.6928 1.54716 0
      vertex 37.73 1.69566 0
    endloop
  endfacet
  facet normal 0 0 -1
    outer loop
      vertex 40.75 0 0
      vertex 37.6413 1.40301 0
      vertex 37.6928 1.54716 0
    endloop
  endfacet
  facet normal 0 0 -1
    outer loop
      vertex 40.75 0 0
      vertex 37.5758 1.26462 0
      vertex 37.6413 1.40301 0
    endloop
  endfacet
  facet normal 0 0 -1
    outer loop
      vertex 40.75 0 0
      vertex 37.4971 1.13331 0
      vertex 37.5758 1.26462 0
    endloop
  endfacet
  facet normal 0 0 -1
    outer loop
      vertex 40.75 0 0
      vertex 37.4059 1.01035 0
      vertex 37.4971 1.13331 0
    endloop
  endfacet
  facet normal 0 0 -1
    outer loop
      vertex 40.75 0 0
      vertex 37.3031 0.896913 0
      vertex 37.4059 1.01035 0
    endloop
  endfacet
  facet normal 0 0 -1
    outer loop
      vertex 40.75 0 0
      vertex 37.1897 0.794104 0
      vertex 37.3031 0.896913 0
    endloop
  endfacet
  facet normal 0 0 -1
    outer loop
      vertex 40.75 0 0
      vertex 37.0667 0.702907 0
      vertex 37.1897 0.794104 0
    endloop
  endfacet
  facet normal 0 0 -1
    outer loop
      vertex 40.75 0 0
      vertex 36.9354 0.624203 0
      vertex 37.0667 0.702907 0
    endloop
  endfacet
  facet normal 0 0 -1
    outer loop
      vertex 40.75 0 0
      vertex 36.797 0.558747 0
      vertex 36.9354 0.624203 0
    endloop
  endfacet
  facet normal 0 0 -1
    outer loop
      vertex 40.75 0 0
      vertex 36.6528 0.507173 0
      vertex 36.797 0.558747 0
    endloop
  endfacet
  facet normal 0 0 -1
    outer loop
      vertex 40.75 0 0
      vertex 36.5043 0.469975 0
      vertex 36.6528 0.507173 0
    endloop
  endfacet
  facet normal 0 0 -1
    outer loop
      vertex 35.4537 -13.676 0
      vertex 36.5043 0.469975 0
      vertex 40.75 0 0
    endloop
  endfacet
  facet normal 0 0 -1
    outer loop
      vertex 36.5043 0.469975 0
      vertex 35.4537 -13.676 0
      vertex 36.3529 0.447512 0
    endloop
  endfacet
  facet normal 0 0 -1
    outer loop
      vertex 36.3529 0.447512 0
      vertex 35.4537 -13.676 0
      vertex 36.2 0.44 0
    endloop
  endfacet
  facet normal -0 0 -1
    outer loop
      vertex 36.2 0.44 0
      vertex 35.4537 -13.676 0
      vertex 36.0471 0.447512 0
    endloop
  endfacet
  facet normal 0 0 -1
    outer loop
      vertex 35.4537 -13.676 0
      vertex 35.8957 0.469975 0
      vertex 36.0471 0.447512 0
    endloop
  endfacet
  facet normal 0 0 -1
    outer loop
      vertex 35.4537 -13.676 0
      vertex 35.7472 0.507173 0
      vertex 35.8957 0.469975 0
    endloop
  endfacet
  facet normal 0 0 -1
    outer loop
      vertex 35.4537 -13.676 0
      vertex 35.603 0.558747 0
      vertex 35.7472 0.507173 0
    endloop
  endfacet
  facet normal 0 0 -1
    outer loop
      vertex 35.4537 -13.676 0
      vertex 35.4646 0.624203 0
      vertex 35.603 0.558747 0
    endloop
  endfacet
  facet normal 0 0 -1
    outer loop
      vertex 28 0.9 0
      vertex 35.4646 0.624203 0
      vertex 35.4537 -13.676 0
    endloop
  endfacet
  facet normal 0 0 -1
    outer loop
      vertex 35.4646 0.624203 0
      vertex 28 0.9 0
      vertex 35.3333 0.702907 0
    endloop
  endfacet
  facet normal 0 0 -1
    outer loop
      vertex 28 0.9 0
      vertex 35.4537 -13.676 0
      vertex 35.1074 -14.542 0
    endloop
  endfacet
  facet normal 0 0 -1
    outer loop
      vertex 35.3333 0.702907 0
      vertex 28 0.9 0
      vertex 35.2103 0.794104 0
    endloop
  endfacet
  facet normal 0 0 -1
    outer loop
      vertex 35.2103 0.794104 0
      vertex 28 0.9 0
      vertex 35.0969 0.896913 0
    endloop
  endfacet
  facet normal 0 0 -1
    outer loop
      vertex 35.0969 0.896913 0
      vertex 28 0.9 0
      vertex 34.9941 1.01035 0
    endloop
  endfacet
  facet normal -0 0 -1
    outer loop
      vertex 34.9941 1.01035 0
      vertex 28 0.9 0
      vertex 34.9029 1.13331 0
    endloop
  endfacet
  facet normal -0 0 -1
    outer loop
      vertex 34.9029 1.13331 0
      vertex 28 0.9 0
      vertex 34.8242 1.26462 0
    endloop
  endfacet
  facet normal 0 0 -1
    outer loop
      vertex 28 0.9 0
      vertex 35.1074 -14.542 0
      vertex 34.74 -15.3992 0
    endloop
  endfacet
  facet normal -0 0 -1
    outer loop
      vertex 34.8242 1.26462 0
      vertex 28 0.9 0
      vertex 34.7587 1.40301 0
    endloop
  endfacet
  facet normal -0 0 -1
    outer loop
      vertex 34.7587 1.40301 0
      vertex 28 0.9 0
      vertex 34.7072 1.54716 0
    endloop
  endfacet
  facet normal -0 0 -1
    outer loop
      vertex 34.7072 1.54716 0
      vertex 28 0.9 0
      vertex 34.67 1.69566 0
    endloop
  endfacet
  facet normal -0 0 -1
    outer loop
      vertex 34.67 1.69566 0
      vertex 28 0.9 0
      vertex 34.6475 1.84709 0
    endloop
  endfacet
  facet normal 0 0 -1
    outer loop
      vertex 34.7941 16.2103 0
      vertex 28 18.3 0
      vertex 34.7029 16.3333 0
    endloop
  endfacet
  facet normal 0 0 -1
    outer loop
      vertex 34.7029 16.3333 0
      vertex 28 18.3 0
      vertex 34.6242 16.4646 0
    endloop
  endfacet
  facet normal -0 0 -1
    outer loop
      vertex 34.6475 1.84709 0
      vertex 28 0.9 0
      vertex 34.64 2 0
    endloop
  endfacet
  facet normal 0 0 -1
    outer loop
      vertex 34.6242 16.4646 0
      vertex 28 18.3 0
      vertex 34.5587 16.603 0
    endloop
  endfacet
  facet normal 0 0 -1
    outer loop
      vertex 34.5587 16.603 0
      vertex 28 18.3 0
      vertex 34.5072 16.7472 0
    endloop
  endfacet
  facet normal 0 0 -1
    outer loop
      vertex 34.5072 16.7472 0
      vertex 28 18.3 0
      vertex 34.47 16.8957 0
    endloop
  endfacet
  facet normal 0 0 -1
    outer loop
      vertex 28 0.9 0
      vertex 34.74 -15.3992 0
      vertex 34.3516 -16.2471 0
    endloop
  endfacet
  facet normal 0 0 -1
    outer loop
      vertex 37.73 2.30434 0
      vertex 40.75 0 0
      vertex 37.7525 2.15291 0
    endloop
  endfacet
  facet normal 0 0 -1
    outer loop
      vertex 37.6928 2.45284 0
      vertex 40.75 0 0
      vertex 37.73 2.30434 0
    endloop
  endfacet
  facet normal 0 0 -1
    outer loop
      vertex 37.6413 2.59699 0
      vertex 40.75 0 0
      vertex 37.6928 2.45284 0
    endloop
  endfacet
  facet normal 0 0 -1
    outer loop
      vertex 37.5758 2.73538 0
      vertex 40.75 0 0
      vertex 37.6413 2.59699 0
    endloop
  endfacet
  facet normal 0 0 -1
    outer loop
      vertex 37.4971 2.86669 0
      vertex 40.75 0 0
      vertex 37.5758 2.73538 0
    endloop
  endfacet
  facet normal 0 0 -1
    outer loop
      vertex 37.5525 17.0471 0
      vertex 40.75 23.7 0
      vertex 40.75 0 0
    endloop
  endfacet
  facet normal 0 0 -1
    outer loop
      vertex 37.5525 17.3529 0
      vertex 40.75 23.7 0
      vertex 37.56 17.2 0
    endloop
  endfacet
  facet normal 0 0 -1
    outer loop
      vertex 37.53 17.5043 0
      vertex 40.75 23.7 0
      vertex 37.5525 17.3529 0
    endloop
  endfacet
  facet normal 0 0 -1
    outer loop
      vertex 37.4928 17.6528 0
      vertex 40.75 23.7 0
      vertex 37.53 17.5043 0
    endloop
  endfacet
  facet normal 0 0 -1
    outer loop
      vertex 37.4413 17.797 0
      vertex 40.75 23.7 0
      vertex 37.4928 17.6528 0
    endloop
  endfacet
  facet normal 0 0 -1
    outer loop
      vertex 37.3758 17.9354 0
      vertex 40.75 23.7 0
      vertex 37.4413 17.797 0
    endloop
  endfacet
  facet normal 0 0 -1
    outer loop
      vertex 37.2971 18.0667 0
      vertex 40.75 23.7 0
      vertex 37.3758 17.9354 0
    endloop
  endfacet
  facet normal 0 0 -1
    outer loop
      vertex 37.2059 18.1897 0
      vertex 40.75 23.7 0
      vertex 37.2971 18.0667 0
    endloop
  endfacet
  facet normal 0 0 -1
    outer loop
      vertex 37.1031 18.3031 0
      vertex 40.75 23.7 0
      vertex 37.2059 18.1897 0
    endloop
  endfacet
  facet normal 0 0 -1
    outer loop
      vertex 36.9897 18.4059 0
      vertex 40.75 23.7 0
      vertex 37.1031 18.3031 0
    endloop
  endfacet
  facet normal 0 0 -1
    outer loop
      vertex 36.8667 18.4971 0
      vertex 40.75 23.7 0
      vertex 36.9897 18.4059 0
    endloop
  endfacet
  facet normal 0 0 -1
    outer loop
      vertex 36.7354 18.5758 0
      vertex 40.75 23.7 0
      vertex 36.8667 18.4971 0
    endloop
  endfacet
  facet normal 0 0 -1
    outer loop
      vertex 36.597 18.6413 0
      vertex 40.75 23.7 0
      vertex 36.7354 18.5758 0
    endloop
  endfacet
  facet normal 0 0 -1
    outer loop
      vertex 36.4528 18.6928 0
      vertex 40.75 23.7 0
      vertex 36.597 18.6413 0
    endloop
  endfacet
  facet normal 0 0 -1
    outer loop
      vertex 36.3043 18.73 0
      vertex 40.75 23.7 0
      vertex 36.4528 18.6928 0
    endloop
  endfacet
  facet normal 0 0 -1
    outer loop
      vertex 36.1529 18.7525 0
      vertex 40.75 23.7 0
      vertex 36.3043 18.73 0
    endloop
  endfacet
  facet normal 0 0 -1
    outer loop
      vertex 36 18.76 0
      vertex 40.75 23.7 0
      vertex 36.1529 18.7525 0
    endloop
  endfacet
  facet normal 0 0 -1
    outer loop
      vertex 35.8471 18.7525 0
      vertex 40.75 23.7 0
      vertex 36 18.76 0
    endloop
  endfacet
  facet normal 0 0 -1
    outer loop
      vertex 35.6957 18.73 0
      vertex 40.75 23.7 0
      vertex 35.8471 18.7525 0
    endloop
  endfacet
  facet normal 0 0 -1
    outer loop
      vertex 35.5472 18.6928 0
      vertex 40.75 23.7 0
      vertex 35.6957 18.73 0
    endloop
  endfacet
  facet normal 0 0 -1
    outer loop
      vertex 35.403 18.6413 0
      vertex 40.75 23.7 0
      vertex 35.5472 18.6928 0
    endloop
  endfacet
  facet normal 0 0 -1
    outer loop
      vertex 28 18.3 0
      vertex 35.403 18.6413 0
      vertex 35.2646 18.5758 0
    endloop
  endfacet
  facet normal 0 0 -1
    outer loop
      vertex 28 18.3 0
      vertex 35.2646 18.5758 0
      vertex 35.1333 18.4971 0
    endloop
  endfacet
  facet normal 0 0 -1
    outer loop
      vertex 28 18.3 0
      vertex 35.1333 18.4971 0
      vertex 35.0103 18.4059 0
    endloop
  endfacet
  facet normal 0 0 -1
    outer loop
      vertex 28 18.3 0
      vertex 35.0103 18.4059 0
      vertex 34.8969 18.3031 0
    endloop
  endfacet
  facet normal 0 0 -1
    outer loop
      vertex 28 0.9 0
      vertex 34.3516 -16.2471 0
      vertex 33.9425 -17.0852 0
    endloop
  endfacet
  facet normal 0 0 -1
    outer loop
      vertex 28 0.9 0
      vertex 33.9425 -17.0852 0
      vertex 33.513 -17.9131 0
    endloop
  endfacet
  facet normal 0 0 -1
    outer loop
      vertex 28 0.9 0
      vertex 33.513 -17.9131 0
      vertex 33.0633 -18.7301 0
    endloop
  endfacet
  facet normal 0 0 -1
    outer loop
      vertex 28 0.9 0
      vertex 33.0633 -18.7301 0
      vertex 32.5937 -19.5359 0
    endloop
  endfacet
  facet normal 0 0 -1
    outer loop
      vertex 34.47 16.8957 0
      vertex 28 18.3 0
      vertex 34.4475 17.0471 0
    endloop
  endfacet
  facet normal 0 0 -1
    outer loop
      vertex 28 0.9 0
      vertex 32.5937 -19.5359 0
      vertex 32.1044 -20.3299 0
    endloop
  endfacet
  facet normal 0 0 -1
    outer loop
      vertex 28 0.9 0
      vertex 32.1044 -20.3299 0
      vertex 31.5958 -21.1117 0
    endloop
  endfacet
  facet normal 0 0 -1
    outer loop
      vertex 28 0.9 0
      vertex 31.5958 -21.1117 0
      vertex 31.0682 -21.8807 0
    endloop
  endfacet
  facet normal 0 0 -1
    outer loop
      vertex 28 0.9 0
      vertex 31.0682 -21.8807 0
      vertex 30.5219 -22.6366 0
    endloop
  endfacet
  facet normal 0 0 -1
    outer loop
      vertex 28 0.9 0
      vertex 30.5219 -22.6366 0
      vertex 29.9572 -23.3788 0
    endloop
  endfacet
  facet normal 0 0 -1
    outer loop
      vertex 28 0.9 0
      vertex 29.9572 -23.3788 0
      vertex 29.3744 -24.1069 0
    endloop
  endfacet
  facet normal 0 0 -1
    outer loop
      vertex 28 0.9 0
      vertex 29.3744 -24.1069 0
      vertex 28.7739 -24.8206 0
    endloop
  endfacet
  facet normal 0 0 -1
    outer loop
      vertex 28 0.9 0
      vertex 28.7739 -24.8206 0
      vertex 28.1561 -25.5192 0
    endloop
  endfacet
  facet normal 0 0 -1
    outer loop
      vertex 34.4475 17.0471 0
      vertex 28 18.3 0
      vertex 34.44 17.2 0
    endloop
  endfacet
  facet normal 0 0 -1
    outer loop
      vertex 34.44 17.2 0
      vertex 28 18.3 0
      vertex 34.4475 17.3529 0
    endloop
  endfacet
  facet normal 0 0 -1
    outer loop
      vertex 34.4475 17.3529 0
      vertex 28 18.3 0
      vertex 34.47 17.5043 0
    endloop
  endfacet
  facet normal 0 0 -1
    outer loop
      vertex 34.47 17.5043 0
      vertex 28 18.3 0
      vertex 34.5072 17.6528 0
    endloop
  endfacet
  facet normal 0 0 -1
    outer loop
      vertex 34.5072 17.6528 0
      vertex 28 18.3 0
      vertex 34.5587 17.797 0
    endloop
  endfacet
  facet normal 0 0 -1
    outer loop
      vertex 28 18.3 0
      vertex 34.6242 17.9354 0
      vertex 34.5587 17.797 0
    endloop
  endfacet
  facet normal 0 0 -1
    outer loop
      vertex 28 18.3 0
      vertex 34.7029 18.0667 0
      vertex 34.6242 17.9354 0
    endloop
  endfacet
  facet normal 0 0 -1
    outer loop
      vertex 28 18.3 0
      vertex 34.7941 18.1897 0
      vertex 34.7029 18.0667 0
    endloop
  endfacet
  facet normal 0 0 -1
    outer loop
      vertex 28 18.3 0
      vertex 34.8969 18.3031 0
      vertex 34.7941 18.1897 0
    endloop
  endfacet
  facet normal -0 0 -1
    outer loop
      vertex 35.403 18.6413 0
      vertex 28 18.3 0
      vertex 40.75 23.7 0
    endloop
  endfacet
  facet normal 0 0 -1
    outer loop
      vertex 28 18.3 0
      vertex 15.3992 34.74 0
      vertex 40.75 23.7 0
    endloop
  endfacet
  facet normal 0 0 -1
    outer loop
      vertex 28 18.3 0
      vertex 14.542 35.1074 0
      vertex 15.3992 34.74 0
    endloop
  endfacet
  facet normal 0 0 -1
    outer loop
      vertex 28 18.3 0
      vertex 13.676 35.4537 0
      vertex 14.542 35.1074 0
    endloop
  endfacet
  facet normal 0 0 -1
    outer loop
      vertex 28 18.3 0
      vertex 12.8018 35.7787 0
      vertex 13.676 35.4537 0
    endloop
  endfacet
  facet normal 0 0 -1
    outer loop
      vertex 28 18.3 0
      vertex 11.9199 36.0821 0
      vertex 12.8018 35.7787 0
    endloop
  endfacet
  facet normal 0 0 -1
    outer loop
      vertex 28 18.3 0
      vertex 11.0308 36.3637 0
      vertex 11.9199 36.0821 0
    endloop
  endfacet
  facet normal 0 0 -1
    outer loop
      vertex 28 18.3 0
      vertex 10.1351 36.6235 0
      vertex 11.0308 36.3637 0
    endloop
  endfacet
  facet normal 0 0 -1
    outer loop
      vertex 28 18.3 0
      vertex 9.23325 36.8612 0
      vertex 10.1351 36.6235 0
    endloop
  endfacet
  facet normal 0 0 -1
    outer loop
      vertex 28 18.3 0
      vertex 8.32585 37.0767 0
      vertex 9.23325 36.8612 0
    endloop
  endfacet
  facet normal 0 0 -1
    outer loop
      vertex 28 18.3 0
      vertex 7.41343 37.2698 0
      vertex 8.32585 37.0767 0
    endloop
  endfacet
  facet normal 0 0 -1
    outer loop
      vertex 28 18.3 0
      vertex 6.49655 37.4406 0
      vertex 7.41343 37.2698 0
    endloop
  endfacet
  facet normal 0 0 -1
    outer loop
      vertex 28 18.3 0
      vertex 5.57576 37.5887 0
      vertex 6.49655 37.4406 0
    endloop
  endfacet
  facet normal 0 0 -1
    outer loop
      vertex 28 18.3 0
      vertex 4.65161 37.7142 0
      vertex 5.57576 37.5887 0
    endloop
  endfacet
  facet normal 0 0 -1
    outer loop
      vertex 28 18.3 0
      vertex 3.72465 37.817 0
      vertex 4.65161 37.7142 0
    endloop
  endfacet
  facet normal 0 0 -1
    outer loop
      vertex 28 18.3 0
      vertex 2.79545 37.897 0
      vertex 3.72465 37.817 0
    endloop
  endfacet
  facet normal 0 0 -1
    outer loop
      vertex 28 18.3 0
      vertex 1.86457 37.9542 0
      vertex 2.79545 37.897 0
    endloop
  endfacet
  facet normal 0 0 -1
    outer loop
      vertex 28 18.3 0
      vertex 0.932567 37.9886 0
      vertex 1.86457 37.9542 0
    endloop
  endfacet
  facet normal 0 0 -1
    outer loop
      vertex 28 18.3 0
      vertex 0 38 0
      vertex 0.932567 37.9886 0
    endloop
  endfacet
  facet normal 0 0 -1
    outer loop
      vertex 28 18.3 0
      vertex -0.932567 37.9886 0
      vertex 0 38 0
    endloop
  endfacet
  facet normal 0 0 -1
    outer loop
      vertex -28 18.3 0
      vertex -0.932567 37.9886 0
      vertex 28 18.3 0
    endloop
  endfacet
  facet normal 0 0 -1
    outer loop
      vertex -0.932567 37.9886 0
      vertex -28 18.3 0
      vertex -1.86457 37.9542 0
    endloop
  endfacet
  facet normal 0 0 -1
    outer loop
      vertex -1.86457 37.9542 0
      vertex -28 18.3 0
      vertex -2.79545 37.897 0
    endloop
  endfacet
  facet normal 0 0 -1
    outer loop
      vertex -2.79545 37.897 0
      vertex -28 18.3 0
      vertex -3.72465 37.817 0
    endloop
  endfacet
  facet normal 0 0 -1
    outer loop
      vertex -3.72465 37.817 0
      vertex -28 18.3 0
      vertex -4.65161 37.7142 0
    endloop
  endfacet
  facet normal 0 0 -1
    outer loop
      vertex -4.65161 37.7142 0
      vertex -28 18.3 0
      vertex -5.57576 37.5887 0
    endloop
  endfacet
  facet normal 0 0 -1
    outer loop
      vertex -5.57576 37.5887 0
      vertex -28 18.3 0
      vertex -6.49655 37.4406 0
    endloop
  endfacet
  facet normal 0 0 -1
    outer loop
      vertex -6.49655 37.4406 0
      vertex -28 18.3 0
      vertex -7.41343 37.2698 0
    endloop
  endfacet
  facet normal 0 0 -1
    outer loop
      vertex -7.41343 37.2698 0
      vertex -28 18.3 0
      vertex -8.32585 37.0767 0
    endloop
  endfacet
  facet normal 0 0 -1
    outer loop
      vertex -8.32585 37.0767 0
      vertex -28 18.3 0
      vertex -9.23325 36.8612 0
    endloop
  endfacet
  facet normal 0 0 -1
    outer loop
      vertex -9.23325 36.8612 0
      vertex -28 18.3 0
      vertex -10.1351 36.6235 0
    endloop
  endfacet
  facet normal 0 0 -1
    outer loop
      vertex -10.1351 36.6235 0
      vertex -28 18.3 0
      vertex -11.0308 36.3637 0
    endloop
  endfacet
  facet normal 0 0 -1
    outer loop
      vertex -11.0308 36.3637 0
      vertex -28 18.3 0
      vertex -11.9199 36.0821 0
    endloop
  endfacet
  facet normal 0 0 -1
    outer loop
      vertex -11.9199 36.0821 0
      vertex -28 18.3 0
      vertex -12.8018 35.7787 0
    endloop
  endfacet
  facet normal 0 0 -1
    outer loop
      vertex -12.8018 35.7787 0
      vertex -28 18.3 0
      vertex -13.676 35.4537 0
    endloop
  endfacet
  facet normal 0 0 -1
    outer loop
      vertex -13.676 35.4537 0
      vertex -28 18.3 0
      vertex -14.542 35.1074 0
    endloop
  endfacet
  facet normal 0 0 -1
    outer loop
      vertex -14.542 35.1074 0
      vertex -28 18.3 0
      vertex -15.3992 34.74 0
    endloop
  endfacet
  facet normal 0 0 -1
    outer loop
      vertex -29.9572 -23.3788 0
      vertex -7.05 -10.4 0
      vertex -29.3744 -24.1069 0
    endloop
  endfacet
  facet normal 0 0 -1
    outer loop
      vertex -30.5219 -22.6366 0
      vertex -7.05 -10.4 0
      vertex -29.9572 -23.3788 0
    endloop
  endfacet
  facet normal 0 0 -1
    outer loop
      vertex -31.0682 -21.8807 0
      vertex -7.05 -10.4 0
      vertex -30.5219 -22.6366 0
    endloop
  endfacet
  facet normal 0 0 -1
    outer loop
      vertex -31.5958 -21.1117 0
      vertex -7.05 -10.4 0
      vertex -31.0682 -21.8807 0
    endloop
  endfacet
  facet normal 0 0 -1
    outer loop
      vertex -32.1044 -20.3299 0
      vertex -7.05 -10.4 0
      vertex -31.5958 -21.1117 0
    endloop
  endfacet
  facet normal 0 0 -1
    outer loop
      vertex -32.5937 -19.5359 0
      vertex -7.05 -10.4 0
      vertex -32.1044 -20.3299 0
    endloop
  endfacet
  facet normal 0 0 -1
    outer loop
      vertex -33.0633 -18.7301 0
      vertex -7.05 -10.4 0
      vertex -32.5937 -19.5359 0
    endloop
  endfacet
  facet normal 0 0 -1
    outer loop
      vertex -33.513 -17.9131 0
      vertex -7.05 -10.4 0
      vertex -33.0633 -18.7301 0
    endloop
  endfacet
  facet normal -0 0 -1
    outer loop
      vertex -7.05 -10.4 0
      vertex -33.513 -17.9131 0
      vertex -28 0.9 0
    endloop
  endfacet
  facet normal 0 0 -1
    outer loop
      vertex -33.9425 -17.0852 0
      vertex -28 0.9 0
      vertex -33.513 -17.9131 0
    endloop
  endfacet
  facet normal 0 0 -1
    outer loop
      vertex -34.3516 -16.2471 0
      vertex -28 0.9 0
      vertex -33.9425 -17.0852 0
    endloop
  endfacet
  facet normal 0 0 -1
    outer loop
      vertex -34.74 -15.3992 0
      vertex -28 0.9 0
      vertex -34.3516 -16.2471 0
    endloop
  endfacet
  facet normal 0 0 -1
    outer loop
      vertex -34.4475 17.0471 0
      vertex -28 18.3 0
      vertex -28 0.9 0
    endloop
  endfacet
  facet normal 0 0 -1
    outer loop
      vertex -34.4475 17.3529 0
      vertex -28 18.3 0
      vertex -34.44 17.2 0
    endloop
  endfacet
  facet normal 0 0 -1
    outer loop
      vertex -34.47 17.5043 0
      vertex -28 18.3 0
      vertex -34.4475 17.3529 0
    endloop
  endfacet
  facet normal 0 0 -1
    outer loop
      vertex -34.5072 17.6528 0
      vertex -28 18.3 0
      vertex -34.47 17.5043 0
    endloop
  endfacet
  facet normal 0 0 -1
    outer loop
      vertex -34.5587 17.797 0
      vertex -28 18.3 0
      vertex -34.5072 17.6528 0
    endloop
  endfacet
  facet normal 0 0 -1
    outer loop
      vertex -34.6242 17.9354 0
      vertex -28 18.3 0
      vertex -34.5587 17.797 0
    endloop
  endfacet
  facet normal 0 0 -1
    outer loop
      vertex -34.7029 18.0667 0
      vertex -28 18.3 0
      vertex -34.6242 17.9354 0
    endloop
  endfacet
  facet normal 0 0 -1
    outer loop
      vertex -34.7941 18.1897 0
      vertex -28 18.3 0
      vertex -34.7029 18.0667 0
    endloop
  endfacet
  facet normal 0 0 -1
    outer loop
      vertex -34.8969 18.3031 0
      vertex -28 18.3 0
      vertex -34.7941 18.1897 0
    endloop
  endfacet
  facet normal 0 0 -1
    outer loop
      vertex -35.0103 18.4059 0
      vertex -28 18.3 0
      vertex -34.8969 18.3031 0
    endloop
  endfacet
  facet normal 0 0 -1
    outer loop
      vertex -35.1333 18.4971 0
      vertex -28 18.3 0
      vertex -35.0103 18.4059 0
    endloop
  endfacet
  facet normal 0 0 -1
    outer loop
      vertex -35.2646 18.5758 0
      vertex -28 18.3 0
      vertex -35.1333 18.4971 0
    endloop
  endfacet
  facet normal 0 0 -1
    outer loop
      vertex -35.403 18.6413 0
      vertex -28 18.3 0
      vertex -35.2646 18.5758 0
    endloop
  endfacet
  facet normal 0 0 -1
    outer loop
      vertex -28 18.3 0
      vertex -35.403 18.6413 0
      vertex -40.75 23.7 0
    endloop
  endfacet
  facet normal 0 0 -1
    outer loop
      vertex -40.75 23.7 0
      vertex -35.403 18.6413 0
      vertex -35.5472 18.6928 0
    endloop
  endfacet
  facet normal 0 0 -1
    outer loop
      vertex -40.75 23.7 0
      vertex -35.5472 18.6928 0
      vertex -35.6957 18.73 0
    endloop
  endfacet
  facet normal 0 0 -1
    outer loop
      vertex -40.75 23.7 0
      vertex -35.6957 18.73 0
      vertex -35.8471 18.7525 0
    endloop
  endfacet
  facet normal 0 0 -1
    outer loop
      vertex -40.75 23.7 0
      vertex -35.8471 18.7525 0
      vertex -36 18.76 0
    endloop
  endfacet
  facet normal 0 0 -1
    outer loop
      vertex -40.75 23.7 0
      vertex -36 18.76 0
      vertex -36.1529 18.7525 0
    endloop
  endfacet
  facet normal 0 0 -1
    outer loop
      vertex -40.75 23.7 0
      vertex -36.1529 18.7525 0
      vertex -36.3043 18.73 0
    endloop
  endfacet
  facet normal 0 0 -1
    outer loop
      vertex -40.75 23.7 0
      vertex -36.3043 18.73 0
      vertex -36.4528 18.6928 0
    endloop
  endfacet
  facet normal 0 0 -1
    outer loop
      vertex -40.75 23.7 0
      vertex -36.4528 18.6928 0
      vertex -36.597 18.6413 0
    endloop
  endfacet
  facet normal 0 0 -1
    outer loop
      vertex -40.75 23.7 0
      vertex -36.597 18.6413 0
      vertex -36.7354 18.5758 0
    endloop
  endfacet
  facet normal 0 0 -1
    outer loop
      vertex -40.75 23.7 0
      vertex -36.7354 18.5758 0
      vertex -36.8667 18.4971 0
    endloop
  endfacet
  facet normal 0 0 -1
    outer loop
      vertex -40.75 23.7 0
      vertex -36.8667 18.4971 0
      vertex -36.9897 18.4059 0
    endloop
  endfacet
  facet normal 0 0 -1
    outer loop
      vertex -40.75 0 0
      vertex -37.5758 2.73538 0
      vertex -37.6413 2.59699 0
    endloop
  endfacet
  facet normal 0 0 -1
    outer loop
      vertex -40.75 0 0
      vertex -37.6413 2.59699 0
      vertex -37.6928 2.45284 0
    endloop
  endfacet
  facet normal 0 0 -1
    outer loop
      vertex -40.75 0 0
      vertex -37.6928 2.45284 0
      vertex -37.73 2.30434 0
    endloop
  endfacet
  facet normal 0 0 -1
    outer loop
      vertex -40.75 0 0
      vertex -37.73 2.30434 0
      vertex -37.7525 2.15291 0
    endloop
  endfacet
  facet normal 0 0 -1
    outer loop
      vertex -40.75 0 0
      vertex -37.7525 2.15291 0
      vertex -37.76 2 0
    endloop
  endfacet
  facet normal 0 0 -1
    outer loop
      vertex -37.53 16.8957 0
      vertex -40.75 23.7 0
      vertex -37.5525 17.0471 0
    endloop
  endfacet
  facet normal 0 0 -1
    outer loop
      vertex -37.5525 17.0471 0
      vertex -40.75 23.7 0
      vertex -37.56 17.2 0
    endloop
  endfacet
  facet normal 0 0 -1
    outer loop
      vertex -37.56 17.2 0
      vertex -40.75 23.7 0
      vertex -37.5525 17.3529 0
    endloop
  endfacet
  facet normal 0 0 -1
    outer loop
      vertex -28 18.3 0
      vertex -40.75 23.7 0
      vertex -15.3992 34.74 0
    endloop
  endfacet
  facet normal 0 0 -1
    outer loop
      vertex -37.1031 18.3031 0
      vertex -40.75 23.7 0
      vertex -36.9897 18.4059 0
    endloop
  endfacet
  facet normal 0 0 -1
    outer loop
      vertex -37.2059 18.1897 0
      vertex -40.75 23.7 0
      vertex -37.1031 18.3031 0
    endloop
  endfacet
  facet normal 0 0 -1
    outer loop
      vertex -37.2971 18.0667 0
      vertex -40.75 23.7 0
      vertex -37.2059 18.1897 0
    endloop
  endfacet
  facet normal 0 0 -1
    outer loop
      vertex -37.3758 17.9354 0
      vertex -40.75 23.7 0
      vertex -37.2971 18.0667 0
    endloop
  endfacet
  facet normal 0 0 -1
    outer loop
      vertex -37.4413 17.797 0
      vertex -40.75 23.7 0
      vertex -37.3758 17.9354 0
    endloop
  endfacet
  facet normal 0 0 -1
    outer loop
      vertex -37.4928 17.6528 0
      vertex -40.75 23.7 0
      vertex -37.4413 17.797 0
    endloop
  endfacet
  facet normal 0 0 -1
    outer loop
      vertex -37.53 17.5043 0
      vertex -40.75 23.7 0
      vertex -37.4928 17.6528 0
    endloop
  endfacet
  facet normal 0 0 -1
    outer loop
      vertex -37.5525 17.3529 0
      vertex -40.75 23.7 0
      vertex -37.53 17.5043 0
    endloop
  endfacet
  facet normal 0.394561 -0.91887 0
    outer loop
      vertex -38.75 22.7 2
      vertex -14.6495 33.0487 24
      vertex -38.75 22.7 24
    endloop
  endfacet
  facet normal 0.394561 -0.91887 0
    outer loop
      vertex -14.6495 33.0487 24
      vertex -38.75 22.7 2
      vertex -14.6495 33.0487 2
    endloop
  endfacet
  facet normal 1 -0 0
    outer loop
      vertex -38.75 0 24
      vertex -38.75 22.7 2
      vertex -38.75 22.7 24
    endloop
  endfacet
  facet normal 1 0 0
    outer loop
      vertex -38.75 22.7 2
      vertex -38.75 0 24
      vertex -38.75 0 2
    endloop
  endfacet
  facet normal -0.348404 -0.937344 0
    outer loop
      vertex 12.1786 34.0368 2
      vertex 13.0102 33.7277 24
      vertex 12.1786 34.0368 24
    endloop
  endfacet
  facet normal -0.348404 -0.937344 -0
    outer loop
      vertex 13.0102 33.7277 24
      vertex 12.1786 34.0368 2
      vertex 13.0102 33.7277 2
    endloop
  endfacet
  facet normal -1 0 0
    outer loop
      vertex 38.75 0 2
      vertex 38.75 22.7 24
      vertex 38.75 22.7 2
    endloop
  endfacet
  facet normal -1 -0 0
    outer loop
      vertex 38.75 22.7 24
      vertex 38.75 0 2
      vertex 38.75 0 24
    endloop
  endfacet
  facet normal 0.460508 0.887656 -0
    outer loop
      vertex -16.2534 -32.2901 2
      vertex -17.041 -31.8815 24
      vertex -16.2534 -32.2901 24
    endloop
  endfacet
  facet normal 0.460508 0.887656 0
    outer loop
      vertex -17.041 -31.8815 24
      vertex -16.2534 -32.2901 2
      vertex -17.041 -31.8815 2
    endloop
  endfacet
  facet normal -0.134576 -0.990903 0
    outer loop
      vertex 4.42515 35.8781 9.54543
      vertex 5.30431 35.7587 24
      vertex 4.42515 35.8781 24
    endloop
  endfacet
  facet normal -0.129407 -0.991592 -0.000320081
    outer loop
      vertex 4.43822 35.8764 9.5278
      vertex 5.30431 35.7587 24
      vertex 4.42515 35.8781 9.54543
    endloop
  endfacet
  facet normal -0.134818 -0.99087 9.60617e-06
    outer loop
      vertex 4.53155 35.8637 9.37208
      vertex 5.30431 35.7587 24
      vertex 4.43822 35.8764 9.5278
    endloop
  endfacet
  facet normal -0.135224 -0.990815 3.14781e-05
    outer loop
      vertex 4.60918 35.8531 9.20796
      vertex 5.30431 35.7587 24
      vertex 4.53155 35.8637 9.37208
    endloop
  endfacet
  facet normal -0.134487 -0.990915 -3.80004e-06
    outer loop
      vertex 4.67034 35.8448 9.03703
      vertex 5.30431 35.7587 24
      vertex 4.60918 35.8531 9.20796
    endloop
  endfacet
  facet normal -0.134752 -0.990879 7.63899e-06
    outer loop
      vertex 4.71445 35.8388 8.86092
      vertex 5.30431 35.7587 24
      vertex 4.67034 35.8448 9.03703
    endloop
  endfacet
  facet normal -0.134051 -0.990974 -2.01761e-05
    outer loop
      vertex 4.74109 35.8352 8.68133
      vertex 5.30431 35.7587 24
      vertex 4.71445 35.8388 8.86092
    endloop
  endfacet
  facet normal -0.133952 -0.990988 -2.38841e-05
    outer loop
      vertex 4.75 35.834 8.5
      vertex 5.30431 35.7587 24
      vertex 4.74109 35.8352 8.68133
    endloop
  endfacet
  facet normal -0.134576 -0.990903 0
    outer loop
      vertex 5.30431 35.7587 2
      vertex 4.42515 35.8781 7.45457
      vertex 4.42515 35.8781 2
    endloop
  endfacet
  facet normal -0.129982 -0.991516 0.000753914
    outer loop
      vertex 4.42515 35.8781 7.45457
      vertex 5.30431 35.7587 2
      vertex 4.43822 35.8764 7.47219
    endloop
  endfacet
  facet normal -0.134797 -0.990873 -2.21045e-05
    outer loop
      vertex 4.43822 35.8764 7.47219
      vertex 5.30431 35.7587 2
      vertex 4.53155 35.8637 7.62792
    endloop
  endfacet
  facet normal -0.135143 -0.990826 -7.04925e-05
    outer loop
      vertex 4.53155 35.8637 7.62792
      vertex 5.30431 35.7587 2
      vertex 4.60918 35.8531 7.79204
    endloop
  endfacet
  facet normal -0.134499 -0.990914 8.22166e-06
    outer loop
      vertex 4.60918 35.8531 7.79204
      vertex 5.30431 35.7587 2
      vertex 4.67034 35.8448 7.96297
    endloop
  endfacet
  facet normal -0.134721 -0.990884 -1.5733e-05
    outer loop
      vertex 4.67034 35.8448 7.96297
      vertex 5.30431 35.7587 2
      vertex 4.71445 35.8388 8.13908
    endloop
  endfacet
  facet normal -0.134608 -0.990899 0
    outer loop
      vertex 4.75 35.834 8.5
      vertex 5.30431 35.7587 2
      vertex 5.30431 35.7587 24
    endloop
  endfacet
  facet normal -0.134194 -0.990955 3.59721e-05
    outer loop
      vertex 4.74109 35.8352 8.31867
      vertex 5.30431 35.7587 2
      vertex 4.75 35.834 8.5
    endloop
  endfacet
  facet normal -0.13417 -0.990958 3.81265e-05
    outer loop
      vertex 4.71445 35.8388 8.13908
      vertex 5.30431 35.7587 2
      vertex 4.74109 35.8352 8.31867
    endloop
  endfacet
  facet normal 0.393919 -0.919145 0
    outer loop
      vertex -14.6495 33.0487 2
      vertex -13.834 33.3982 24
      vertex -14.6495 33.0487 24
    endloop
  endfacet
  facet normal 0.393919 -0.919145 0
    outer loop
      vertex -13.834 33.3982 24
      vertex -14.6495 33.0487 2
      vertex -13.834 33.3982 2
    endloop
  endfacet
  facet normal 0.371371 -0.928484 0
    outer loop
      vertex -13.834 33.3982 2
      vertex -13.0102 33.7277 24
      vertex -13.834 33.3982 24
    endloop
  endfacet
  facet normal 0.371371 -0.928484 0
    outer loop
      vertex -13.0102 33.7277 24
      vertex -13.834 33.3982 2
      vertex -13.0102 33.7277 2
    endloop
  endfacet
  facet normal -0.0122854 0.999925 0
    outer loop
      vertex 0.887165 -36.1391 2
      vertex 0 -36.15 24
      vertex 0.887165 -36.1391 24
    endloop
  endfacet
  facet normal -0.0122854 0.999925 0
    outer loop
      vertex 0 -36.15 24
      vertex 0.887165 -36.1391 2
      vertex 0 -36.15 2
    endloop
  endfacet
  facet normal -0.0122854 -0.999925 0
    outer loop
      vertex 0 36.15 2
      vertex 0.887165 36.1391 6.65
      vertex 0 36.15 6.65
    endloop
  endfacet
  facet normal -0.0122854 -0.999925 -0
    outer loop
      vertex 0.887165 36.1391 6.65
      vertex 0 36.15 2
      vertex 0.887165 36.1391 2
    endloop
  endfacet
  facet normal -0.0122854 -0.999925 0
    outer loop
      vertex 0 36.15 10.35
      vertex 0.887165 36.1391 24
      vertex 0 36.15 24
    endloop
  endfacet
  facet normal -0.0122854 -0.999925 -0
    outer loop
      vertex 0.887165 36.1391 24
      vertex 0 36.15 10.35
      vertex 0.887165 36.1391 10.35
    endloop
  endfacet
  facet normal 0.887656 0.460508 0
    outer loop
      vertex -31.8815 -17.041 24
      vertex -32.2901 -16.2534 2
      vertex -32.2901 -16.2534 24
    endloop
  endfacet
  facet normal 0.887656 0.460508 0
    outer loop
      vertex -32.2901 -16.2534 2
      vertex -31.8815 -17.041 24
      vertex -31.8815 -17.041 2
    endloop
  endfacet
  facet normal -0.371371 -0.928484 0
    outer loop
      vertex 13.0102 33.7277 2
      vertex 13.834 33.3982 24
      vertex 13.0102 33.7277 24
    endloop
  endfacet
  facet normal -0.371371 -0.928484 -0
    outer loop
      vertex 13.834 33.3982 24
      vertex 13.0102 33.7277 2
      vertex 13.834 33.3982 2
    endloop
  endfacet
  facet normal -0.732609 0.68065 0
    outer loop
      vertex 26.1815 -24.9269 2
      vertex 26.7854 -24.2769 24
      vertex 26.7854 -24.2769 2
    endloop
  endfacet
  facet normal -0.732609 0.68065 0
    outer loop
      vertex 26.7854 -24.2769 24
      vertex 26.1815 -24.9269 2
      vertex 26.1815 -24.9269 24
    endloop
  endfacet
  facet normal -0.68065 0.732609 0
    outer loop
      vertex 24.9269 -26.1815 2
      vertex 24.2769 -26.7854 24
      vertex 24.9269 -26.1815 24
    endloop
  endfacet
  facet normal -0.68065 0.732609 0
    outer loop
      vertex 24.2769 -26.7854 24
      vertex 24.9269 -26.1815 2
      vertex 24.2769 -26.7854 2
    endloop
  endfacet
  facet normal 0.482252 0.876033 -0
    outer loop
      vertex -17.041 -31.8815 2
      vertex -17.8183 -31.4536 24
      vertex -17.041 -31.8815 24
    endloop
  endfacet
  facet normal 0.482252 0.876033 0
    outer loop
      vertex -17.8183 -31.4536 24
      vertex -17.041 -31.8815 2
      vertex -17.8183 -31.4536 2
    endloop
  endfacet
  facet normal 0.54538 0.838189 -0
    outer loop
      vertex -19.3402 -30.5415 2
      vertex -20.0839 -30.0576 24
      vertex -19.3402 -30.5415 24
    endloop
  endfacet
  facet normal 0.54538 0.838189 0
    outer loop
      vertex -20.0839 -30.0576 24
      vertex -19.3402 -30.5415 2
      vertex -20.0839 -30.0576 2
    endloop
  endfacet
  facet normal 0.0862332 -0.996275 0
    outer loop
      vertex -3.54332 35.9759 2
      vertex -3.43703 35.9851 6.72966
      vertex -3.54332 35.9759 6.76769
    endloop
  endfacet
  facet normal 0.0854329 -0.996344 1.81194e-05
    outer loop
      vertex -3.54332 35.9759 2
      vertex -3.26092 36.0002 6.68555
      vertex -3.43703 35.9851 6.72966
    endloop
  endfacet
  facet normal 0.0859858 -0.996296 -1.54467e-05
    outer loop
      vertex -3.54332 35.9759 2
      vertex -3.08133 36.0157 6.65891
      vertex -3.26092 36.0002 6.68555
    endloop
  endfacet
  facet normal 0.0857149 -0.99632 1.16073e-05
    outer loop
      vertex -3.54332 35.9759 2
      vertex -2.9 36.0313 6.65
      vertex -3.08133 36.0157 6.65891
    endloop
  endfacet
  facet normal 0.0857726 -0.996315 3.57086e-06
    outer loop
      vertex -2.65936 36.052 2
      vertex -2.9 36.0313 6.65
      vertex -3.54332 35.9759 2
    endloop
  endfacet
  facet normal 0.0857041 -0.996321 0
    outer loop
      vertex -2.9 36.0313 6.65
      vertex -2.65936 36.052 2
      vertex -2.65936 36.052 6.65
    endloop
  endfacet
  facet normal 0.0857726 -0.996315 -1.21645e-06
    outer loop
      vertex -3.54332 35.9759 24
      vertex -2.9 36.0313 10.35
      vertex -2.65936 36.052 24
    endloop
  endfacet
  facet normal 0.0857146 -0.99632 -3.97182e-06
    outer loop
      vertex -3.54332 35.9759 24
      vertex -3.08133 36.0157 10.3411
      vertex -2.9 36.0313 10.35
    endloop
  endfacet
  facet normal 0.0859872 -0.996296 5.31955e-06
    outer loop
      vertex -3.54332 35.9759 24
      vertex -3.26092 36.0002 10.3145
      vertex -3.08133 36.0157 10.3411
    endloop
  endfacet
  facet normal 0.08543 -0.996344 -6.26479e-06
    outer loop
      vertex -3.54332 35.9759 24
      vertex -3.43703 35.9851 10.2703
      vertex -3.26092 36.0002 10.3145
    endloop
  endfacet
  facet normal 0.0862332 -0.996275 0
    outer loop
      vertex -3.43703 35.9851 10.2703
      vertex -3.54332 35.9759 24
      vertex -3.54332 35.9759 10.2323
    endloop
  endfacet
  facet normal 0.0857041 -0.996321 0
    outer loop
      vertex -2.65936 36.052 24
      vertex -2.9 36.0313 10.35
      vertex -2.65936 36.052 10.35
    endloop
  endfacet
  facet normal -0.795802 0.605558 0
    outer loop
      vertex 28.4987 -22.2406 2
      vertex 29.036 -21.5345 24
      vertex 29.036 -21.5345 2
    endloop
  endfacet
  facet normal -0.795802 0.605558 0
    outer loop
      vertex 29.036 -21.5345 24
      vertex 28.4987 -22.2406 2
      vertex 28.4987 -22.2406 24
    endloop
  endfacet
  facet normal 0.810453 0.585803 0
    outer loop
      vertex -29.036 -21.5345 24
      vertex -29.5557 -20.8155 2
      vertex -29.5557 -20.8155 24
    endloop
  endfacet
  facet normal 0.810453 0.585803 0
    outer loop
      vertex -29.5557 -20.8155 2
      vertex -29.036 -21.5345 24
      vertex -29.036 -21.5345 2
    endloop
  endfacet
  facet normal 0.0614268 -0.998112 0
    outer loop
      vertex -2.65936 36.052 2
      vertex -1.7738 36.1065 6.65
      vertex -2.65936 36.052 6.65
    endloop
  endfacet
  facet normal 0.0614268 -0.998112 0
    outer loop
      vertex -1.7738 36.1065 6.65
      vertex -2.65936 36.052 2
      vertex -1.7738 36.1065 2
    endloop
  endfacet
  facet normal 0.0614268 -0.998112 0
    outer loop
      vertex -2.65936 36.052 10.35
      vertex -1.7738 36.1065 24
      vertex -2.65936 36.052 24
    endloop
  endfacet
  facet normal 0.0614268 -0.998112 0
    outer loop
      vertex -1.7738 36.1065 24
      vertex -2.65936 36.052 10.35
      vertex -1.7738 36.1065 10.35
    endloop
  endfacet
  facet normal -0.393919 -0.919145 0
    outer loop
      vertex 13.834 33.3982 2
      vertex 14.6495 33.0487 24
      vertex 13.834 33.3982 24
    endloop
  endfacet
  facet normal -0.393919 -0.919145 -0
    outer loop
      vertex 14.6495 33.0487 24
      vertex 13.834 33.3982 2
      vertex 14.6495 33.0487 2
    endloop
  endfacet
  facet normal 0.158811 -0.987309 0
    outer loop
      vertex -6.18027 35.6178 2
      vertex -5.30431 35.7587 24
      vertex -6.18027 35.6178 24
    endloop
  endfacet
  facet normal 0.158811 -0.987309 0
    outer loop
      vertex -5.30431 35.7587 24
      vertex -6.18027 35.6178 2
      vertex -5.30431 35.7587 2
    endloop
  endfacet
  facet normal -0.325275 -0.945619 0
    outer loop
      vertex 11.3396 34.3254 2
      vertex 12.1786 34.0368 24
      vertex 11.3396 34.3254 24
    endloop
  endfacet
  facet normal -0.325275 -0.945619 -0
    outer loop
      vertex 12.1786 34.0368 24
      vertex 11.3396 34.3254 2
      vertex 12.1786 34.0368 2
    endloop
  endfacet
  facet normal 0.0367434 -0.999325 0
    outer loop
      vertex -1.7738 36.1065 2
      vertex -0.887165 36.1391 6.65
      vertex -1.7738 36.1065 6.65
    endloop
  endfacet
  facet normal 0.0367434 -0.999325 0
    outer loop
      vertex -0.887165 36.1391 6.65
      vertex -1.7738 36.1065 2
      vertex -0.887165 36.1391 2
    endloop
  endfacet
  facet normal 0.0367434 -0.999325 0
    outer loop
      vertex -1.7738 36.1065 10.35
      vertex -0.887165 36.1391 24
      vertex -1.7738 36.1065 24
    endloop
  endfacet
  facet normal 0.0367434 -0.999325 0
    outer loop
      vertex -0.887165 36.1391 24
      vertex -1.7738 36.1065 10.35
      vertex -0.887165 36.1391 10.35
    endloop
  endfacet
  facet normal -0.662382 0.749166 0
    outer loop
      vertex 24.2769 -26.7854 2
      vertex 23.6122 -27.3731 24
      vertex 24.2769 -26.7854 24
    endloop
  endfacet
  facet normal -0.662382 0.749166 0
    outer loop
      vertex 23.6122 -27.3731 24
      vertex 24.2769 -26.7854 2
      vertex 23.6122 -27.3731 2
    endloop
  endfacet
  facet normal 0.302059 0.953289 -0
    outer loop
      vertex -10.4938 -34.5934 2
      vertex -11.3396 -34.3254 24
      vertex -10.4938 -34.5934 24
    endloop
  endfacet
  facet normal 0.302059 0.953289 0
    outer loop
      vertex -11.3396 -34.3254 24
      vertex -10.4938 -34.5934 2
      vertex -11.3396 -34.3254 2
    endloop
  endfacet
  facet normal -0.643802 0.765192 0
    outer loop
      vertex 23.6122 -27.3731 2
      vertex 22.9333 -27.9443 24
      vertex 23.6122 -27.3731 24
    endloop
  endfacet
  facet normal -0.643802 0.765192 0
    outer loop
      vertex 22.9333 -27.9443 24
      vertex 23.6122 -27.3731 2
      vertex 22.9333 -27.9443 2
    endloop
  endfacet
  facet normal -0.231057 -0.97294 0
    outer loop
      vertex 7.92051 35.2716 2
      vertex 8.78373 35.0666 24
      vertex 7.92051 35.2716 24
    endloop
  endfacet
  facet normal -0.231057 -0.97294 -0
    outer loop
      vertex 8.78373 35.0666 24
      vertex 7.92051 35.2716 2
      vertex 8.78373 35.0666 2
    endloop
  endfacet
  facet normal -0.158811 0.987309 0
    outer loop
      vertex 6.18027 -35.6178 2
      vertex 5.30431 -35.7587 24
      vertex 6.18027 -35.6178 24
    endloop
  endfacet
  facet normal -0.158811 0.987309 0
    outer loop
      vertex 5.30431 -35.7587 24
      vertex 6.18027 -35.6178 2
      vertex 5.30431 -35.7587 2
    endloop
  endfacet
  facet normal 0.134576 0.990903 -0
    outer loop
      vertex -4.42515 -35.8781 2
      vertex -5.30431 -35.7587 24
      vertex -4.42515 -35.8781 24
    endloop
  endfacet
  facet normal 0.134576 0.990903 0
    outer loop
      vertex -5.30431 -35.7587 24
      vertex -4.42515 -35.8781 2
      vertex -5.30431 -35.7587 2
    endloop
  endfacet
  facet normal -0.928484 0.371371 0
    outer loop
      vertex 33.3982 -13.834 2
      vertex 33.7277 -13.0102 24
      vertex 33.7277 -13.0102 2
    endloop
  endfacet
  facet normal -0.928484 0.371371 0
    outer loop
      vertex 33.7277 -13.0102 24
      vertex 33.3982 -13.834 2
      vertex 33.3982 -13.834 24
    endloop
  endfacet
  facet normal -0.254837 -0.966984 2.26851e-06
    outer loop
      vertex 8.78373 35.0666 24
      vertex 9.24693 34.9445 11.6017
      vertex 9.64167 34.8405 24
    endloop
  endfacet
  facet normal -0.255052 -0.966927 -6.30241e-06
    outer loop
      vertex 8.78373 35.0666 24
      vertex 9.03653 35 11.3509
      vertex 9.24693 34.9445 11.6017
    endloop
  endfacet
  facet normal -0.254757 -0.967005 0
    outer loop
      vertex 8.78373 35.0666 24
      vertex 9.03653 35 10.4728
      vertex 9.03653 35 11.3509
    endloop
  endfacet
  facet normal -0.255017 -0.966937 -0
    outer loop
      vertex 9.03653 35 10.4728
      vertex 9.03653 35 9.4
      vertex 9.25 34.9437 10.2937
    endloop
  endfacet
  facet normal -0.254757 -0.967005 0
    outer loop
      vertex 8.78373 35.0666 2
      vertex 9.03653 35 10.4728
      vertex 8.78373 35.0666 24
    endloop
  endfacet
  facet normal -0.254757 -0.967005 -0
    outer loop
      vertex 9.03653 35 10.4728
      vertex 8.78373 35.0666 2
      vertex 9.03653 35 9.4
    endloop
  endfacet
  facet normal -0.254757 -0.967005 -0
    outer loop
      vertex 9.03653 35 9.4
      vertex 8.78373 35.0666 2
      vertex 9.03653 35 7.78445
    endloop
  endfacet
  facet normal -0.255009 -0.966939 1.17649e-05
    outer loop
      vertex 8.78373 35.0666 2
      vertex 9.25 34.9437 7.61739
      vertex 9.03653 35 7.78445
    endloop
  endfacet
  facet normal -0.254876 -0.966974 -0
    outer loop
      vertex 9.25 34.9437 7.61739
      vertex 8.78373 35.0666 2
      vertex 9.25 34.9437 2
    endloop
  endfacet
  facet normal -0.254771 -0.967002 -0
    outer loop
      vertex 9.64167 34.8405 24
      vertex 9.24693 34.9445 11.6017
      vertex 9.64167 34.8405 11.2704
    endloop
  endfacet
  facet normal -0.255017 -0.966937 -0
    outer loop
      vertex 9.25 34.9437 10.2937
      vertex 9.03653 35 9.4
      vertex 9.25 34.9437 9.4
    endloop
  endfacet
  facet normal 0.302059 -0.953289 -6.86655e-07
    outer loop
      vertex -11.3396 34.3254 24
      vertex -11.25 34.3538 11
      vertex -10.4938 34.5934 24
    endloop
  endfacet
  facet normal 0.30215 -0.953261 0
    outer loop
      vertex -11.3396 34.3254 2
      vertex -11.25 34.3538 11
      vertex -11.3396 34.3254 24
    endloop
  endfacet
  facet normal 0.30215 -0.953261 0
    outer loop
      vertex -11.25 34.3538 11
      vertex -11.3396 34.3254 2
      vertex -11.25 34.3538 2
    endloop
  endfacet
  facet normal 0.302048 -0.953293 0
    outer loop
      vertex -10.4938 34.5934 24
      vertex -11.25 34.3538 11
      vertex -10.4938 34.5934 11
    endloop
  endfacet
  facet normal 0.11023 0.993906 -0
    outer loop
      vertex -3.54332 -35.9759 2
      vertex -4.42515 -35.8781 24
      vertex -3.54332 -35.9759 24
    endloop
  endfacet
  facet normal 0.11023 0.993906 0
    outer loop
      vertex -4.42515 -35.8781 24
      vertex -3.54332 -35.9759 2
      vertex -4.42515 -35.8781 2
    endloop
  endfacet
  facet normal -0.838189 0.54538 0
    outer loop
      vertex 30.0576 -20.0839 2
      vertex 30.5415 -19.3402 24
      vertex 30.5415 -19.3402 2
    endloop
  endfacet
  facet normal -0.838189 0.54538 0
    outer loop
      vertex 30.5415 -19.3402 24
      vertex 30.0576 -20.0839 2
      vertex 30.0576 -20.0839 24
    endloop
  endfacet
  facet normal -0.851387 0.524538 0
    outer loop
      vertex 30.5415 -19.3402 2
      vertex 31.0069 -18.5848 24
      vertex 31.0069 -18.5848 2
    endloop
  endfacet
  facet normal -0.851387 0.524538 0
    outer loop
      vertex 31.0069 -18.5848 24
      vertex 30.5415 -19.3402 2
      vertex 30.5415 -19.3402 24
    endloop
  endfacet
  facet normal 0.254837 -0.966984 2.26851e-06
    outer loop
      vertex -9.64167 34.8405 24
      vertex -9.24693 34.9445 11.6017
      vertex -8.78373 35.0666 24
    endloop
  endfacet
  facet normal 0.254771 -0.967002 0
    outer loop
      vertex -9.24693 34.9445 11.6017
      vertex -9.64167 34.8405 24
      vertex -9.64167 34.8405 11.2704
    endloop
  endfacet
  facet normal 0.255052 -0.966927 -6.30241e-06
    outer loop
      vertex -9.03653 35 11.3509
      vertex -8.78373 35.0666 24
      vertex -9.24693 34.9445 11.6017
    endloop
  endfacet
  facet normal 0.254757 -0.967005 0
    outer loop
      vertex -9.03653 35 10.4728
      vertex -8.78373 35.0666 24
      vertex -9.03653 35 11.3509
    endloop
  endfacet
  facet normal 0.255017 -0.966937 0
    outer loop
      vertex -9.03653 35 9.4
      vertex -9.25 34.9437 10.2937
      vertex -9.25 34.9437 9.4
    endloop
  endfacet
  facet normal 0.255017 -0.966937 0
    outer loop
      vertex -9.25 34.9437 10.2937
      vertex -9.03653 35 9.4
      vertex -9.03653 35 10.4728
    endloop
  endfacet
  facet normal 0.254757 -0.967005 0
    outer loop
      vertex -8.78373 35.0666 2
      vertex -9.03653 35 10.4728
      vertex -9.03653 35 9.4
    endloop
  endfacet
  facet normal 0.254757 -0.967005 0
    outer loop
      vertex -8.78373 35.0666 2
      vertex -9.03653 35 9.4
      vertex -9.03653 35 7.78445
    endloop
  endfacet
  facet normal 0.254876 -0.966974 0
    outer loop
      vertex -8.78373 35.0666 2
      vertex -9.25 34.9437 7.61739
      vertex -9.25 34.9437 2
    endloop
  endfacet
  facet normal 0.254757 -0.967005 0
    outer loop
      vertex -9.03653 35 10.4728
      vertex -8.78373 35.0666 2
      vertex -8.78373 35.0666 24
    endloop
  endfacet
  facet normal 0.255009 -0.966939 1.17649e-05
    outer loop
      vertex -9.25 34.9437 7.61739
      vertex -8.78373 35.0666 2
      vertex -9.03653 35 7.78445
    endloop
  endfacet
  facet normal -0.919145 0.393919 0
    outer loop
      vertex 33.0487 -14.6495 2
      vertex 33.3982 -13.834 24
      vertex 33.3982 -13.834 2
    endloop
  endfacet
  facet normal -0.919145 0.393919 0
    outer loop
      vertex 33.3982 -13.834 24
      vertex 33.0487 -14.6495 2
      vertex 33.0487 -14.6495 24
    endloop
  endfacet
  facet normal 0.348404 -0.937344 0
    outer loop
      vertex -13.0102 33.7277 2
      vertex -12.1786 34.0368 24
      vertex -13.0102 33.7277 24
    endloop
  endfacet
  facet normal 0.348404 -0.937344 0
    outer loop
      vertex -12.1786 34.0368 24
      vertex -13.0102 33.7277 2
      vertex -12.1786 34.0368 2
    endloop
  endfacet
  facet normal 0.325275 -0.945619 0
    outer loop
      vertex -12.1786 34.0368 2
      vertex -11.3396 34.3254 24
      vertex -12.1786 34.0368 24
    endloop
  endfacet
  facet normal 0.325275 -0.945619 0
    outer loop
      vertex -11.3396 34.3254 24
      vertex -12.1786 34.0368 2
      vertex -11.3396 34.3254 2
    endloop
  endfacet
  facet normal 0.231057 -0.97294 0
    outer loop
      vertex -8.78373 35.0666 2
      vertex -7.92051 35.2716 24
      vertex -8.78373 35.0666 24
    endloop
  endfacet
  facet normal 0.231057 -0.97294 0
    outer loop
      vertex -7.92051 35.2716 24
      vertex -8.78373 35.0666 2
      vertex -7.92051 35.2716 2
    endloop
  endfacet
  facet normal -0.158811 -0.987309 0
    outer loop
      vertex 5.30431 35.7587 2
      vertex 6.18027 35.6178 24
      vertex 5.30431 35.7587 24
    endloop
  endfacet
  facet normal -0.158811 -0.987309 -0
    outer loop
      vertex 6.18027 35.6178 24
      vertex 5.30431 35.7587 2
      vertex 6.18027 35.6178 2
    endloop
  endfacet
  facet normal 0.278506 -0.960434 0
    outer loop
      vertex -10.4938 34.5934 24
      vertex -9.64167 34.8405 11.2704
      vertex -9.64167 34.8405 24
    endloop
  endfacet
  facet normal 0.278506 -0.960434 0
    outer loop
      vertex -10.4938 34.5934 11
      vertex -9.64167 34.8405 11.2704
      vertex -10.4938 34.5934 24
    endloop
  endfacet
  facet normal 0.27844 -0.960454 0.000226762
    outer loop
      vertex -9.64167 34.8405 11.2704
      vertex -10.4938 34.5934 11
      vertex -9.96397 34.747 11
    endloop
  endfacet
  facet normal 0.898692 0.438581 0
    outer loop
      vertex -32.2901 -16.2534 24
      vertex -32.6792 -15.4561 2
      vertex -32.6792 -15.4561 24
    endloop
  endfacet
  facet normal 0.898692 0.438581 0
    outer loop
      vertex -32.6792 -15.4561 2
      vertex -32.2901 -16.2534 24
      vertex -32.2901 -16.2534 2
    endloop
  endfacet
  facet normal -0.134576 0.990903 0
    outer loop
      vertex 5.30431 -35.7587 2
      vertex 4.42515 -35.8781 24
      vertex 5.30431 -35.7587 24
    endloop
  endfacet
  facet normal -0.134576 0.990903 0
    outer loop
      vertex 4.42515 -35.8781 24
      vertex 5.30431 -35.7587 2
      vertex 4.42515 -35.8781 2
    endloop
  endfacet
  facet normal 0.698375 0.715732 -0
    outer loop
      vertex -24.9269 -26.1815 2
      vertex -25.5619 -25.5619 24
      vertex -24.9269 -26.1815 24
    endloop
  endfacet
  facet normal 0.698375 0.715732 0
    outer loop
      vertex -25.5619 -25.5619 24
      vertex -24.9269 -26.1815 2
      vertex -25.5619 -25.5619 2
    endloop
  endfacet
  facet normal -0.18304 -0.983106 0
    outer loop
      vertex 6.18027 35.6178 2
      vertex 7.05252 35.4554 24
      vertex 6.18027 35.6178 24
    endloop
  endfacet
  facet normal -0.18304 -0.983106 -0
    outer loop
      vertex 7.05252 35.4554 24
      vertex 6.18027 35.6178 2
      vertex 7.05252 35.4554 2
    endloop
  endfacet
  facet normal -0.11023 -0.993906 0
    outer loop
      vertex 4.42515 35.8781 2
      vertex 3.54332 35.9759 6.76769
      vertex 3.54332 35.9759 2
    endloop
  endfacet
  facet normal -0.109247 -0.994015 0.000183928
    outer loop
      vertex 3.54332 35.9759 6.76769
      vertex 4.42515 35.8781 2
      vertex 3.60796 35.9688 6.79082
    endloop
  endfacet
  facet normal -0.110226 -0.993907 1.50026e-05
    outer loop
      vertex 3.60796 35.9688 6.79082
      vertex 4.42515 35.8781 2
      vertex 3.77208 35.9506 6.86845
    endloop
  endfacet
  facet normal -0.110411 -0.993886 -1.02062e-05
    outer loop
      vertex 3.77208 35.9506 6.86845
      vertex 4.42515 35.8781 2
      vertex 3.9278 35.9333 6.96178
    endloop
  endfacet
  facet normal -0.110402 -0.993887 -9.27448e-06
    outer loop
      vertex 3.9278 35.9333 6.96178
      vertex 4.42515 35.8781 2
      vertex 4.07363 35.9171 7.06993
    endloop
  endfacet
  facet normal -0.110102 -0.99392 1.1836e-05
    outer loop
      vertex 4.07363 35.9171 7.06993
      vertex 4.42515 35.8781 2
      vertex 4.20815 35.9022 7.19185
    endloop
  endfacet
  facet normal -0.11007 -0.993924 1.31666e-05
    outer loop
      vertex 4.20815 35.9022 7.19185
      vertex 4.42515 35.8781 2
      vertex 4.33007 35.8887 7.32637
    endloop
  endfacet
  facet normal -0.110799 -0.993843 0
    outer loop
      vertex 4.33007 35.8887 7.32637
      vertex 4.42515 35.8781 2
      vertex 4.42515 35.8781 7.45457
    endloop
  endfacet
  facet normal -0.11023 -0.993906 0
    outer loop
      vertex 3.54332 35.9759 10.2323
      vertex 4.42515 35.8781 24
      vertex 3.54332 35.9759 24
    endloop
  endfacet
  facet normal -0.109206 -0.994019 -6.63896e-05
    outer loop
      vertex 3.60796 35.9688 10.2092
      vertex 4.42515 35.8781 24
      vertex 3.54332 35.9759 10.2323
    endloop
  endfacet
  facet normal -0.110221 -0.993907 -5.4788e-06
    outer loop
      vertex 3.77208 35.9506 10.1316
      vertex 4.42515 35.8781 24
      vertex 3.60796 35.9688 10.2092
    endloop
  endfacet
  facet normal -0.110415 -0.993886 3.76458e-06
    outer loop
      vertex 3.9278 35.9333 10.0382
      vertex 4.42515 35.8781 24
      vertex 3.77208 35.9506 10.1316
    endloop
  endfacet
  facet normal -0.110407 -0.993887 3.44988e-06
    outer loop
      vertex 4.07363 35.9171 9.93007
      vertex 4.42515 35.8781 24
      vertex 3.9278 35.9333 10.0382
    endloop
  endfacet
  facet normal -0.110095 -0.993921 -4.43262e-06
    outer loop
      vertex 4.20815 35.9022 9.80815
      vertex 4.42515 35.8781 24
      vertex 4.07363 35.9171 9.93007
    endloop
  endfacet
  facet normal -0.110061 -0.993925 -4.95533e-06
    outer loop
      vertex 4.33007 35.8887 9.67363
      vertex 4.42515 35.8781 24
      vertex 4.20815 35.9022 9.80815
    endloop
  endfacet
  facet normal -0.110799 -0.993843 -0
    outer loop
      vertex 4.42515 35.8781 24
      vertex 4.33007 35.8887 9.67363
      vertex 4.42515 35.8781 9.54543
    endloop
  endfacet
  facet normal 0.932903 0.360127 0
    outer loop
      vertex -33.7277 -13.0102 24
      vertex -38.75 0 2
      vertex -38.75 0 24
    endloop
  endfacet
  facet normal 0.932903 0.360127 0
    outer loop
      vertex -38.75 0 2
      vertex -33.7277 -13.0102 24
      vertex -33.7277 -13.0102 2
    endloop
  endfacet
  facet normal 0.928484 0.371371 0
    outer loop
      vertex -33.3982 -13.834 24
      vertex -33.7277 -13.0102 2
      vertex -33.7277 -13.0102 24
    endloop
  endfacet
  facet normal 0.928484 0.371371 0
    outer loop
      vertex -33.7277 -13.0102 2
      vertex -33.3982 -13.834 24
      vertex -33.3982 -13.834 2
    endloop
  endfacet
  facet normal -0.0857726 0.996315 0
    outer loop
      vertex 3.54332 -35.9759 2
      vertex 2.65936 -36.052 24
      vertex 3.54332 -35.9759 24
    endloop
  endfacet
  facet normal -0.0857726 0.996315 0
    outer loop
      vertex 2.65936 -36.052 24
      vertex 3.54332 -35.9759 2
      vertex 2.65936 -36.052 2
    endloop
  endfacet
  facet normal 0.20716 -0.978307 0
    outer loop
      vertex -7.92051 35.2716 2
      vertex -7.05252 35.4554 24
      vertex -7.92051 35.2716 24
    endloop
  endfacet
  facet normal 0.20716 -0.978307 0
    outer loop
      vertex -7.05252 35.4554 24
      vertex -7.92051 35.2716 2
      vertex -7.05252 35.4554 2
    endloop
  endfacet
  facet normal -0.0857041 -0.996321 -0
    outer loop
      vertex 2.65936 36.052 6.65
      vertex 2.65936 36.052 2
      vertex 2.9 36.0313 6.65
    endloop
  endfacet
  facet normal -0.0857144 -0.99632 5.36636e-07
    outer loop
      vertex 2.65936 36.052 2
      vertex 3.08133 36.0157 6.65891
      vertex 2.9 36.0313 6.65
    endloop
  endfacet
  facet normal -0.0857726 -0.996315 5.84707e-06
    outer loop
      vertex 3.54332 35.9759 2
      vertex 3.08133 36.0157 6.65891
      vertex 2.65936 36.052 2
    endloop
  endfacet
  facet normal -0.0859858 -0.996296 -1.54467e-05
    outer loop
      vertex 3.08133 36.0157 6.65891
      vertex 3.54332 35.9759 2
      vertex 3.26092 36.0002 6.68555
    endloop
  endfacet
  facet normal -0.0854329 -0.996344 1.81194e-05
    outer loop
      vertex 3.26092 36.0002 6.68555
      vertex 3.54332 35.9759 2
      vertex 3.43703 35.9851 6.72966
    endloop
  endfacet
  facet normal -0.0862332 -0.996275 0
    outer loop
      vertex 3.43703 35.9851 6.72966
      vertex 3.54332 35.9759 2
      vertex 3.54332 35.9759 6.76769
    endloop
  endfacet
  facet normal -0.0857041 -0.996321 0
    outer loop
      vertex 2.9 36.0313 10.35
      vertex 2.65936 36.052 24
      vertex 2.65936 36.052 10.35
    endloop
  endfacet
  facet normal -0.0857726 -0.996315 -1.21645e-06
    outer loop
      vertex 2.65936 36.052 24
      vertex 2.9 36.0313 10.35
      vertex 3.54332 35.9759 24
    endloop
  endfacet
  facet normal -0.0857146 -0.99632 -3.97182e-06
    outer loop
      vertex 3.08133 36.0157 10.3411
      vertex 3.54332 35.9759 24
      vertex 2.9 36.0313 10.35
    endloop
  endfacet
  facet normal -0.0859872 -0.996296 5.31955e-06
    outer loop
      vertex 3.26092 36.0002 10.3145
      vertex 3.54332 35.9759 24
      vertex 3.08133 36.0157 10.3411
    endloop
  endfacet
  facet normal -0.08543 -0.996344 -6.26479e-06
    outer loop
      vertex 3.43703 35.9851 10.2703
      vertex 3.54332 35.9759 24
      vertex 3.26092 36.0002 10.3145
    endloop
  endfacet
  facet normal -0.0862332 -0.996275 -0
    outer loop
      vertex 3.54332 35.9759 24
      vertex 3.43703 35.9851 10.2703
      vertex 3.54332 35.9759 10.2323
    endloop
  endfacet
  facet normal 0.0367434 0.999325 -0
    outer loop
      vertex -0.887165 -36.1391 2
      vertex -1.7738 -36.1065 24
      vertex -0.887165 -36.1391 24
    endloop
  endfacet
  facet normal 0.0367434 0.999325 0
    outer loop
      vertex -1.7738 -36.1065 24
      vertex -0.887165 -36.1391 2
      vertex -1.7738 -36.1065 2
    endloop
  endfacet
  facet normal -0.394561 -0.91887 0
    outer loop
      vertex 14.6495 33.0487 2
      vertex 38.75 22.7 24
      vertex 14.6495 33.0487 24
    endloop
  endfacet
  facet normal -0.394561 -0.91887 -0
    outer loop
      vertex 38.75 22.7 24
      vertex 14.6495 33.0487 2
      vertex 38.75 22.7 2
    endloop
  endfacet
  facet normal -0.20716 -0.978307 0
    outer loop
      vertex 7.05252 35.4554 2
      vertex 7.92051 35.2716 24
      vertex 7.05252 35.4554 24
    endloop
  endfacet
  facet normal -0.20716 -0.978307 -0
    outer loop
      vertex 7.92051 35.2716 24
      vertex 7.05252 35.4554 2
      vertex 7.92051 35.2716 2
    endloop
  endfacet
  facet normal 0.0122854 -0.999925 0
    outer loop
      vertex -0.887165 36.1391 2
      vertex 0 36.15 6.65
      vertex -0.887165 36.1391 6.65
    endloop
  endfacet
  facet normal 0.0122854 -0.999925 0
    outer loop
      vertex 0 36.15 6.65
      vertex -0.887165 36.1391 2
      vertex 0 36.15 2
    endloop
  endfacet
  facet normal 0.0122854 -0.999925 0
    outer loop
      vertex -0.887165 36.1391 10.35
      vertex 0 36.15 24
      vertex -0.887165 36.1391 24
    endloop
  endfacet
  facet normal 0.0122854 -0.999925 0
    outer loop
      vertex 0 36.15 24
      vertex -0.887165 36.1391 10.35
      vertex 0 36.15 10.35
    endloop
  endfacet
  facet normal -0.302059 -0.953289 0
    outer loop
      vertex 10.4938 34.5934 11
      vertex 11.3396 34.3254 24
      vertex 10.4938 34.5934 24
    endloop
  endfacet
  facet normal -0.302048 -0.953293 -7.68018e-07
    outer loop
      vertex 11.25 34.3538 11
      vertex 11.3396 34.3254 24
      vertex 10.4938 34.5934 11
    endloop
  endfacet
  facet normal -0.30215 -0.953261 0
    outer loop
      vertex 11.3396 34.3254 2
      vertex 11.25 34.3538 11
      vertex 11.25 34.3538 2
    endloop
  endfacet
  facet normal -0.30215 -0.953261 0
    outer loop
      vertex 11.25 34.3538 11
      vertex 11.3396 34.3254 2
      vertex 11.3396 34.3254 24
    endloop
  endfacet
  facet normal -0.278506 -0.960434 0
    outer loop
      vertex 9.64167 34.8405 11.2704
      vertex 10.4938 34.5934 24
      vertex 9.64167 34.8405 24
    endloop
  endfacet
  facet normal -0.27844 -0.960454 0.000226762
    outer loop
      vertex 10.4938 34.5934 11
      vertex 9.64167 34.8405 11.2704
      vertex 9.96397 34.747 11
    endloop
  endfacet
  facet normal -0.278506 -0.960434 0
    outer loop
      vertex 9.64167 34.8405 11.2704
      vertex 10.4938 34.5934 11
      vertex 10.4938 34.5934 24
    endloop
  endfacet
  facet normal -0.863987 0.503514 0
    outer loop
      vertex 31.0069 -18.5848 2
      vertex 31.4536 -17.8183 24
      vertex 31.4536 -17.8183 2
    endloop
  endfacet
  facet normal -0.863987 0.503514 0
    outer loop
      vertex 31.4536 -17.8183 24
      vertex 31.0069 -18.5848 2
      vertex 31.0069 -18.5848 24
    endloop
  endfacet
  facet normal 0.876033 0.482252 0
    outer loop
      vertex -31.4536 -17.8183 24
      vertex -31.8815 -17.041 2
      vertex -31.8815 -17.041 24
    endloop
  endfacet
  facet normal 0.876033 0.482252 0
    outer loop
      vertex -31.8815 -17.041 2
      vertex -31.4536 -17.8183 24
      vertex -31.4536 -17.8183 2
    endloop
  endfacet
  facet normal 0.765192 0.643802 0
    outer loop
      vertex -27.3731 -23.6122 24
      vertex -27.9443 -22.9333 2
      vertex -27.9443 -22.9333 24
    endloop
  endfacet
  facet normal 0.765192 0.643802 0
    outer loop
      vertex -27.9443 -22.9333 2
      vertex -27.3731 -23.6122 24
      vertex -27.3731 -23.6122 2
    endloop
  endfacet
  facet normal -0.393919 0.919145 0
    outer loop
      vertex 14.6495 -33.0487 2
      vertex 13.834 -33.3982 24
      vertex 14.6495 -33.0487 24
    endloop
  endfacet
  facet normal -0.393919 0.919145 0
    outer loop
      vertex 13.834 -33.3982 24
      vertex 14.6495 -33.0487 2
      vertex 13.834 -33.3982 2
    endloop
  endfacet
  facet normal -0.765192 0.643802 0
    outer loop
      vertex 27.3731 -23.6122 2
      vertex 27.9443 -22.9333 24
      vertex 27.9443 -22.9333 2
    endloop
  endfacet
  facet normal -0.765192 0.643802 0
    outer loop
      vertex 27.9443 -22.9333 24
      vertex 27.3731 -23.6122 2
      vertex 27.3731 -23.6122 24
    endloop
  endfacet
  facet normal -0.715732 0.698375 0
    outer loop
      vertex 25.5619 -25.5619 2
      vertex 26.1815 -24.9269 24
      vertex 26.1815 -24.9269 2
    endloop
  endfacet
  facet normal -0.715732 0.698375 0
    outer loop
      vertex 26.1815 -24.9269 24
      vertex 25.5619 -25.5619 2
      vertex 25.5619 -25.5619 24
    endloop
  endfacet
  facet normal 0.325275 0.945619 -0
    outer loop
      vertex -11.3396 -34.3254 2
      vertex -12.1786 -34.0368 24
      vertex -11.3396 -34.3254 24
    endloop
  endfacet
  facet normal 0.325275 0.945619 0
    outer loop
      vertex -12.1786 -34.0368 24
      vertex -11.3396 -34.3254 2
      vertex -12.1786 -34.0368 2
    endloop
  endfacet
  facet normal 0.18304 -0.983106 0
    outer loop
      vertex -7.05252 35.4554 2
      vertex -6.18027 35.6178 24
      vertex -7.05252 35.4554 24
    endloop
  endfacet
  facet normal 0.18304 -0.983106 0
    outer loop
      vertex -6.18027 35.6178 24
      vertex -7.05252 35.4554 2
      vertex -6.18027 35.6178 2
    endloop
  endfacet
  facet normal 0.732609 0.68065 0
    outer loop
      vertex -26.1815 -24.9269 24
      vertex -26.7854 -24.2769 2
      vertex -26.7854 -24.2769 24
    endloop
  endfacet
  facet normal 0.732609 0.68065 0
    outer loop
      vertex -26.7854 -24.2769 2
      vertex -26.1815 -24.9269 24
      vertex -26.1815 -24.9269 2
    endloop
  endfacet
  facet normal 0.207079 0.978324 -0
    outer loop
      vertex -7.05252 -35.4554 2
      vertex -7.25 -35.4136 11.6174
      vertex -7.05252 -35.4554 11.7719
    endloop
  endfacet
  facet normal 0.207079 0.978324 0
    outer loop
      vertex -7.25 -35.4136 11.6174
      vertex -7.05252 -35.4554 2
      vertex -7.25 -35.4136 2
    endloop
  endfacet
  facet normal 0.20716 0.978307 3.84229e-06
    outer loop
      vertex -7.05252 -35.4554 24
      vertex -7.24693 -35.4142 15.6017
      vertex -7.92051 -35.2716 24
    endloop
  endfacet
  facet normal 0.207319 0.978273 0
    outer loop
      vertex -7.24693 -35.4142 15.6017
      vertex -7.05252 -35.4554 24
      vertex -7.05252 -35.4554 15.37
    endloop
  endfacet
  facet normal 0.207114 0.978317 0
    outer loop
      vertex -7.92051 -35.2716 24
      vertex -7.24693 -35.4142 15.6017
      vertex -7.92051 -35.2716 15.0365
    endloop
  endfacet
  facet normal 0.207079 0.978324 -0
    outer loop
      vertex -7.05252 -35.4554 13.4
      vertex -7.25 -35.4136 14.2937
      vertex -7.05252 -35.4554 14.4594
    endloop
  endfacet
  facet normal 0.207079 0.978324 0
    outer loop
      vertex -7.25 -35.4136 14.2937
      vertex -7.05252 -35.4554 13.4
      vertex -7.25 -35.4136 13.4
    endloop
  endfacet
  facet normal -0.0614268 0.998112 0
    outer loop
      vertex 2.65936 -36.052 2
      vertex 1.7738 -36.1065 24
      vertex 2.65936 -36.052 24
    endloop
  endfacet
  facet normal -0.0614268 0.998112 0
    outer loop
      vertex 1.7738 -36.1065 24
      vertex 2.65936 -36.052 2
      vertex 1.7738 -36.1065 2
    endloop
  endfacet
  facet normal -0.438581 0.898692 0
    outer loop
      vertex 16.2534 -32.2901 2
      vertex 15.4561 -32.6792 24
      vertex 16.2534 -32.2901 24
    endloop
  endfacet
  facet normal -0.438581 0.898692 0
    outer loop
      vertex 15.4561 -32.6792 24
      vertex 16.2534 -32.2901 2
      vertex 15.4561 -32.6792 2
    endloop
  endfacet
  facet normal 0.919145 0.393919 0
    outer loop
      vertex -33.0487 -14.6495 24
      vertex -33.3982 -13.834 2
      vertex -33.3982 -13.834 24
    endloop
  endfacet
  facet normal 0.919145 0.393919 0
    outer loop
      vertex -33.3982 -13.834 2
      vertex -33.0487 -14.6495 24
      vertex -33.0487 -14.6495 2
    endloop
  endfacet
  facet normal -0.909147 0.416476 0
    outer loop
      vertex 32.6792 -15.4561 2
      vertex 33.0487 -14.6495 24
      vertex 33.0487 -14.6495 2
    endloop
  endfacet
  facet normal -0.909147 0.416476 0
    outer loop
      vertex 33.0487 -14.6495 24
      vertex 32.6792 -15.4561 2
      vertex 32.6792 -15.4561 24
    endloop
  endfacet
  facet normal 0.909147 0.416476 0
    outer loop
      vertex -32.6792 -15.4561 24
      vertex -33.0487 -14.6495 2
      vertex -33.0487 -14.6495 24
    endloop
  endfacet
  facet normal 0.909147 0.416476 0
    outer loop
      vertex -33.0487 -14.6495 2
      vertex -32.6792 -15.4561 24
      vertex -32.6792 -15.4561 2
    endloop
  endfacet
  facet normal 0.416476 0.909147 -0
    outer loop
      vertex -14.6495 -33.0487 2
      vertex -15.4561 -32.6792 24
      vertex -14.6495 -33.0487 24
    endloop
  endfacet
  facet normal 0.416476 0.909147 0
    outer loop
      vertex -15.4561 -32.6792 24
      vertex -14.6495 -33.0487 2
      vertex -15.4561 -32.6792 2
    endloop
  endfacet
  facet normal -0.62486 0.780737 0
    outer loop
      vertex 22.9333 -27.9443 2
      vertex 22.2406 -28.4987 24
      vertex 22.9333 -27.9443 24
    endloop
  endfacet
  facet normal -0.62486 0.780737 0
    outer loop
      vertex 22.2406 -28.4987 24
      vertex 22.9333 -27.9443 2
      vertex 22.2406 -28.4987 2
    endloop
  endfacet
  facet normal -0.325275 0.945619 0
    outer loop
      vertex 12.1786 -34.0368 2
      vertex 11.3396 -34.3254 24
      vertex 12.1786 -34.0368 24
    endloop
  endfacet
  facet normal -0.325275 0.945619 0
    outer loop
      vertex 11.3396 -34.3254 24
      vertex 12.1786 -34.0368 2
      vertex 11.3396 -34.3254 2
    endloop
  endfacet
  facet normal 0.503514 0.863987 -0
    outer loop
      vertex -17.8183 -31.4536 2
      vertex -18.5848 -31.0069 24
      vertex -17.8183 -31.4536 24
    endloop
  endfacet
  facet normal 0.503514 0.863987 0
    outer loop
      vertex -18.5848 -31.0069 24
      vertex -17.8183 -31.4536 2
      vertex -18.5848 -31.0069 2
    endloop
  endfacet
  facet normal 0.795802 0.605558 0
    outer loop
      vertex -28.4987 -22.2406 24
      vertex -29.036 -21.5345 2
      vertex -29.036 -21.5345 24
    endloop
  endfacet
  facet normal 0.795802 0.605558 0
    outer loop
      vertex -29.036 -21.5345 2
      vertex -28.4987 -22.2406 24
      vertex -28.4987 -22.2406 2
    endloop
  endfacet
  facet normal 0.585803 0.810453 -0
    outer loop
      vertex -20.8155 -29.5557 2
      vertex -21.5345 -29.036 24
      vertex -20.8155 -29.5557 24
    endloop
  endfacet
  facet normal 0.585803 0.810453 0
    outer loop
      vertex -21.5345 -29.036 24
      vertex -20.8155 -29.5557 2
      vertex -21.5345 -29.036 2
    endloop
  endfacet
  facet normal -0.18304 0.983106 0
    outer loop
      vertex 7.05252 -35.4554 15.37
      vertex 6.18027 -35.6178 24
      vertex 7.05252 -35.4554 24
    endloop
  endfacet
  facet normal -0.183074 0.983099 -3.61958e-06
    outer loop
      vertex 6.60414 -35.5389 14.8356
      vertex 6.18027 -35.6178 24
      vertex 7.05252 -35.4554 15.37
    endloop
  endfacet
  facet normal -0.183019 0.983109 0
    outer loop
      vertex 6.25 -35.6048 13.4
      vertex 7.05252 -35.4554 14.4594
      vertex 7.05252 -35.4554 13.4
    endloop
  endfacet
  facet normal -0.183055 0.983103 2.84053e-05
    outer loop
      vertex 7.05252 -35.4554 14.4594
      vertex 6.25 -35.6048 13.4
      vertex 6.60414 -35.5389 14.8356
    endloop
  endfacet
  facet normal -0.182953 0.983122 2.19711e-06
    outer loop
      vertex 6.25 -35.6048 13.4
      vertex 6.18027 -35.6178 24
      vertex 6.60414 -35.5389 14.8356
    endloop
  endfacet
  facet normal -0.183276 0.983062 0
    outer loop
      vertex 6.25 -35.6048 12.4
      vertex 6.18027 -35.6178 24
      vertex 6.25 -35.6048 13.4
    endloop
  endfacet
  facet normal -0.18304 0.983106 0
    outer loop
      vertex 6.18027 -35.6178 2
      vertex 7.05252 -35.4554 11.7719
      vertex 7.05252 -35.4554 2
    endloop
  endfacet
  facet normal -0.183276 0.983062 0
    outer loop
      vertex 6.25 -35.6048 12.4
      vertex 6.18027 -35.6178 2
      vertex 6.18027 -35.6178 24
    endloop
  endfacet
  facet normal -0.18302 0.983109 -1.76913e-06
    outer loop
      vertex 7.05252 -35.4554 11.7719
      vertex 6.18027 -35.6178 2
      vertex 6.25 -35.6048 12.4
    endloop
  endfacet
  facet normal 0.0614268 0.998112 -0
    outer loop
      vertex -1.7738 -36.1065 2
      vertex -2.65936 -36.052 24
      vertex -1.7738 -36.1065 24
    endloop
  endfacet
  facet normal 0.0614268 0.998112 0
    outer loop
      vertex -2.65936 -36.052 24
      vertex -1.7738 -36.1065 2
      vertex -2.65936 -36.052 2
    endloop
  endfacet
  facet normal -0.11023 0.993906 0
    outer loop
      vertex 4.42515 -35.8781 2
      vertex 3.54332 -35.9759 24
      vertex 4.42515 -35.8781 24
    endloop
  endfacet
  facet normal -0.11023 0.993906 0
    outer loop
      vertex 3.54332 -35.9759 24
      vertex 4.42515 -35.8781 2
      vertex 3.54332 -35.9759 2
    endloop
  endfacet
  facet normal 0.0857726 0.996315 -0
    outer loop
      vertex -2.65936 -36.052 2
      vertex -3.54332 -35.9759 24
      vertex -2.65936 -36.052 24
    endloop
  endfacet
  facet normal 0.0857726 0.996315 0
    outer loop
      vertex -3.54332 -35.9759 24
      vertex -2.65936 -36.052 2
      vertex -3.54332 -35.9759 2
    endloop
  endfacet
  facet normal -0.371371 0.928484 0
    outer loop
      vertex 13.834 -33.3982 2
      vertex 13.0102 -33.7277 24
      vertex 13.834 -33.3982 24
    endloop
  endfacet
  facet normal -0.371371 0.928484 0
    outer loop
      vertex 13.0102 -33.7277 24
      vertex 13.834 -33.3982 2
      vertex 13.0102 -33.7277 2
    endloop
  endfacet
  facet normal 0.254876 0.966974 0
    outer loop
      vertex -9.25 -34.9437 15
      vertex -8.78373 -35.0666 24
      vertex -8.78373 -35.0666 15
    endloop
  endfacet
  facet normal 0.254837 0.966984 2.15138e-06
    outer loop
      vertex -8.78373 -35.0666 24
      vertex -9.25 -34.9437 15
      vertex -9.64167 -34.8405 24
    endloop
  endfacet
  facet normal 0.254791 0.966996 0
    outer loop
      vertex -9.64167 -34.8405 2
      vertex -9.25 -34.9437 15
      vertex -9.25 -34.9437 2
    endloop
  endfacet
  facet normal 0.254791 0.966996 0
    outer loop
      vertex -9.25 -34.9437 15
      vertex -9.64167 -34.8405 2
      vertex -9.64167 -34.8405 24
    endloop
  endfacet
  facet normal -0.932903 0.360127 0
    outer loop
      vertex 33.7277 -13.0102 2
      vertex 38.75 0 24
      vertex 38.75 0 2
    endloop
  endfacet
  facet normal -0.932903 0.360127 0
    outer loop
      vertex 38.75 0 24
      vertex 33.7277 -13.0102 2
      vertex 33.7277 -13.0102 24
    endloop
  endfacet
  facet normal 0.348404 0.937344 -0
    outer loop
      vertex -12.1786 -34.0368 2
      vertex -13.0102 -33.7277 24
      vertex -12.1786 -34.0368 24
    endloop
  endfacet
  facet normal 0.348404 0.937344 0
    outer loop
      vertex -13.0102 -33.7277 24
      vertex -12.1786 -34.0368 2
      vertex -13.0102 -33.7277 2
    endloop
  endfacet
  facet normal -0.887656 0.460508 0
    outer loop
      vertex 31.8815 -17.041 2
      vertex 32.2901 -16.2534 24
      vertex 32.2901 -16.2534 2
    endloop
  endfacet
  facet normal -0.887656 0.460508 0
    outer loop
      vertex 32.2901 -16.2534 24
      vertex 31.8815 -17.041 2
      vertex 31.8815 -17.041 24
    endloop
  endfacet
  facet normal -0.565706 0.824607 0
    outer loop
      vertex 20.8155 -29.5557 2
      vertex 20.0839 -30.0576 24
      vertex 20.8155 -29.5557 24
    endloop
  endfacet
  facet normal -0.565706 0.824607 0
    outer loop
      vertex 20.0839 -30.0576 24
      vertex 20.8155 -29.5557 2
      vertex 20.0839 -30.0576 2
    endloop
  endfacet
  facet normal -0.54538 0.838189 0
    outer loop
      vertex 20.0839 -30.0576 2
      vertex 19.3402 -30.5415 24
      vertex 20.0839 -30.0576 24
    endloop
  endfacet
  facet normal -0.54538 0.838189 0
    outer loop
      vertex 19.3402 -30.5415 24
      vertex 20.0839 -30.0576 2
      vertex 19.3402 -30.5415 2
    endloop
  endfacet
  facet normal -0.207079 0.978324 0
    outer loop
      vertex 7.05252 -35.4554 2
      vertex 7.25 -35.4136 11.6174
      vertex 7.25 -35.4136 2
    endloop
  endfacet
  facet normal -0.207079 0.978324 0
    outer loop
      vertex 7.25 -35.4136 11.6174
      vertex 7.05252 -35.4554 2
      vertex 7.05252 -35.4554 11.7719
    endloop
  endfacet
  facet normal -0.20716 0.978307 3.84229e-06
    outer loop
      vertex 7.92051 -35.2716 24
      vertex 7.24693 -35.4142 15.6017
      vertex 7.05252 -35.4554 24
    endloop
  endfacet
  facet normal -0.207114 0.978317 0
    outer loop
      vertex 7.24693 -35.4142 15.6017
      vertex 7.92051 -35.2716 24
      vertex 7.92051 -35.2716 15.0365
    endloop
  endfacet
  facet normal -0.207319 0.978273 0
    outer loop
      vertex 7.05252 -35.4554 24
      vertex 7.24693 -35.4142 15.6017
      vertex 7.05252 -35.4554 15.37
    endloop
  endfacet
  facet normal -0.207079 0.978324 0
    outer loop
      vertex 7.05252 -35.4554 13.4
      vertex 7.25 -35.4136 14.2937
      vertex 7.25 -35.4136 13.4
    endloop
  endfacet
  facet normal -0.207079 0.978324 0
    outer loop
      vertex 7.25 -35.4136 14.2937
      vertex 7.05252 -35.4554 13.4
      vertex 7.05252 -35.4554 14.4594
    endloop
  endfacet
  facet normal 0.851387 0.524538 0
    outer loop
      vertex -30.5415 -19.3402 24
      vertex -31.0069 -18.5848 2
      vertex -31.0069 -18.5848 24
    endloop
  endfacet
  facet normal 0.851387 0.524538 0
    outer loop
      vertex -31.0069 -18.5848 2
      vertex -30.5415 -19.3402 24
      vertex -30.5415 -19.3402 2
    endloop
  endfacet
  facet normal -0.876033 0.482252 0
    outer loop
      vertex 31.4536 -17.8183 2
      vertex 31.8815 -17.041 24
      vertex 31.8815 -17.041 2
    endloop
  endfacet
  facet normal -0.876033 0.482252 0
    outer loop
      vertex 31.8815 -17.041 24
      vertex 31.4536 -17.8183 2
      vertex 31.4536 -17.8183 24
    endloop
  endfacet
  facet normal -0.824607 0.565706 0
    outer loop
      vertex 29.5557 -20.8155 2
      vertex 30.0576 -20.0839 24
      vertex 30.0576 -20.0839 2
    endloop
  endfacet
  facet normal -0.824607 0.565706 0
    outer loop
      vertex 30.0576 -20.0839 24
      vertex 29.5557 -20.8155 2
      vertex 29.5557 -20.8155 24
    endloop
  endfacet
  facet normal -0.698375 0.715732 0
    outer loop
      vertex 25.5619 -25.5619 2
      vertex 24.9269 -26.1815 24
      vertex 25.5619 -25.5619 24
    endloop
  endfacet
  facet normal -0.698375 0.715732 0
    outer loop
      vertex 24.9269 -26.1815 24
      vertex 25.5619 -25.5619 2
      vertex 24.9269 -26.1815 2
    endloop
  endfacet
  facet normal -0.0614268 -0.998112 0
    outer loop
      vertex 1.7738 36.1065 2
      vertex 2.65936 36.052 6.65
      vertex 1.7738 36.1065 6.65
    endloop
  endfacet
  facet normal -0.0614268 -0.998112 -0
    outer loop
      vertex 2.65936 36.052 6.65
      vertex 1.7738 36.1065 2
      vertex 2.65936 36.052 2
    endloop
  endfacet
  facet normal -0.0614268 -0.998112 0
    outer loop
      vertex 1.7738 36.1065 10.35
      vertex 2.65936 36.052 24
      vertex 1.7738 36.1065 24
    endloop
  endfacet
  facet normal -0.0614268 -0.998112 -0
    outer loop
      vertex 2.65936 36.052 24
      vertex 1.7738 36.1065 10.35
      vertex 2.65936 36.052 10.35
    endloop
  endfacet
  facet normal 0.824607 0.565706 0
    outer loop
      vertex -29.5557 -20.8155 24
      vertex -30.0576 -20.0839 2
      vertex -30.0576 -20.0839 24
    endloop
  endfacet
  facet normal 0.824607 0.565706 0
    outer loop
      vertex -30.0576 -20.0839 2
      vertex -29.5557 -20.8155 24
      vertex -29.5557 -20.8155 2
    endloop
  endfacet
  facet normal -0.254837 0.966984 2.15138e-06
    outer loop
      vertex 9.64167 -34.8405 24
      vertex 9.25 -34.9437 15
      vertex 8.78373 -35.0666 24
    endloop
  endfacet
  facet normal -0.254791 0.966996 0
    outer loop
      vertex 9.64167 -34.8405 2
      vertex 9.25 -34.9437 15
      vertex 9.64167 -34.8405 24
    endloop
  endfacet
  facet normal -0.254791 0.966996 0
    outer loop
      vertex 9.25 -34.9437 15
      vertex 9.64167 -34.8405 2
      vertex 9.25 -34.9437 2
    endloop
  endfacet
  facet normal -0.254876 0.966974 0
    outer loop
      vertex 8.78373 -35.0666 24
      vertex 9.25 -34.9437 15
      vertex 8.78373 -35.0666 15
    endloop
  endfacet
  facet normal -0.460508 0.887656 0
    outer loop
      vertex 17.041 -31.8815 2
      vertex 16.2534 -32.2901 24
      vertex 17.041 -31.8815 24
    endloop
  endfacet
  facet normal -0.460508 0.887656 0
    outer loop
      vertex 16.2534 -32.2901 24
      vertex 17.041 -31.8815 2
      vertex 16.2534 -32.2901 2
    endloop
  endfacet
  facet normal -0.605558 0.795802 0
    outer loop
      vertex 22.2406 -28.4987 2
      vertex 21.5345 -29.036 24
      vertex 22.2406 -28.4987 24
    endloop
  endfacet
  facet normal -0.605558 0.795802 0
    outer loop
      vertex 21.5345 -29.036 24
      vertex 22.2406 -28.4987 2
      vertex 21.5345 -29.036 2
    endloop
  endfacet
  facet normal 0.278506 0.960434 -0
    outer loop
      vertex -9.64167 -34.8405 2
      vertex -10.4938 -34.5934 24
      vertex -9.64167 -34.8405 24
    endloop
  endfacet
  facet normal 0.278506 0.960434 0
    outer loop
      vertex -10.4938 -34.5934 24
      vertex -9.64167 -34.8405 2
      vertex -10.4938 -34.5934 2
    endloop
  endfacet
  facet normal -0.416476 0.909147 0
    outer loop
      vertex 15.4561 -32.6792 2
      vertex 14.6495 -33.0487 24
      vertex 15.4561 -32.6792 24
    endloop
  endfacet
  facet normal -0.416476 0.909147 0
    outer loop
      vertex 14.6495 -33.0487 24
      vertex 15.4561 -32.6792 2
      vertex 14.6495 -33.0487 2
    endloop
  endfacet
  facet normal 0.524538 0.851387 -0
    outer loop
      vertex -18.5848 -31.0069 2
      vertex -19.3402 -30.5415 24
      vertex -18.5848 -31.0069 24
    endloop
  endfacet
  facet normal 0.524538 0.851387 0
    outer loop
      vertex -19.3402 -30.5415 24
      vertex -18.5848 -31.0069 2
      vertex -19.3402 -30.5415 2
    endloop
  endfacet
  facet normal 0.62486 0.780737 -0
    outer loop
      vertex -22.2406 -28.4987 2
      vertex -22.9333 -27.9443 24
      vertex -22.2406 -28.4987 24
    endloop
  endfacet
  facet normal 0.62486 0.780737 0
    outer loop
      vertex -22.9333 -27.9443 24
      vertex -22.2406 -28.4987 2
      vertex -22.9333 -27.9443 2
    endloop
  endfacet
  facet normal 0.838189 0.54538 0
    outer loop
      vertex -30.0576 -20.0839 24
      vertex -30.5415 -19.3402 2
      vertex -30.5415 -19.3402 24
    endloop
  endfacet
  facet normal 0.838189 0.54538 0
    outer loop
      vertex -30.5415 -19.3402 2
      vertex -30.0576 -20.0839 24
      vertex -30.0576 -20.0839 2
    endloop
  endfacet
  facet normal 0.393919 0.919145 -0
    outer loop
      vertex -13.834 -33.3982 2
      vertex -14.6495 -33.0487 24
      vertex -13.834 -33.3982 24
    endloop
  endfacet
  facet normal 0.393919 0.919145 0
    outer loop
      vertex -14.6495 -33.0487 24
      vertex -13.834 -33.3982 2
      vertex -14.6495 -33.0487 2
    endloop
  endfacet
  facet normal -0.585803 0.810453 0
    outer loop
      vertex 21.5345 -29.036 2
      vertex 20.8155 -29.5557 24
      vertex 21.5345 -29.036 24
    endloop
  endfacet
  facet normal -0.585803 0.810453 0
    outer loop
      vertex 20.8155 -29.5557 24
      vertex 21.5345 -29.036 2
      vertex 20.8155 -29.5557 2
    endloop
  endfacet
  facet normal 0.0122854 0.999925 -0
    outer loop
      vertex 0 -36.15 2
      vertex -0.887165 -36.1391 24
      vertex 0 -36.15 24
    endloop
  endfacet
  facet normal 0.0122854 0.999925 0
    outer loop
      vertex -0.887165 -36.1391 24
      vertex 0 -36.15 2
      vertex -0.887165 -36.1391 2
    endloop
  endfacet
  facet normal 0.715732 0.698375 0
    outer loop
      vertex -25.5619 -25.5619 24
      vertex -26.1815 -24.9269 2
      vertex -26.1815 -24.9269 24
    endloop
  endfacet
  facet normal 0.715732 0.698375 0
    outer loop
      vertex -26.1815 -24.9269 2
      vertex -25.5619 -25.5619 24
      vertex -25.5619 -25.5619 2
    endloop
  endfacet
  facet normal -0.749166 0.662382 0
    outer loop
      vertex 26.7854 -24.2769 2
      vertex 27.3731 -23.6122 24
      vertex 27.3731 -23.6122 2
    endloop
  endfacet
  facet normal -0.749166 0.662382 0
    outer loop
      vertex 27.3731 -23.6122 24
      vertex 26.7854 -24.2769 2
      vertex 26.7854 -24.2769 24
    endloop
  endfacet
  facet normal 0.110799 -0.993843 0
    outer loop
      vertex -4.42515 35.8781 2
      vertex -4.33007 35.8887 7.32637
      vertex -4.42515 35.8781 7.45457
    endloop
  endfacet
  facet normal 0.11007 -0.993924 1.31666e-05
    outer loop
      vertex -4.42515 35.8781 2
      vertex -4.20815 35.9022 7.19185
      vertex -4.33007 35.8887 7.32637
    endloop
  endfacet
  facet normal 0.110102 -0.99392 1.1836e-05
    outer loop
      vertex -4.42515 35.8781 2
      vertex -4.07363 35.9171 7.06993
      vertex -4.20815 35.9022 7.19185
    endloop
  endfacet
  facet normal 0.110402 -0.993887 -9.27448e-06
    outer loop
      vertex -4.42515 35.8781 2
      vertex -3.9278 35.9333 6.96178
      vertex -4.07363 35.9171 7.06993
    endloop
  endfacet
  facet normal 0.110411 -0.993886 -1.02062e-05
    outer loop
      vertex -4.42515 35.8781 2
      vertex -3.77208 35.9506 6.86845
      vertex -3.9278 35.9333 6.96178
    endloop
  endfacet
  facet normal 0.110226 -0.993907 1.50026e-05
    outer loop
      vertex -4.42515 35.8781 2
      vertex -3.60796 35.9688 6.79082
      vertex -3.77208 35.9506 6.86845
    endloop
  endfacet
  facet normal 0.109247 -0.994015 0.000183928
    outer loop
      vertex -4.42515 35.8781 2
      vertex -3.54332 35.9759 6.76769
      vertex -3.60796 35.9688 6.79082
    endloop
  endfacet
  facet normal 0.11023 -0.993906 0
    outer loop
      vertex -3.54332 35.9759 6.76769
      vertex -4.42515 35.8781 2
      vertex -3.54332 35.9759 2
    endloop
  endfacet
  facet normal 0.11023 -0.993906 0
    outer loop
      vertex -4.42515 35.8781 24
      vertex -3.54332 35.9759 10.2323
      vertex -3.54332 35.9759 24
    endloop
  endfacet
  facet normal 0.109206 -0.994019 -6.63896e-05
    outer loop
      vertex -4.42515 35.8781 24
      vertex -3.60796 35.9688 10.2092
      vertex -3.54332 35.9759 10.2323
    endloop
  endfacet
  facet normal 0.110221 -0.993907 -5.4788e-06
    outer loop
      vertex -4.42515 35.8781 24
      vertex -3.77208 35.9506 10.1316
      vertex -3.60796 35.9688 10.2092
    endloop
  endfacet
  facet normal 0.110415 -0.993886 3.76458e-06
    outer loop
      vertex -4.42515 35.8781 24
      vertex -3.9278 35.9333 10.0382
      vertex -3.77208 35.9506 10.1316
    endloop
  endfacet
  facet normal 0.110407 -0.993887 3.44988e-06
    outer loop
      vertex -4.42515 35.8781 24
      vertex -4.07363 35.9171 9.93007
      vertex -3.9278 35.9333 10.0382
    endloop
  endfacet
  facet normal 0.110095 -0.993921 -4.43262e-06
    outer loop
      vertex -4.42515 35.8781 24
      vertex -4.20815 35.9022 9.80815
      vertex -4.07363 35.9171 9.93007
    endloop
  endfacet
  facet normal 0.110061 -0.993925 -4.95533e-06
    outer loop
      vertex -4.42515 35.8781 24
      vertex -4.33007 35.8887 9.67363
      vertex -4.20815 35.9022 9.80815
    endloop
  endfacet
  facet normal 0.110799 -0.993843 0
    outer loop
      vertex -4.33007 35.8887 9.67363
      vertex -4.42515 35.8781 24
      vertex -4.42515 35.8781 9.54543
    endloop
  endfacet
  facet normal 0.68065 0.732609 -0
    outer loop
      vertex -24.2769 -26.7854 2
      vertex -24.9269 -26.1815 24
      vertex -24.2769 -26.7854 24
    endloop
  endfacet
  facet normal 0.68065 0.732609 0
    outer loop
      vertex -24.9269 -26.1815 24
      vertex -24.2769 -26.7854 2
      vertex -24.9269 -26.1815 2
    endloop
  endfacet
  facet normal 0.134576 -0.990903 0
    outer loop
      vertex -5.30431 35.7587 24
      vertex -4.42515 35.8781 9.54543
      vertex -4.42515 35.8781 24
    endloop
  endfacet
  facet normal 0.129407 -0.991592 -0.000320081
    outer loop
      vertex -5.30431 35.7587 24
      vertex -4.43822 35.8764 9.5278
      vertex -4.42515 35.8781 9.54543
    endloop
  endfacet
  facet normal 0.134818 -0.99087 9.60617e-06
    outer loop
      vertex -5.30431 35.7587 24
      vertex -4.53155 35.8637 9.37208
      vertex -4.43822 35.8764 9.5278
    endloop
  endfacet
  facet normal 0.135224 -0.990815 3.14781e-05
    outer loop
      vertex -5.30431 35.7587 24
      vertex -4.60918 35.8531 9.20796
      vertex -4.53155 35.8637 9.37208
    endloop
  endfacet
  facet normal 0.134487 -0.990915 -3.80004e-06
    outer loop
      vertex -5.30431 35.7587 24
      vertex -4.67034 35.8448 9.03703
      vertex -4.60918 35.8531 9.20796
    endloop
  endfacet
  facet normal 0.134752 -0.990879 7.63899e-06
    outer loop
      vertex -5.30431 35.7587 24
      vertex -4.71445 35.8388 8.86092
      vertex -4.67034 35.8448 9.03703
    endloop
  endfacet
  facet normal 0.134051 -0.990974 -2.01761e-05
    outer loop
      vertex -5.30431 35.7587 24
      vertex -4.74109 35.8352 8.68133
      vertex -4.71445 35.8388 8.86092
    endloop
  endfacet
  facet normal 0.133952 -0.990988 -2.38841e-05
    outer loop
      vertex -5.30431 35.7587 24
      vertex -4.75 35.834 8.5
      vertex -4.74109 35.8352 8.68133
    endloop
  endfacet
  facet normal 0.134608 -0.990899 0
    outer loop
      vertex -5.30431 35.7587 2
      vertex -4.75 35.834 8.5
      vertex -5.30431 35.7587 24
    endloop
  endfacet
  facet normal 0.134194 -0.990955 3.59721e-05
    outer loop
      vertex -5.30431 35.7587 2
      vertex -4.74109 35.8352 8.31867
      vertex -4.75 35.834 8.5
    endloop
  endfacet
  facet normal 0.13417 -0.990958 3.81265e-05
    outer loop
      vertex -5.30431 35.7587 2
      vertex -4.71445 35.8388 8.13908
      vertex -4.74109 35.8352 8.31867
    endloop
  endfacet
  facet normal 0.134721 -0.990884 -1.5733e-05
    outer loop
      vertex -5.30431 35.7587 2
      vertex -4.67034 35.8448 7.96297
      vertex -4.71445 35.8388 8.13908
    endloop
  endfacet
  facet normal 0.134499 -0.990914 8.22166e-06
    outer loop
      vertex -5.30431 35.7587 2
      vertex -4.60918 35.8531 7.79204
      vertex -4.67034 35.8448 7.96297
    endloop
  endfacet
  facet normal 0.135143 -0.990826 -7.04925e-05
    outer loop
      vertex -5.30431 35.7587 2
      vertex -4.53155 35.8637 7.62792
      vertex -4.60918 35.8531 7.79204
    endloop
  endfacet
  facet normal 0.134797 -0.990873 -2.21045e-05
    outer loop
      vertex -5.30431 35.7587 2
      vertex -4.43822 35.8764 7.47219
      vertex -4.53155 35.8637 7.62792
    endloop
  endfacet
  facet normal 0.129982 -0.991516 0.000753914
    outer loop
      vertex -5.30431 35.7587 2
      vertex -4.42515 35.8781 7.45457
      vertex -4.43822 35.8764 7.47219
    endloop
  endfacet
  facet normal 0.134576 -0.990903 0
    outer loop
      vertex -4.42515 35.8781 7.45457
      vertex -5.30431 35.7587 2
      vertex -4.42515 35.8781 2
    endloop
  endfacet
  facet normal -0.503514 0.863987 0
    outer loop
      vertex 18.5848 -31.0069 2
      vertex 17.8183 -31.4536 24
      vertex 18.5848 -31.0069 24
    endloop
  endfacet
  facet normal -0.503514 0.863987 0
    outer loop
      vertex 17.8183 -31.4536 24
      vertex 18.5848 -31.0069 2
      vertex 17.8183 -31.4536 2
    endloop
  endfacet
  facet normal -0.524538 0.851387 0
    outer loop
      vertex 19.3402 -30.5415 2
      vertex 18.5848 -31.0069 24
      vertex 19.3402 -30.5415 24
    endloop
  endfacet
  facet normal -0.524538 0.851387 0
    outer loop
      vertex 18.5848 -31.0069 24
      vertex 19.3402 -30.5415 2
      vertex 18.5848 -31.0069 2
    endloop
  endfacet
  facet normal -0.302059 0.953289 0
    outer loop
      vertex 11.3396 -34.3254 2
      vertex 10.4938 -34.5934 24
      vertex 11.3396 -34.3254 24
    endloop
  endfacet
  facet normal -0.302059 0.953289 0
    outer loop
      vertex 10.4938 -34.5934 24
      vertex 11.3396 -34.3254 2
      vertex 10.4938 -34.5934 2
    endloop
  endfacet
  facet normal -0.278506 0.960434 0
    outer loop
      vertex 10.4938 -34.5934 2
      vertex 9.64167 -34.8405 24
      vertex 10.4938 -34.5934 24
    endloop
  endfacet
  facet normal -0.278506 0.960434 0
    outer loop
      vertex 9.64167 -34.8405 24
      vertex 10.4938 -34.5934 2
      vertex 9.64167 -34.8405 2
    endloop
  endfacet
  facet normal -0.810453 0.585803 0
    outer loop
      vertex 29.036 -21.5345 2
      vertex 29.5557 -20.8155 24
      vertex 29.5557 -20.8155 2
    endloop
  endfacet
  facet normal -0.810453 0.585803 0
    outer loop
      vertex 29.5557 -20.8155 24
      vertex 29.036 -21.5345 2
      vertex 29.036 -21.5345 24
    endloop
  endfacet
  facet normal -0.780737 0.62486 0
    outer loop
      vertex 27.9443 -22.9333 2
      vertex 28.4987 -22.2406 24
      vertex 28.4987 -22.2406 2
    endloop
  endfacet
  facet normal -0.780737 0.62486 0
    outer loop
      vertex 28.4987 -22.2406 24
      vertex 27.9443 -22.9333 2
      vertex 27.9443 -22.9333 24
    endloop
  endfacet
  facet normal -0.482252 0.876033 0
    outer loop
      vertex 17.8183 -31.4536 2
      vertex 17.041 -31.8815 24
      vertex 17.8183 -31.4536 24
    endloop
  endfacet
  facet normal -0.482252 0.876033 0
    outer loop
      vertex 17.041 -31.8815 24
      vertex 17.8183 -31.4536 2
      vertex 17.041 -31.8815 2
    endloop
  endfacet
  facet normal -0.898692 0.438581 0
    outer loop
      vertex 32.2901 -16.2534 2
      vertex 32.6792 -15.4561 24
      vertex 32.6792 -15.4561 2
    endloop
  endfacet
  facet normal -0.898692 0.438581 0
    outer loop
      vertex 32.6792 -15.4561 24
      vertex 32.2901 -16.2534 2
      vertex 32.2901 -16.2534 24
    endloop
  endfacet
  facet normal -0.231057 0.97294 0
    outer loop
      vertex 8.78373 -35.0666 24
      vertex 7.92051 -35.2716 15.0365
      vertex 7.92051 -35.2716 24
    endloop
  endfacet
  facet normal -0.231057 0.97294 0
    outer loop
      vertex 8.78373 -35.0666 15
      vertex 7.92051 -35.2716 15.0365
      vertex 8.78373 -35.0666 24
    endloop
  endfacet
  facet normal -0.23108 0.972935 -0.000589655
    outer loop
      vertex 7.92051 -35.2716 15.0365
      vertex 8.78373 -35.0666 15
      vertex 7.96397 -35.2613 15
    endloop
  endfacet
  facet normal 0.662382 0.749166 -0
    outer loop
      vertex -23.6122 -27.3731 2
      vertex -24.2769 -26.7854 24
      vertex -23.6122 -27.3731 24
    endloop
  endfacet
  facet normal 0.662382 0.749166 0
    outer loop
      vertex -24.2769 -26.7854 24
      vertex -23.6122 -27.3731 2
      vertex -24.2769 -26.7854 2
    endloop
  endfacet
  facet normal 0.605558 0.795802 -0
    outer loop
      vertex -21.5345 -29.036 2
      vertex -22.2406 -28.4987 24
      vertex -21.5345 -29.036 24
    endloop
  endfacet
  facet normal 0.605558 0.795802 0
    outer loop
      vertex -22.2406 -28.4987 24
      vertex -21.5345 -29.036 2
      vertex -22.2406 -28.4987 2
    endloop
  endfacet
  facet normal 0.643802 0.765192 -0
    outer loop
      vertex -22.9333 -27.9443 2
      vertex -23.6122 -27.3731 24
      vertex -22.9333 -27.9443 24
    endloop
  endfacet
  facet normal 0.643802 0.765192 0
    outer loop
      vertex -23.6122 -27.3731 24
      vertex -22.9333 -27.9443 2
      vertex -23.6122 -27.3731 2
    endloop
  endfacet
  facet normal 0.863987 0.503514 0
    outer loop
      vertex -31.0069 -18.5848 24
      vertex -31.4536 -17.8183 2
      vertex -31.4536 -17.8183 24
    endloop
  endfacet
  facet normal 0.863987 0.503514 0
    outer loop
      vertex -31.4536 -17.8183 2
      vertex -31.0069 -18.5848 24
      vertex -31.0069 -18.5848 2
    endloop
  endfacet
  facet normal 0.749166 0.662382 0
    outer loop
      vertex -26.7854 -24.2769 24
      vertex -27.3731 -23.6122 2
      vertex -27.3731 -23.6122 24
    endloop
  endfacet
  facet normal 0.749166 0.662382 0
    outer loop
      vertex -27.3731 -23.6122 2
      vertex -26.7854 -24.2769 24
      vertex -26.7854 -24.2769 2
    endloop
  endfacet
  facet normal -0.0367434 0.999325 0
    outer loop
      vertex 1.7738 -36.1065 2
      vertex 0.887165 -36.1391 24
      vertex 1.7738 -36.1065 24
    endloop
  endfacet
  facet normal -0.0367434 0.999325 0
    outer loop
      vertex 0.887165 -36.1391 24
      vertex 1.7738 -36.1065 2
      vertex 0.887165 -36.1391 2
    endloop
  endfacet
  facet normal 0.371371 0.928484 -0
    outer loop
      vertex -13.0102 -33.7277 2
      vertex -13.834 -33.3982 24
      vertex -13.0102 -33.7277 24
    endloop
  endfacet
  facet normal 0.371371 0.928484 0
    outer loop
      vertex -13.834 -33.3982 24
      vertex -13.0102 -33.7277 2
      vertex -13.834 -33.3982 2
    endloop
  endfacet
  facet normal 0.565706 0.824607 -0
    outer loop
      vertex -20.0839 -30.0576 2
      vertex -20.8155 -29.5557 24
      vertex -20.0839 -30.0576 24
    endloop
  endfacet
  facet normal 0.565706 0.824607 0
    outer loop
      vertex -20.8155 -29.5557 24
      vertex -20.0839 -30.0576 2
      vertex -20.8155 -29.5557 2
    endloop
  endfacet
  facet normal 0.231057 0.97294 -0
    outer loop
      vertex -7.92051 -35.2716 15.0365
      vertex -8.78373 -35.0666 24
      vertex -7.92051 -35.2716 24
    endloop
  endfacet
  facet normal 0.23108 0.972935 -0.000589655
    outer loop
      vertex -8.78373 -35.0666 15
      vertex -7.92051 -35.2716 15.0365
      vertex -7.96397 -35.2613 15
    endloop
  endfacet
  facet normal 0.231057 0.97294 0
    outer loop
      vertex -7.92051 -35.2716 15.0365
      vertex -8.78373 -35.0666 15
      vertex -8.78373 -35.0666 24
    endloop
  endfacet
  facet normal 0.780737 0.62486 0
    outer loop
      vertex -27.9443 -22.9333 24
      vertex -28.4987 -22.2406 2
      vertex -28.4987 -22.2406 24
    endloop
  endfacet
  facet normal 0.780737 0.62486 0
    outer loop
      vertex -28.4987 -22.2406 2
      vertex -27.9443 -22.9333 24
      vertex -27.9443 -22.9333 2
    endloop
  endfacet
  facet normal 0.18304 0.983106 0
    outer loop
      vertex -6.18027 -35.6178 24
      vertex -7.05252 -35.4554 15.37
      vertex -7.05252 -35.4554 24
    endloop
  endfacet
  facet normal 0.183074 0.983099 -3.61958e-06
    outer loop
      vertex -6.18027 -35.6178 24
      vertex -6.60414 -35.5389 14.8356
      vertex -7.05252 -35.4554 15.37
    endloop
  endfacet
  facet normal 0.183055 0.983103 2.84053e-05
    outer loop
      vertex -6.60414 -35.5389 14.8356
      vertex -6.25 -35.6048 13.4
      vertex -7.05252 -35.4554 14.4594
    endloop
  endfacet
  facet normal 0.182953 0.983122 2.19711e-06
    outer loop
      vertex -6.18027 -35.6178 24
      vertex -6.25 -35.6048 13.4
      vertex -6.60414 -35.5389 14.8356
    endloop
  endfacet
  facet normal 0.183276 0.983062 0
    outer loop
      vertex -6.18027 -35.6178 24
      vertex -6.25 -35.6048 12.4
      vertex -6.25 -35.6048 13.4
    endloop
  endfacet
  facet normal 0.183276 0.983062 -0
    outer loop
      vertex -6.18027 -35.6178 2
      vertex -6.25 -35.6048 12.4
      vertex -6.18027 -35.6178 24
    endloop
  endfacet
  facet normal 0.18302 0.983109 -1.76913e-06
    outer loop
      vertex -6.18027 -35.6178 2
      vertex -7.05252 -35.4554 11.7719
      vertex -6.25 -35.6048 12.4
    endloop
  endfacet
  facet normal 0.18304 0.983106 0
    outer loop
      vertex -7.05252 -35.4554 11.7719
      vertex -6.18027 -35.6178 2
      vertex -7.05252 -35.4554 2
    endloop
  endfacet
  facet normal 0.183019 0.983109 0
    outer loop
      vertex -7.05252 -35.4554 14.4594
      vertex -6.25 -35.6048 13.4
      vertex -7.05252 -35.4554 13.4
    endloop
  endfacet
  facet normal -0.348404 0.937344 0
    outer loop
      vertex 13.0102 -33.7277 2
      vertex 12.1786 -34.0368 24
      vertex 13.0102 -33.7277 24
    endloop
  endfacet
  facet normal -0.348404 0.937344 0
    outer loop
      vertex 12.1786 -34.0368 24
      vertex 13.0102 -33.7277 2
      vertex 12.1786 -34.0368 2
    endloop
  endfacet
  facet normal -0.0367434 -0.999325 0
    outer loop
      vertex 0.887165 36.1391 2
      vertex 1.7738 36.1065 6.65
      vertex 0.887165 36.1391 6.65
    endloop
  endfacet
  facet normal -0.0367434 -0.999325 -0
    outer loop
      vertex 1.7738 36.1065 6.65
      vertex 0.887165 36.1391 2
      vertex 1.7738 36.1065 2
    endloop
  endfacet
  facet normal -0.0367434 -0.999325 0
    outer loop
      vertex 0.887165 36.1391 10.35
      vertex 1.7738 36.1065 24
      vertex 0.887165 36.1391 24
    endloop
  endfacet
  facet normal -0.0367434 -0.999325 -0
    outer loop
      vertex 1.7738 36.1065 24
      vertex 0.887165 36.1391 10.35
      vertex 1.7738 36.1065 10.35
    endloop
  endfacet
  facet normal 0.438581 0.898692 -0
    outer loop
      vertex -15.4561 -32.6792 2
      vertex -16.2534 -32.2901 24
      vertex -15.4561 -32.6792 24
    endloop
  endfacet
  facet normal 0.438581 0.898692 0
    outer loop
      vertex -16.2534 -32.2901 24
      vertex -15.4561 -32.6792 2
      vertex -16.2534 -32.2901 2
    endloop
  endfacet
  facet normal 0.158811 0.987309 -0
    outer loop
      vertex -5.30431 -35.7587 2
      vertex -6.18027 -35.6178 24
      vertex -5.30431 -35.7587 24
    endloop
  endfacet
  facet normal 0.158811 0.987309 0
    outer loop
      vertex -6.18027 -35.6178 24
      vertex -5.30431 -35.7587 2
      vertex -6.18027 -35.6178 2
    endloop
  endfacet
  facet normal 0 0 1
    outer loop
      vertex -33.5 -0.9 2
      vertex -34.6475 2.15291 2
      vertex -34.64 2 2
    endloop
  endfacet
  facet normal 0 0 1
    outer loop
      vertex -34.5587 16.603 2
      vertex -34.67 2.30434 2
      vertex -34.6475 2.15291 2
    endloop
  endfacet
  facet normal 0 0 1
    outer loop
      vertex -34.8242 2.73538 2
      vertex -34.6242 16.4646 2
      vertex -34.7029 16.3333 2
    endloop
  endfacet
  facet normal 0 0 1
    outer loop
      vertex -34.5587 16.603 2
      vertex -34.7072 2.45284 2
      vertex -34.67 2.30434 2
    endloop
  endfacet
  facet normal 0 0 1
    outer loop
      vertex -34.5587 16.603 2
      vertex -34.7587 2.59699 2
      vertex -34.7072 2.45284 2
    endloop
  endfacet
  facet normal 0 0 1
    outer loop
      vertex -34.9029 2.86669 2
      vertex -34.7029 16.3333 2
      vertex -34.7941 16.2103 2
    endloop
  endfacet
  facet normal 0 0 1
    outer loop
      vertex -34.6242 16.4646 2
      vertex -34.8242 2.73538 2
      vertex -34.7587 2.59699 2
    endloop
  endfacet
  facet normal 0 0 1
    outer loop
      vertex -34.9941 2.98965 2
      vertex -34.7941 16.2103 2
      vertex -34.8969 16.0969 2
    endloop
  endfacet
  facet normal 0 0 1
    outer loop
      vertex -34.7029 16.3333 2
      vertex -34.9029 2.86669 2
      vertex -34.8242 2.73538 2
    endloop
  endfacet
  facet normal 0 0 1
    outer loop
      vertex -34.7941 16.2103 2
      vertex -34.9941 2.98965 2
      vertex -34.9029 2.86669 2
    endloop
  endfacet
  facet normal 0 0 1
    outer loop
      vertex -35.0969 3.10309 2
      vertex -34.8969 16.0969 2
      vertex -35.0103 15.9941 2
    endloop
  endfacet
  facet normal 0 0 1
    outer loop
      vertex -34.8969 16.0969 2
      vertex -35.0969 3.10309 2
      vertex -34.9941 2.98965 2
    endloop
  endfacet
  facet normal 0 0 1
    outer loop
      vertex -35.2103 3.2059 2
      vertex -35.0103 15.9941 2
      vertex -35.1333 15.9029 2
    endloop
  endfacet
  facet normal 0 0 1
    outer loop
      vertex -35.0103 15.9941 2
      vertex -35.2103 3.2059 2
      vertex -35.0969 3.10309 2
    endloop
  endfacet
  facet normal 0 0 1
    outer loop
      vertex -35.3333 3.29709 2
      vertex -35.1333 15.9029 2
      vertex -35.2646 15.8242 2
    endloop
  endfacet
  facet normal 0 0 1
    outer loop
      vertex -35.1333 15.9029 2
      vertex -35.3333 3.29709 2
      vertex -35.2103 3.2059 2
    endloop
  endfacet
  facet normal 0 0 1
    outer loop
      vertex -35.4646 3.3758 2
      vertex -35.2646 15.8242 2
      vertex -35.403 15.7587 2
    endloop
  endfacet
  facet normal 0 0 1
    outer loop
      vertex -35.2646 15.8242 2
      vertex -35.4646 3.3758 2
      vertex -35.3333 3.29709 2
    endloop
  endfacet
  facet normal 0 0 1
    outer loop
      vertex -35.603 3.44125 2
      vertex -35.403 15.7587 2
      vertex -35.5472 15.7072 2
    endloop
  endfacet
  facet normal 0 0 1
    outer loop
      vertex -35.403 15.7587 2
      vertex -35.603 3.44125 2
      vertex -35.4646 3.3758 2
    endloop
  endfacet
  facet normal 0 0 1
    outer loop
      vertex -35.7472 3.49283 2
      vertex -35.5472 15.7072 2
      vertex -35.6957 15.67 2
    endloop
  endfacet
  facet normal 0 0 1
    outer loop
      vertex -35.5472 15.7072 2
      vertex -35.7472 3.49283 2
      vertex -35.603 3.44125 2
    endloop
  endfacet
  facet normal 0 0 1
    outer loop
      vertex -35.8957 3.53002 2
      vertex -35.6957 15.67 2
      vertex -35.8471 15.6475 2
    endloop
  endfacet
  facet normal 0 0 1
    outer loop
      vertex -35.6957 15.67 2
      vertex -35.8957 3.53002 2
      vertex -35.7472 3.49283 2
    endloop
  endfacet
  facet normal 0 0 1
    outer loop
      vertex -36.0471 3.55249 2
      vertex -35.8471 15.6475 2
      vertex -36 15.64 2
    endloop
  endfacet
  facet normal 0 0 1
    outer loop
      vertex -35.8471 15.6475 2
      vertex -36.0471 3.55249 2
      vertex -35.8957 3.53002 2
    endloop
  endfacet
  facet normal 0 0 1
    outer loop
      vertex -36.2 3.56 2
      vertex -36 15.64 2
      vertex -36.1529 15.6475 2
    endloop
  endfacet
  facet normal 0 0 1
    outer loop
      vertex -36 15.64 2
      vertex -36.2 3.56 2
      vertex -36.0471 3.55249 2
    endloop
  endfacet
  facet normal 0 0 1
    outer loop
      vertex -36.3529 3.55249 2
      vertex -36.1529 15.6475 2
      vertex -36.3043 15.67 2
    endloop
  endfacet
  facet normal 0 0 1
    outer loop
      vertex -36.1529 15.6475 2
      vertex -36.3529 3.55249 2
      vertex -36.2 3.56 2
    endloop
  endfacet
  facet normal 0 0 1
    outer loop
      vertex -36.5043 3.53002 2
      vertex -36.3043 15.67 2
      vertex -36.4528 15.7072 2
    endloop
  endfacet
  facet normal 0 0 1
    outer loop
      vertex -36.3043 15.67 2
      vertex -36.5043 3.53002 2
      vertex -36.3529 3.55249 2
    endloop
  endfacet
  facet normal 0 0 1
    outer loop
      vertex -36.6528 3.49283 2
      vertex -36.4528 15.7072 2
      vertex -36.597 15.7587 2
    endloop
  endfacet
  facet normal 0 0 1
    outer loop
      vertex -36.4528 15.7072 2
      vertex -36.6528 3.49283 2
      vertex -36.5043 3.53002 2
    endloop
  endfacet
  facet normal 0 0 1
    outer loop
      vertex -36.797 3.44125 2
      vertex -36.597 15.7587 2
      vertex -36.7354 15.8242 2
    endloop
  endfacet
  facet normal 0 0 1
    outer loop
      vertex -36.597 15.7587 2
      vertex -36.797 3.44125 2
      vertex -36.6528 3.49283 2
    endloop
  endfacet
  facet normal 0 0 1
    outer loop
      vertex -36.9354 3.3758 2
      vertex -36.7354 15.8242 2
      vertex -36.8667 15.9029 2
    endloop
  endfacet
  facet normal 0 0 1
    outer loop
      vertex -36.7354 15.8242 2
      vertex -36.9354 3.3758 2
      vertex -36.797 3.44125 2
    endloop
  endfacet
  facet normal 0 0 1
    outer loop
      vertex -37.0667 3.29709 2
      vertex -36.8667 15.9029 2
      vertex -36.9897 15.9941 2
    endloop
  endfacet
  facet normal 0 0 1
    outer loop
      vertex -36.8667 15.9029 2
      vertex -37.0667 3.29709 2
      vertex -36.9354 3.3758 2
    endloop
  endfacet
  facet normal 0 0 1
    outer loop
      vertex -37.1897 3.2059 2
      vertex -36.9897 15.9941 2
      vertex -37.1031 16.0969 2
    endloop
  endfacet
  facet normal 0 0 1
    outer loop
      vertex -36.9897 15.9941 2
      vertex -37.1897 3.2059 2
      vertex -37.0667 3.29709 2
    endloop
  endfacet
  facet normal 0 0 1
    outer loop
      vertex -37.3031 3.10309 2
      vertex -37.1031 16.0969 2
      vertex -37.2059 16.2103 2
    endloop
  endfacet
  facet normal 0 0 1
    outer loop
      vertex -37.4059 2.98965 2
      vertex -37.2059 16.2103 2
      vertex -37.2971 16.3333 2
    endloop
  endfacet
  facet normal 0 0 1
    outer loop
      vertex -37.1031 16.0969 2
      vertex -37.3031 3.10309 2
      vertex -37.1897 3.2059 2
    endloop
  endfacet
  facet normal 0 0 1
    outer loop
      vertex -37.4971 2.86669 2
      vertex -37.2971 16.3333 2
      vertex -37.3758 16.4646 2
    endloop
  endfacet
  facet normal 0 0 1
    outer loop
      vertex -37.2059 16.2103 2
      vertex -37.4059 2.98965 2
      vertex -37.3031 3.10309 2
    endloop
  endfacet
  facet normal 0 0 1
    outer loop
      vertex -37.5758 2.73538 2
      vertex -37.3758 16.4646 2
      vertex -37.4413 16.603 2
    endloop
  endfacet
  facet normal 0 0 1
    outer loop
      vertex -37.6413 2.59699 2
      vertex -37.4413 16.603 2
      vertex -37.4928 16.7472 2
    endloop
  endfacet
  facet normal 0 0 1
    outer loop
      vertex -37.2971 16.3333 2
      vertex -37.4971 2.86669 2
      vertex -37.4059 2.98965 2
    endloop
  endfacet
  facet normal 0 0 1
    outer loop
      vertex -38.75 0 2
      vertex -37.4928 16.7472 2
      vertex -37.53 16.8957 2
    endloop
  endfacet
  facet normal 0 0 1
    outer loop
      vertex -38.75 0 2
      vertex -37.53 16.8957 2
      vertex -37.5525 17.0471 2
    endloop
  endfacet
  facet normal 0 0 1
    outer loop
      vertex -38.75 22.7 2
      vertex -37.5525 17.0471 2
      vertex -37.56 17.2 2
    endloop
  endfacet
  facet normal 0 0 1
    outer loop
      vertex -37.3758 16.4646 2
      vertex -37.5758 2.73538 2
      vertex -37.4971 2.86669 2
    endloop
  endfacet
  facet normal 0 0 1
    outer loop
      vertex -11.506 26.2825 2
      vertex -11.25 34.3538 2
      vertex -11.3396 34.3254 2
    endloop
  endfacet
  facet normal 0 0 1
    outer loop
      vertex -11.25 34.3538 2
      vertex -11.506 26.2825 2
      vertex -11.25 26.1457 2
    endloop
  endfacet
  facet normal -0 0 1
    outer loop
      vertex -12.1786 34.0368 2
      vertex -11.506 26.2825 2
      vertex -11.3396 34.3254 2
    endloop
  endfacet
  facet normal 0 0 1
    outer loop
      vertex -11.506 26.2825 2
      vertex -12.1786 34.0368 2
      vertex -12.0913 26.4601 2
    endloop
  endfacet
  facet normal -0 0 1
    outer loop
      vertex -13.0102 33.7277 2
      vertex -12.0913 26.4601 2
      vertex -12.1786 34.0368 2
    endloop
  endfacet
  facet normal 0 0 1
    outer loop
      vertex -12.0913 26.4601 2
      vertex -13.0102 33.7277 2
      vertex -12.7 26.52 2
    endloop
  endfacet
  facet normal -0 0 1
    outer loop
      vertex -13.834 33.3982 2
      vertex -12.7 26.52 2
      vertex -13.0102 33.7277 2
    endloop
  endfacet
  facet normal -0 0 1
    outer loop
      vertex -14.6495 33.0487 2
      vertex -12.7 26.52 2
      vertex -13.834 33.3982 2
    endloop
  endfacet
  facet normal 0 0 1
    outer loop
      vertex -12.7 26.52 2
      vertex -14.6495 33.0487 2
      vertex -13.3087 26.4601 2
    endloop
  endfacet
  facet normal 0 0 1
    outer loop
      vertex -13.3087 26.4601 2
      vertex -14.6495 33.0487 2
      vertex -13.894 26.2825 2
    endloop
  endfacet
  facet normal 0 0 1
    outer loop
      vertex -13.894 26.2825 2
      vertex -14.6495 33.0487 2
      vertex -14.4334 25.9942 2
    endloop
  endfacet
  facet normal 0 0 1
    outer loop
      vertex -14.6495 33.0487 2
      vertex -14.9062 25.6062 2
      vertex -14.4334 25.9942 2
    endloop
  endfacet
  facet normal 0 0 1
    outer loop
      vertex -21.2938 25.4062 2
      vertex -14.9062 25.6062 2
      vertex -14.6495 33.0487 2
    endloop
  endfacet
  facet normal 0 0 1
    outer loop
      vertex -14.9062 25.6062 2
      vertex -21.2938 25.4062 2
      vertex -15.2942 25.1334 2
    endloop
  endfacet
  facet normal 0 -0 1
    outer loop
      vertex -20.9058 24.9334 2
      vertex -15.2942 25.1334 2
      vertex -21.2938 25.4062 2
    endloop
  endfacet
  facet normal -0 0 1
    outer loop
      vertex -20.4399 23.8087 2
      vertex -15.82 23.4 2
      vertex -15.76 24.0087 2
    endloop
  endfacet
  facet normal 0 0 1
    outer loop
      vertex -15.2942 25.1334 2
      vertex -20.9058 24.9334 2
      vertex -15.5825 24.594 2
    endloop
  endfacet
  facet normal 0 0 1
    outer loop
      vertex -15.82 23.4 2
      vertex -20.4399 23.8087 2
      vertex -20.38 23.2 2
    endloop
  endfacet
  facet normal 0 0 1
    outer loop
      vertex -15.76 24.0087 2
      vertex -20.6175 24.394 2
      vertex -20.4399 23.8087 2
    endloop
  endfacet
  facet normal 0 0 1
    outer loop
      vertex -15.5825 24.594 2
      vertex -20.6175 24.394 2
      vertex -15.76 24.0087 2
    endloop
  endfacet
  facet normal 0 -0 1
    outer loop
      vertex -20.6175 24.394 2
      vertex -15.5825 24.594 2
      vertex -20.9058 24.9334 2
    endloop
  endfacet
  facet normal 0 0 1
    outer loop
      vertex -14.6495 33.0487 2
      vertex -21.7666 25.7942 2
      vertex -21.2938 25.4062 2
    endloop
  endfacet
  facet normal 0 0 1
    outer loop
      vertex -14.6495 33.0487 2
      vertex -22.306 26.0825 2
      vertex -21.7666 25.7942 2
    endloop
  endfacet
  facet normal 0 0 1
    outer loop
      vertex -14.6495 33.0487 2
      vertex -22.8913 26.26 2
      vertex -22.306 26.0825 2
    endloop
  endfacet
  facet normal 0 0 1
    outer loop
      vertex -14.6495 33.0487 2
      vertex -23.5 26.32 2
      vertex -22.8913 26.26 2
    endloop
  endfacet
  facet normal 0 0 1
    outer loop
      vertex -14.6495 33.0487 2
      vertex -24.1087 26.26 2
      vertex -23.5 26.32 2
    endloop
  endfacet
  facet normal 0 0 1
    outer loop
      vertex -14.6495 33.0487 2
      vertex -24.694 26.0825 2
      vertex -24.1087 26.26 2
    endloop
  endfacet
  facet normal 0 0 1
    outer loop
      vertex -38.75 22.7 2
      vertex -24.694 26.0825 2
      vertex -14.6495 33.0487 2
    endloop
  endfacet
  facet normal 0 0 1
    outer loop
      vertex -26.5601 23.8087 2
      vertex -33.5 20.1 2
      vertex -26.62 23.2 2
    endloop
  endfacet
  facet normal 0 0 1
    outer loop
      vertex -26.3825 24.394 2
      vertex -33.5 20.1 2
      vertex -26.5601 23.8087 2
    endloop
  endfacet
  facet normal 0 0 1
    outer loop
      vertex -38.75 22.7 2
      vertex -26.3825 24.394 2
      vertex -26.0942 24.9334 2
    endloop
  endfacet
  facet normal 0 0 1
    outer loop
      vertex -38.75 22.7 2
      vertex -26.0942 24.9334 2
      vertex -25.7062 25.4062 2
    endloop
  endfacet
  facet normal 0 0 1
    outer loop
      vertex -38.75 22.7 2
      vertex -25.7062 25.4062 2
      vertex -25.2334 25.7942 2
    endloop
  endfacet
  facet normal -0 0 1
    outer loop
      vertex -34.47 16.8957 2
      vertex -33.5 -0.9 2
      vertex -33.5 20.1 2
    endloop
  endfacet
  facet normal 0 0 1
    outer loop
      vertex -34.4475 17.0471 2
      vertex -33.5 20.1 2
      vertex -34.44 17.2 2
    endloop
  endfacet
  facet normal 0 0 1
    outer loop
      vertex -33.5 20.1 2
      vertex -34.4475 17.3529 2
      vertex -34.44 17.2 2
    endloop
  endfacet
  facet normal 0 0 1
    outer loop
      vertex -33.5 20.1 2
      vertex -34.47 17.5043 2
      vertex -34.4475 17.3529 2
    endloop
  endfacet
  facet normal 0 0 1
    outer loop
      vertex -33.5 20.1 2
      vertex -34.5072 17.6528 2
      vertex -34.47 17.5043 2
    endloop
  endfacet
  facet normal 0 0 1
    outer loop
      vertex -33.5 20.1 2
      vertex -34.5587 17.797 2
      vertex -34.5072 17.6528 2
    endloop
  endfacet
  facet normal 0 0 1
    outer loop
      vertex -33.5 20.1 2
      vertex -34.6242 17.9354 2
      vertex -34.5587 17.797 2
    endloop
  endfacet
  facet normal 0 0 1
    outer loop
      vertex -33.5 20.1 2
      vertex -34.7029 18.0667 2
      vertex -34.6242 17.9354 2
    endloop
  endfacet
  facet normal 0 0 1
    outer loop
      vertex -33.5 20.1 2
      vertex -34.7941 18.1897 2
      vertex -34.7029 18.0667 2
    endloop
  endfacet
  facet normal 0 0 1
    outer loop
      vertex -33.5 20.1 2
      vertex -34.8969 18.3031 2
      vertex -34.7941 18.1897 2
    endloop
  endfacet
  facet normal 0 0 1
    outer loop
      vertex -33.5 20.1 2
      vertex -35.0103 18.4059 2
      vertex -34.8969 18.3031 2
    endloop
  endfacet
  facet normal 0 0 1
    outer loop
      vertex -33.5 20.1 2
      vertex -35.1333 18.4971 2
      vertex -35.0103 18.4059 2
    endloop
  endfacet
  facet normal 0 0 1
    outer loop
      vertex -33.5 20.1 2
      vertex -35.2646 18.5758 2
      vertex -35.1333 18.4971 2
    endloop
  endfacet
  facet normal 0 0 1
    outer loop
      vertex -33.5 20.1 2
      vertex -35.403 18.6413 2
      vertex -35.2646 18.5758 2
    endloop
  endfacet
  facet normal 0 0 1
    outer loop
      vertex -33.5 20.1 2
      vertex -35.5472 18.6928 2
      vertex -35.403 18.6413 2
    endloop
  endfacet
  facet normal 0 0 1
    outer loop
      vertex -26.3825 24.394 2
      vertex -38.75 22.7 2
      vertex -33.5 20.1 2
    endloop
  endfacet
  facet normal 0 -0 1
    outer loop
      vertex -36 18.76 2
      vertex -33.5 20.1 2
      vertex -38.75 22.7 2
    endloop
  endfacet
  facet normal 0 0 1
    outer loop
      vertex -24.694 26.0825 2
      vertex -38.75 22.7 2
      vertex -25.2334 25.7942 2
    endloop
  endfacet
  facet normal 0 0 1
    outer loop
      vertex -33.5 20.1 2
      vertex -35.6957 18.73 2
      vertex -35.5472 18.6928 2
    endloop
  endfacet
  facet normal 0 0 1
    outer loop
      vertex -33.5 20.1 2
      vertex -35.8471 18.7525 2
      vertex -35.6957 18.73 2
    endloop
  endfacet
  facet normal 0 0 1
    outer loop
      vertex -33.5 20.1 2
      vertex -36 18.76 2
      vertex -35.8471 18.7525 2
    endloop
  endfacet
  facet normal 0 0 1
    outer loop
      vertex -36 18.76 2
      vertex -38.75 22.7 2
      vertex -36.1529 18.7525 2
    endloop
  endfacet
  facet normal 0 0 1
    outer loop
      vertex -36.1529 18.7525 2
      vertex -38.75 22.7 2
      vertex -36.3043 18.73 2
    endloop
  endfacet
  facet normal 0 0 1
    outer loop
      vertex -36.3043 18.73 2
      vertex -38.75 22.7 2
      vertex -36.4528 18.6928 2
    endloop
  endfacet
  facet normal 0 0 1
    outer loop
      vertex -36.4528 18.6928 2
      vertex -38.75 22.7 2
      vertex -36.597 18.6413 2
    endloop
  endfacet
  facet normal 0 0 1
    outer loop
      vertex -36.597 18.6413 2
      vertex -38.75 22.7 2
      vertex -36.7354 18.5758 2
    endloop
  endfacet
  facet normal 0 0 1
    outer loop
      vertex -37.4413 16.603 2
      vertex -37.6413 2.59699 2
      vertex -37.5758 2.73538 2
    endloop
  endfacet
  facet normal 0 0 1
    outer loop
      vertex -37.4928 16.7472 2
      vertex -37.6928 2.45284 2
      vertex -37.6413 2.59699 2
    endloop
  endfacet
  facet normal 0 0 1
    outer loop
      vertex -37.4928 16.7472 2
      vertex -38.75 0 2
      vertex -37.6928 2.45284 2
    endloop
  endfacet
  facet normal 0 0 1
    outer loop
      vertex -37.6928 2.45284 2
      vertex -38.75 0 2
      vertex -37.73 2.30434 2
    endloop
  endfacet
  facet normal 0 0 1
    outer loop
      vertex -37.73 2.30434 2
      vertex -38.75 0 2
      vertex -37.7525 2.15291 2
    endloop
  endfacet
  facet normal 0 0 1
    outer loop
      vertex -37.5525 17.0471 2
      vertex -38.75 22.7 2
      vertex -38.75 0 2
    endloop
  endfacet
  facet normal 0 0 1
    outer loop
      vertex -37.5525 17.3529 2
      vertex -38.75 22.7 2
      vertex -37.56 17.2 2
    endloop
  endfacet
  facet normal 0 0 1
    outer loop
      vertex -37.53 17.5043 2
      vertex -38.75 22.7 2
      vertex -37.5525 17.3529 2
    endloop
  endfacet
  facet normal 0 0 1
    outer loop
      vertex -37.4928 17.6528 2
      vertex -38.75 22.7 2
      vertex -37.53 17.5043 2
    endloop
  endfacet
  facet normal 0 0 1
    outer loop
      vertex -37.4413 17.797 2
      vertex -38.75 22.7 2
      vertex -37.4928 17.6528 2
    endloop
  endfacet
  facet normal 0 0 1
    outer loop
      vertex -37.3758 17.9354 2
      vertex -38.75 22.7 2
      vertex -37.4413 17.797 2
    endloop
  endfacet
  facet normal 0 0 1
    outer loop
      vertex -37.2971 18.0667 2
      vertex -38.75 22.7 2
      vertex -37.3758 17.9354 2
    endloop
  endfacet
  facet normal 0 0 1
    outer loop
      vertex -37.2059 18.1897 2
      vertex -38.75 22.7 2
      vertex -37.2971 18.0667 2
    endloop
  endfacet
  facet normal 0 0 1
    outer loop
      vertex -37.1031 18.3031 2
      vertex -38.75 22.7 2
      vertex -37.2059 18.1897 2
    endloop
  endfacet
  facet normal 0 0 1
    outer loop
      vertex -36.9897 18.4059 2
      vertex -38.75 22.7 2
      vertex -37.1031 18.3031 2
    endloop
  endfacet
  facet normal 0 0 1
    outer loop
      vertex -36.8667 18.4971 2
      vertex -38.75 22.7 2
      vertex -36.9897 18.4059 2
    endloop
  endfacet
  facet normal 0 0 1
    outer loop
      vertex -36.7354 18.5758 2
      vertex -38.75 22.7 2
      vertex -36.8667 18.4971 2
    endloop
  endfacet
  facet normal 0 0 1
    outer loop
      vertex 38.75 0 2
      vertex 33.5 -0.9 2
      vertex 33.7277 -13.0102 2
    endloop
  endfacet
  facet normal -0 0 1
    outer loop
      vertex 7.05 -10.4 2
      vertex 33.7277 -13.0102 2
      vertex 33.5 -0.9 2
    endloop
  endfacet
  facet normal 0 0 1
    outer loop
      vertex 33.7277 -13.0102 2
      vertex 7.05 -10.4 2
      vertex 33.3982 -13.834 2
    endloop
  endfacet
  facet normal 0 -0 1
    outer loop
      vertex 14.4334 -20.8058 2
      vertex 33.3982 -13.834 2
      vertex 7.05 -10.4 2
    endloop
  endfacet
  facet normal 0 0 1
    outer loop
      vertex 33.3982 -13.834 2
      vertex 14.4334 -20.8058 2
      vertex 33.0487 -14.6495 2
    endloop
  endfacet
  facet normal 0 0 1
    outer loop
      vertex 33.0487 -14.6495 2
      vertex 14.4334 -20.8058 2
      vertex 32.6792 -15.4561 2
    endloop
  endfacet
  facet normal 0 0 1
    outer loop
      vertex 32.6792 -15.4561 2
      vertex 14.4334 -20.8058 2
      vertex 32.2901 -16.2534 2
    endloop
  endfacet
  facet normal 0 0 1
    outer loop
      vertex 32.2901 -16.2534 2
      vertex 14.4334 -20.8058 2
      vertex 31.8815 -17.041 2
    endloop
  endfacet
  facet normal 0 -0 1
    outer loop
      vertex 14.9062 -21.1938 2
      vertex 31.4536 -17.8183 2
      vertex 14.4334 -20.8058 2
    endloop
  endfacet
  facet normal 0 0 1
    outer loop
      vertex 31.4536 -17.8183 2
      vertex 14.9062 -21.1938 2
      vertex 31.0069 -18.5848 2
    endloop
  endfacet
  facet normal 0 0 1
    outer loop
      vertex 31.0069 -18.5848 2
      vertex 14.9062 -21.1938 2
      vertex 30.5415 -19.3402 2
    endloop
  endfacet
  facet normal 0 0 1
    outer loop
      vertex 30.5415 -19.3402 2
      vertex 14.9062 -21.1938 2
      vertex 30.0576 -20.0839 2
    endloop
  endfacet
  facet normal 0 0 1
    outer loop
      vertex 30.0576 -20.0839 2
      vertex 14.9062 -21.1938 2
      vertex 29.5557 -20.8155 2
    endloop
  endfacet
  facet normal 0 -0 1
    outer loop
      vertex 15.2942 -21.6666 2
      vertex 29.5557 -20.8155 2
      vertex 14.9062 -21.1938 2
    endloop
  endfacet
  facet normal 0 0 1
    outer loop
      vertex 29.5557 -20.8155 2
      vertex 15.2942 -21.6666 2
      vertex 29.036 -21.5345 2
    endloop
  endfacet
  facet normal 0 0 1
    outer loop
      vertex 28.4987 -22.2406 2
      vertex 15.2942 -21.6666 2
      vertex 27.9443 -22.9333 2
    endloop
  endfacet
  facet normal 0 0 1
    outer loop
      vertex 27.9443 -22.9333 2
      vertex 15.2942 -21.6666 2
      vertex 27.3731 -23.6122 2
    endloop
  endfacet
  facet normal -0 -0 1
    outer loop
      vertex 15.5825 -22.206 2
      vertex 27.3731 -23.6122 2
      vertex 15.2942 -21.6666 2
    endloop
  endfacet
  facet normal 0 0 1
    outer loop
      vertex 27.3731 -23.6122 2
      vertex 15.5825 -22.206 2
      vertex 26.7854 -24.2769 2
    endloop
  endfacet
  facet normal 0 0 1
    outer loop
      vertex 26.7854 -24.2769 2
      vertex 15.5825 -22.206 2
      vertex 26.1815 -24.9269 2
    endloop
  endfacet
  facet normal 0 0 1
    outer loop
      vertex 26.1815 -24.9269 2
      vertex 15.76 -22.7913 2
      vertex 25.5619 -25.5619 2
    endloop
  endfacet
  facet normal 0 0 1
    outer loop
      vertex 25.5619 -25.5619 2
      vertex 15.76 -22.7913 2
      vertex 24.9269 -26.1815 2
    endloop
  endfacet
  facet normal -0 -0 1
    outer loop
      vertex 15.82 -23.4 2
      vertex 24.9269 -26.1815 2
      vertex 15.76 -22.7913 2
    endloop
  endfacet
  facet normal 0 0 1
    outer loop
      vertex 24.2769 -26.7854 2
      vertex 15.82 -23.4 2
      vertex 23.6122 -27.3731 2
    endloop
  endfacet
  facet normal 0 0 1
    outer loop
      vertex 23.6122 -27.3731 2
      vertex 15.82 -23.4 2
      vertex 22.9333 -27.9443 2
    endloop
  endfacet
  facet normal -0 0 1
    outer loop
      vertex 15.76 -24.0087 2
      vertex 22.9333 -27.9443 2
      vertex 15.82 -23.4 2
    endloop
  endfacet
  facet normal -0 0 1
    outer loop
      vertex 15.5825 -24.594 2
      vertex 22.2406 -28.4987 2
      vertex 15.76 -24.0087 2
    endloop
  endfacet
  facet normal 0 0 1
    outer loop
      vertex 22.2406 -28.4987 2
      vertex 15.5825 -24.594 2
      vertex 21.5345 -29.036 2
    endloop
  endfacet
  facet normal 0 0 1
    outer loop
      vertex 21.5345 -29.036 2
      vertex 15.5825 -24.594 2
      vertex 20.8155 -29.5557 2
    endloop
  endfacet
  facet normal 0 0 1
    outer loop
      vertex 20.8155 -29.5557 2
      vertex 15.2942 -25.1334 2
      vertex 20.0839 -30.0576 2
    endloop
  endfacet
  facet normal 0 0 1
    outer loop
      vertex 20.0839 -30.0576 2
      vertex 15.2942 -25.1334 2
      vertex 19.3402 -30.5415 2
    endloop
  endfacet
  facet normal -0 0 1
    outer loop
      vertex 14.9062 -25.6062 2
      vertex 19.3402 -30.5415 2
      vertex 15.2942 -25.1334 2
    endloop
  endfacet
  facet normal -0 0 1
    outer loop
      vertex 15.2942 -25.1334 2
      vertex 20.8155 -29.5557 2
      vertex 15.5825 -24.594 2
    endloop
  endfacet
  facet normal 0 0 1
    outer loop
      vertex 22.9333 -27.9443 2
      vertex 15.76 -24.0087 2
      vertex 22.2406 -28.4987 2
    endloop
  endfacet
  facet normal 0 0 1
    outer loop
      vertex 24.9269 -26.1815 2
      vertex 15.82 -23.4 2
      vertex 24.2769 -26.7854 2
    endloop
  endfacet
  facet normal -0 -0 1
    outer loop
      vertex 15.76 -22.7913 2
      vertex 26.1815 -24.9269 2
      vertex 15.5825 -22.206 2
    endloop
  endfacet
  facet normal 0 0 1
    outer loop
      vertex 29.036 -21.5345 2
      vertex 15.2942 -21.6666 2
      vertex 28.4987 -22.2406 2
    endloop
  endfacet
  facet normal 0 0 1
    outer loop
      vertex 31.8815 -17.041 2
      vertex 14.4334 -20.8058 2
      vertex 31.4536 -17.8183 2
    endloop
  endfacet
  facet normal 0 0 1
    outer loop
      vertex 14.4334 -20.8058 2
      vertex 7.05 -10.4 2
      vertex 13.894 -20.5175 2
    endloop
  endfacet
  facet normal 0 0 1
    outer loop
      vertex 13.894 -20.5175 2
      vertex 7.05 -10.4 2
      vertex 13.3087 -20.34 2
    endloop
  endfacet
  facet normal 0 0 1
    outer loop
      vertex 13.3087 -20.34 2
      vertex 7.05 -10.4 2
      vertex 12.7 -20.28 2
    endloop
  endfacet
  facet normal 0 0 1
    outer loop
      vertex 12.7 -20.28 2
      vertex 7.05 -10.4 2
      vertex 12.0913 -20.34 2
    endloop
  endfacet
  facet normal 0 0 1
    outer loop
      vertex 12.0913 -20.34 2
      vertex 7.05 -10.4 2
      vertex 11.506 -20.5175 2
    endloop
  endfacet
  facet normal 0 0 1
    outer loop
      vertex 11.506 -20.5175 2
      vertex 7.05 -10.4 2
      vertex 10.9666 -20.8058 2
    endloop
  endfacet
  facet normal 0 0 1
    outer loop
      vertex 9.63995 -22.7913 2
      vertex 9.25 -22 2
      vertex 9.58 -23.4 2
    endloop
  endfacet
  facet normal 0 0 1
    outer loop
      vertex 9.8175 -22.206 2
      vertex 9.25 -22 2
      vertex 9.63995 -22.7913 2
    endloop
  endfacet
  facet normal 0 0 1
    outer loop
      vertex 10.1058 -21.6666 2
      vertex 9.25 -22 2
      vertex 9.8175 -22.206 2
    endloop
  endfacet
  facet normal 0 0 1
    outer loop
      vertex 10.4938 -21.1938 2
      vertex 9.25 -22 2
      vertex 10.1058 -21.6666 2
    endloop
  endfacet
  facet normal 0 -0 1
    outer loop
      vertex 7.25 -22 2
      vertex 10.9666 -20.8058 2
      vertex 7.05 -10.4 2
    endloop
  endfacet
  facet normal 0 0 1
    outer loop
      vertex 10.9666 -20.8058 2
      vertex 7.25 -22 2
      vertex 10.4938 -21.1938 2
    endloop
  endfacet
  facet normal -0 0 1
    outer loop
      vertex 7.05 -24.5 2
      vertex 7.25 -35.4136 2
      vertex 7.25 -22 2
    endloop
  endfacet
  facet normal 0 0 1
    outer loop
      vertex 7.05 -24.5 2
      vertex 7.25 -22 2
      vertex 7.05 -10.4 2
    endloop
  endfacet
  facet normal 0 0 1
    outer loop
      vertex 10.4938 -21.1938 2
      vertex 7.25 -22 2
      vertex 9.25 -22 2
    endloop
  endfacet
  facet normal 0 0 1
    outer loop
      vertex 33.5 -0.9 2
      vertex -7.05 -10.4 2
      vertex 7.05 -10.4 2
    endloop
  endfacet
  facet normal -0 0 1
    outer loop
      vertex -7.25 -22 2
      vertex -7.05 -24.5 2
      vertex -7.05 -10.4 2
    endloop
  endfacet
  facet normal 0 0 1
    outer loop
      vertex -7.25 -35.4136 2
      vertex -7.05 -24.5 2
      vertex -7.25 -22 2
    endloop
  endfacet
  facet normal -0 0 1
    outer loop
      vertex -10.9666 -20.8058 2
      vertex -7.25 -22 2
      vertex -7.05 -10.4 2
    endloop
  endfacet
  facet normal 0 0 1
    outer loop
      vertex -9.63995 -24.0087 2
      vertex -9.25 -22 2
      vertex -9.58 -23.4 2
    endloop
  endfacet
  facet normal 0 0 1
    outer loop
      vertex -7.25 -22 2
      vertex -10.4938 -21.1938 2
      vertex -9.25 -22 2
    endloop
  endfacet
  facet normal 0 0 1
    outer loop
      vertex -9.25 -22 2
      vertex -9.63995 -22.7913 2
      vertex -9.58 -23.4 2
    endloop
  endfacet
  facet normal 0 0 1
    outer loop
      vertex -9.25 -22 2
      vertex -9.8175 -22.206 2
      vertex -9.63995 -22.7913 2
    endloop
  endfacet
  facet normal 0 0 1
    outer loop
      vertex -9.25 -22 2
      vertex -10.1058 -21.6666 2
      vertex -9.8175 -22.206 2
    endloop
  endfacet
  facet normal 0 0 1
    outer loop
      vertex -9.25 -22 2
      vertex -10.4938 -21.1938 2
      vertex -10.1058 -21.6666 2
    endloop
  endfacet
  facet normal 0 0 1
    outer loop
      vertex -7.25 -22 2
      vertex -10.9666 -20.8058 2
      vertex -10.4938 -21.1938 2
    endloop
  endfacet
  facet normal 0 0 1
    outer loop
      vertex -7.05 -10.4 2
      vertex -11.506 -20.5175 2
      vertex -10.9666 -20.8058 2
    endloop
  endfacet
  facet normal 0 0 1
    outer loop
      vertex -7.05 -10.4 2
      vertex -12.0913 -20.34 2
      vertex -11.506 -20.5175 2
    endloop
  endfacet
  facet normal 0 0 1
    outer loop
      vertex -7.05 -10.4 2
      vertex -12.7 -20.28 2
      vertex -12.0913 -20.34 2
    endloop
  endfacet
  facet normal 0 0 1
    outer loop
      vertex -7.05 -10.4 2
      vertex -13.3087 -20.34 2
      vertex -12.7 -20.28 2
    endloop
  endfacet
  facet normal 0 0 1
    outer loop
      vertex -7.05 -10.4 2
      vertex -13.894 -20.5175 2
      vertex -13.3087 -20.34 2
    endloop
  endfacet
  facet normal 0 0 1
    outer loop
      vertex -7.05 -10.4 2
      vertex -14.4334 -20.8058 2
      vertex -13.894 -20.5175 2
    endloop
  endfacet
  facet normal -0 0 1
    outer loop
      vertex -33.3982 -13.834 2
      vertex -14.4334 -20.8058 2
      vertex -7.05 -10.4 2
    endloop
  endfacet
  facet normal -0 -0 1
    outer loop
      vertex -32.6792 -15.4561 2
      vertex -14.4334 -20.8058 2
      vertex -33.0487 -14.6495 2
    endloop
  endfacet
  facet normal 0 0 1
    outer loop
      vertex -13.894 -26.2825 2
      vertex -17.041 -31.8815 2
      vertex -16.2534 -32.2901 2
    endloop
  endfacet
  facet normal 0 0 1
    outer loop
      vertex -24.9269 -26.1815 2
      vertex -15.82 -23.4 2
      vertex -15.76 -22.7913 2
    endloop
  endfacet
  facet normal 0 0 1
    outer loop
      vertex -15.76 -24.0087 2
      vertex -17.8183 -31.4536 2
      vertex -17.041 -31.8815 2
    endloop
  endfacet
  facet normal 0 0 1
    outer loop
      vertex -15.76 -24.0087 2
      vertex -18.5848 -31.0069 2
      vertex -17.8183 -31.4536 2
    endloop
  endfacet
  facet normal 0 0 1
    outer loop
      vertex -26.1815 -24.9269 2
      vertex -15.76 -22.7913 2
      vertex -15.5825 -22.206 2
    endloop
  endfacet
  facet normal 0 0 1
    outer loop
      vertex -15.76 -24.0087 2
      vertex -19.3402 -30.5415 2
      vertex -18.5848 -31.0069 2
    endloop
  endfacet
  facet normal 0 0 1
    outer loop
      vertex -15.76 -24.0087 2
      vertex -20.0839 -30.0576 2
      vertex -19.3402 -30.5415 2
    endloop
  endfacet
  facet normal 0 0 1
    outer loop
      vertex -27.3731 -23.6122 2
      vertex -15.5825 -22.206 2
      vertex -15.2942 -21.6666 2
    endloop
  endfacet
  facet normal 0 0 1
    outer loop
      vertex -15.76 -24.0087 2
      vertex -20.8155 -29.5557 2
      vertex -20.0839 -30.0576 2
    endloop
  endfacet
  facet normal 0 0 1
    outer loop
      vertex -15.76 -24.0087 2
      vertex -21.5345 -29.036 2
      vertex -20.8155 -29.5557 2
    endloop
  endfacet
  facet normal -0 -0 1
    outer loop
      vertex -32.2901 -16.2534 2
      vertex -14.4334 -20.8058 2
      vertex -32.6792 -15.4561 2
    endloop
  endfacet
  facet normal 0 0 1
    outer loop
      vertex -15.76 -24.0087 2
      vertex -22.2406 -28.4987 2
      vertex -21.5345 -29.036 2
    endloop
  endfacet
  facet normal 0 0 1
    outer loop
      vertex -15.76 -24.0087 2
      vertex -22.9333 -27.9443 2
      vertex -22.2406 -28.4987 2
    endloop
  endfacet
  facet normal 0 0 1
    outer loop
      vertex -15.82 -23.4 2
      vertex -23.6122 -27.3731 2
      vertex -22.9333 -27.9443 2
    endloop
  endfacet
  facet normal 0 0 1
    outer loop
      vertex -15.82 -23.4 2
      vertex -24.2769 -26.7854 2
      vertex -23.6122 -27.3731 2
    endloop
  endfacet
  facet normal 0 0 1
    outer loop
      vertex -15.82 -23.4 2
      vertex -24.9269 -26.1815 2
      vertex -24.2769 -26.7854 2
    endloop
  endfacet
  facet normal 0 0 1
    outer loop
      vertex -15.76 -22.7913 2
      vertex -25.5619 -25.5619 2
      vertex -24.9269 -26.1815 2
    endloop
  endfacet
  facet normal 0 0 1
    outer loop
      vertex -15.76 -22.7913 2
      vertex -26.1815 -24.9269 2
      vertex -25.5619 -25.5619 2
    endloop
  endfacet
  facet normal 0 0 1
    outer loop
      vertex -15.5825 -22.206 2
      vertex -26.7854 -24.2769 2
      vertex -26.1815 -24.9269 2
    endloop
  endfacet
  facet normal 0 0 1
    outer loop
      vertex -15.5825 -22.206 2
      vertex -27.3731 -23.6122 2
      vertex -26.7854 -24.2769 2
    endloop
  endfacet
  facet normal 0 0 1
    outer loop
      vertex -15.2942 -21.6666 2
      vertex -27.9443 -22.9333 2
      vertex -27.3731 -23.6122 2
    endloop
  endfacet
  facet normal 0 0 1
    outer loop
      vertex -15.2942 -21.6666 2
      vertex -28.4987 -22.2406 2
      vertex -27.9443 -22.9333 2
    endloop
  endfacet
  facet normal 0 0 1
    outer loop
      vertex -15.2942 -21.6666 2
      vertex -29.036 -21.5345 2
      vertex -28.4987 -22.2406 2
    endloop
  endfacet
  facet normal 0 0 1
    outer loop
      vertex -15.2942 -21.6666 2
      vertex -29.5557 -20.8155 2
      vertex -29.036 -21.5345 2
    endloop
  endfacet
  facet normal 0 0 1
    outer loop
      vertex -14.9062 -21.1938 2
      vertex -29.5557 -20.8155 2
      vertex -15.2942 -21.6666 2
    endloop
  endfacet
  facet normal -0 -0 1
    outer loop
      vertex -29.5557 -20.8155 2
      vertex -14.9062 -21.1938 2
      vertex -30.0576 -20.0839 2
    endloop
  endfacet
  facet normal -0 -0 1
    outer loop
      vertex -30.0576 -20.0839 2
      vertex -14.9062 -21.1938 2
      vertex -30.5415 -19.3402 2
    endloop
  endfacet
  facet normal -0 -0 1
    outer loop
      vertex -30.5415 -19.3402 2
      vertex -14.9062 -21.1938 2
      vertex -31.0069 -18.5848 2
    endloop
  endfacet
  facet normal -0 -0 1
    outer loop
      vertex -31.0069 -18.5848 2
      vertex -14.9062 -21.1938 2
      vertex -31.4536 -17.8183 2
    endloop
  endfacet
  facet normal 0 0 1
    outer loop
      vertex -14.4334 -20.8058 2
      vertex -31.4536 -17.8183 2
      vertex -14.9062 -21.1938 2
    endloop
  endfacet
  facet normal -0 0 1
    outer loop
      vertex -33.5 -0.9 2
      vertex -7.05 -10.4 2
      vertex 33.5 -0.9 2
    endloop
  endfacet
  facet normal 0 0 1
    outer loop
      vertex -33.7277 -13.0102 2
      vertex -7.05 -10.4 2
      vertex -33.5 -0.9 2
    endloop
  endfacet
  facet normal -0 -0 1
    outer loop
      vertex -31.4536 -17.8183 2
      vertex -14.4334 -20.8058 2
      vertex -31.8815 -17.041 2
    endloop
  endfacet
  facet normal -0 -0 1
    outer loop
      vertex -31.8815 -17.041 2
      vertex -14.4334 -20.8058 2
      vertex -32.2901 -16.2534 2
    endloop
  endfacet
  facet normal 0 0 1
    outer loop
      vertex -14.4334 -20.8058 2
      vertex -33.3982 -13.834 2
      vertex -33.0487 -14.6495 2
    endloop
  endfacet
  facet normal 0 0 1
    outer loop
      vertex -7.05 -10.4 2
      vertex -33.7277 -13.0102 2
      vertex -33.3982 -13.834 2
    endloop
  endfacet
  facet normal -0 0 1
    outer loop
      vertex 26.5601 22.5913 2
      vertex 33.5 20.1 2
      vertex 26.62 23.2 2
    endloop
  endfacet
  facet normal -0 0 1
    outer loop
      vertex 26.3825 22.006 2
      vertex 33.5 20.1 2
      vertex 26.5601 22.5913 2
    endloop
  endfacet
  facet normal -0 0 1
    outer loop
      vertex 26.0942 21.4666 2
      vertex 33.5 20.1 2
      vertex 26.3825 22.006 2
    endloop
  endfacet
  facet normal -0 0 1
    outer loop
      vertex 25.7062 20.9938 2
      vertex 33.5 20.1 2
      vertex 26.0942 21.4666 2
    endloop
  endfacet
  facet normal -0 0 1
    outer loop
      vertex 25.2334 20.6058 2
      vertex 33.5 20.1 2
      vertex 25.7062 20.9938 2
    endloop
  endfacet
  facet normal -0 0 1
    outer loop
      vertex 24.694 20.3175 2
      vertex 33.5 20.1 2
      vertex 25.2334 20.6058 2
    endloop
  endfacet
  facet normal -0 0 1
    outer loop
      vertex 24.1087 20.1399 2
      vertex 33.5 20.1 2
      vertex 24.694 20.3175 2
    endloop
  endfacet
  facet normal 0 0 1
    outer loop
      vertex 33.5 20.1 2
      vertex 24.1087 20.1399 2
      vertex 23.7031 20.1 2
    endloop
  endfacet
  facet normal 0 0 1
    outer loop
      vertex 15.76 22.7913 2
      vertex 20.38 23.2 2
      vertex 15.82 23.4 2
    endloop
  endfacet
  facet normal 0 0 1
    outer loop
      vertex 20.38 23.2 2
      vertex 15.76 22.7913 2
      vertex 20.4399 22.5913 2
    endloop
  endfacet
  facet normal 0 0 1
    outer loop
      vertex 15.5825 22.206 2
      vertex 20.4399 22.5913 2
      vertex 15.76 22.7913 2
    endloop
  endfacet
  facet normal 0 0 1
    outer loop
      vertex 20.4399 22.5913 2
      vertex 15.5825 22.206 2
      vertex 20.6175 22.006 2
    endloop
  endfacet
  facet normal 0 0 1
    outer loop
      vertex 15.2942 21.6666 2
      vertex 20.6175 22.006 2
      vertex 15.5825 22.206 2
    endloop
  endfacet
  facet normal 0 0 1
    outer loop
      vertex 20.6175 22.006 2
      vertex 15.2942 21.6666 2
      vertex 20.9058 21.4666 2
    endloop
  endfacet
  facet normal 0 0 1
    outer loop
      vertex 14.9062 21.1938 2
      vertex 20.9058 21.4666 2
      vertex 15.2942 21.6666 2
    endloop
  endfacet
  facet normal 0 0 1
    outer loop
      vertex 20.9058 21.4666 2
      vertex 14.9062 21.1938 2
      vertex 21.2938 20.9938 2
    endloop
  endfacet
  facet normal 0 0 1
    outer loop
      vertex 14.4334 20.8058 2
      vertex 21.2938 20.9938 2
      vertex 14.9062 21.1938 2
    endloop
  endfacet
  facet normal 0 0 1
    outer loop
      vertex 21.2938 20.9938 2
      vertex 14.4334 20.8058 2
      vertex 21.7666 20.6058 2
    endloop
  endfacet
  facet normal 0 0 1
    outer loop
      vertex 13.894 20.5175 2
      vertex 21.7666 20.6058 2
      vertex 14.4334 20.8058 2
    endloop
  endfacet
  facet normal 0 0 1
    outer loop
      vertex 21.7666 20.6058 2
      vertex 13.894 20.5175 2
      vertex 22.306 20.3175 2
    endloop
  endfacet
  facet normal -0 0 1
    outer loop
      vertex 13.3087 20.34 2
      vertex 22.306 20.3175 2
      vertex 13.894 20.5175 2
    endloop
  endfacet
  facet normal 0 0 1
    outer loop
      vertex 22.306 20.3175 2
      vertex 13.3087 20.34 2
      vertex 22.8913 20.1399 2
    endloop
  endfacet
  facet normal -0 0 1
    outer loop
      vertex 12.7 20.28 2
      vertex 22.8913 20.1399 2
      vertex 13.3087 20.34 2
    endloop
  endfacet
  facet normal 0 0 1
    outer loop
      vertex 11.25 20.1 2
      vertex 22.8913 20.1399 2
      vertex 12.7 20.28 2
    endloop
  endfacet
  facet normal 0 0 1
    outer loop
      vertex 22.8913 20.1399 2
      vertex 11.25 20.1 2
      vertex 23.2969 20.1 2
    endloop
  endfacet
  facet normal 0 0 1
    outer loop
      vertex 12.0913 20.34 2
      vertex 11.25 20.1 2
      vertex 12.7 20.28 2
    endloop
  endfacet
  facet normal 0 0 1
    outer loop
      vertex 11.506 20.5175 2
      vertex 11.25 20.1 2
      vertex 12.0913 20.34 2
    endloop
  endfacet
  facet normal 0 0 1
    outer loop
      vertex 11.25 20.1 2
      vertex 11.506 20.5175 2
      vertex 11.25 20.6543 2
    endloop
  endfacet
  facet normal 0 0 1
    outer loop
      vertex 19.3402 -30.5415 2
      vertex 14.9062 -25.6062 2
      vertex 18.5848 -31.0069 2
    endloop
  endfacet
  facet normal -0 0 1
    outer loop
      vertex 14.4334 -25.9942 2
      vertex 18.5848 -31.0069 2
      vertex 14.9062 -25.6062 2
    endloop
  endfacet
  facet normal 0 0 1
    outer loop
      vertex 18.5848 -31.0069 2
      vertex 14.4334 -25.9942 2
      vertex 17.8183 -31.4536 2
    endloop
  endfacet
  facet normal 0 0 1
    outer loop
      vertex 17.8183 -31.4536 2
      vertex 14.4334 -25.9942 2
      vertex 17.041 -31.8815 2
    endloop
  endfacet
  facet normal -0 0 1
    outer loop
      vertex 13.894 -26.2825 2
      vertex 17.041 -31.8815 2
      vertex 14.4334 -25.9942 2
    endloop
  endfacet
  facet normal 0 0 1
    outer loop
      vertex 17.041 -31.8815 2
      vertex 13.894 -26.2825 2
      vertex 16.2534 -32.2901 2
    endloop
  endfacet
  facet normal -0 0 1
    outer loop
      vertex 13.3087 -26.4601 2
      vertex 16.2534 -32.2901 2
      vertex 13.894 -26.2825 2
    endloop
  endfacet
  facet normal 0 0 1
    outer loop
      vertex 16.2534 -32.2901 2
      vertex 13.3087 -26.4601 2
      vertex 15.4561 -32.6792 2
    endloop
  endfacet
  facet normal 0 0 1
    outer loop
      vertex 15.4561 -32.6792 2
      vertex 13.3087 -26.4601 2
      vertex 14.6495 -33.0487 2
    endloop
  endfacet
  facet normal -0 0 1
    outer loop
      vertex 12.7 -26.52 2
      vertex 14.6495 -33.0487 2
      vertex 13.3087 -26.4601 2
    endloop
  endfacet
  facet normal 0 0 1
    outer loop
      vertex 14.6495 -33.0487 2
      vertex 12.7 -26.52 2
      vertex 13.834 -33.3982 2
    endloop
  endfacet
  facet normal 0 0 1
    outer loop
      vertex 13.834 -33.3982 2
      vertex 12.7 -26.52 2
      vertex 13.0102 -33.7277 2
    endloop
  endfacet
  facet normal 0 0 1
    outer loop
      vertex 12.0913 -26.4601 2
      vertex 13.0102 -33.7277 2
      vertex 12.7 -26.52 2
    endloop
  endfacet
  facet normal 0 0 1
    outer loop
      vertex 13.0102 -33.7277 2
      vertex 12.0913 -26.4601 2
      vertex 12.1786 -34.0368 2
    endloop
  endfacet
  facet normal 0 0 1
    outer loop
      vertex 11.506 -26.2825 2
      vertex 12.1786 -34.0368 2
      vertex 12.0913 -26.4601 2
    endloop
  endfacet
  facet normal 0 0 1
    outer loop
      vertex 11.506 -26.2825 2
      vertex 11.3396 -34.3254 2
      vertex 12.1786 -34.0368 2
    endloop
  endfacet
  facet normal 0 0 1
    outer loop
      vertex 10.4938 -34.5934 2
      vertex 11.506 -26.2825 2
      vertex 10.9666 -25.9942 2
    endloop
  endfacet
  facet normal 0 0 1
    outer loop
      vertex 9.25 -34.9437 2
      vertex 10.9666 -25.9942 2
      vertex 10.4938 -25.6062 2
    endloop
  endfacet
  facet normal 0 0 1
    outer loop
      vertex 11.506 -26.2825 2
      vertex 10.4938 -34.5934 2
      vertex 11.3396 -34.3254 2
    endloop
  endfacet
  facet normal 0 0 1
    outer loop
      vertex 9.25 -34.9437 2
      vertex 10.4938 -25.6062 2
      vertex 10.1058 -25.1334 2
    endloop
  endfacet
  facet normal 0 0 1
    outer loop
      vertex 9.25 -34.9437 2
      vertex 10.1058 -25.1334 2
      vertex 9.8175 -24.594 2
    endloop
  endfacet
  facet normal 0 0 1
    outer loop
      vertex 10.9666 -25.9942 2
      vertex 9.64167 -34.8405 2
      vertex 10.4938 -34.5934 2
    endloop
  endfacet
  facet normal 0 0 1
    outer loop
      vertex 9.25 -34.9437 2
      vertex 9.8175 -24.594 2
      vertex 9.63995 -24.0087 2
    endloop
  endfacet
  facet normal 0 0 1
    outer loop
      vertex 9.25 -22 2
      vertex 9.63995 -24.0087 2
      vertex 9.58 -23.4 2
    endloop
  endfacet
  facet normal 0 0 1
    outer loop
      vertex 9.63995 -24.0087 2
      vertex 9.25 -22 2
      vertex 9.25 -34.9437 2
    endloop
  endfacet
  facet normal 0 0 1
    outer loop
      vertex 10.9666 -25.9942 2
      vertex 9.25 -34.9437 2
      vertex 9.64167 -34.8405 2
    endloop
  endfacet
  facet normal -0 0 1
    outer loop
      vertex -11.506 20.5175 2
      vertex -11.25 20.1 2
      vertex -11.25 20.6543 2
    endloop
  endfacet
  facet normal -0 0 1
    outer loop
      vertex -12.0913 20.34 2
      vertex -11.25 20.1 2
      vertex -11.506 20.5175 2
    endloop
  endfacet
  facet normal -0 0 1
    outer loop
      vertex -12.7 20.28 2
      vertex -11.25 20.1 2
      vertex -12.0913 20.34 2
    endloop
  endfacet
  facet normal 0 0 1
    outer loop
      vertex -13.3087 20.34 2
      vertex -11.25 20.1 2
      vertex -12.7 20.28 2
    endloop
  endfacet
  facet normal -0 0 1
    outer loop
      vertex -20.38 23.2 2
      vertex -15.76 22.7913 2
      vertex -15.82 23.4 2
    endloop
  endfacet
  facet normal 0 0 1
    outer loop
      vertex -20.4399 22.5913 2
      vertex -15.76 22.7913 2
      vertex -20.38 23.2 2
    endloop
  endfacet
  facet normal 0 0 1
    outer loop
      vertex -15.76 22.7913 2
      vertex -20.4399 22.5913 2
      vertex -15.5825 22.206 2
    endloop
  endfacet
  facet normal 0 0 1
    outer loop
      vertex -20.6175 22.006 2
      vertex -15.5825 22.206 2
      vertex -20.4399 22.5913 2
    endloop
  endfacet
  facet normal 0 0 1
    outer loop
      vertex -15.5825 22.206 2
      vertex -20.6175 22.006 2
      vertex -15.2942 21.6666 2
    endloop
  endfacet
  facet normal 0 0 1
    outer loop
      vertex -20.9058 21.4666 2
      vertex -15.2942 21.6666 2
      vertex -20.6175 22.006 2
    endloop
  endfacet
  facet normal 0 0 1
    outer loop
      vertex -15.2942 21.6666 2
      vertex -20.9058 21.4666 2
      vertex -14.9062 21.1938 2
    endloop
  endfacet
  facet normal 0 0 1
    outer loop
      vertex -21.2938 20.9938 2
      vertex -14.9062 21.1938 2
      vertex -20.9058 21.4666 2
    endloop
  endfacet
  facet normal 0 0 1
    outer loop
      vertex -14.9062 21.1938 2
      vertex -21.2938 20.9938 2
      vertex -14.4334 20.8058 2
    endloop
  endfacet
  facet normal 0 0 1
    outer loop
      vertex -21.7666 20.6058 2
      vertex -14.4334 20.8058 2
      vertex -21.2938 20.9938 2
    endloop
  endfacet
  facet normal 0 0 1
    outer loop
      vertex -14.4334 20.8058 2
      vertex -21.7666 20.6058 2
      vertex -13.894 20.5175 2
    endloop
  endfacet
  facet normal 0 0 1
    outer loop
      vertex -22.306 20.3175 2
      vertex -13.894 20.5175 2
      vertex -21.7666 20.6058 2
    endloop
  endfacet
  facet normal 0 0 1
    outer loop
      vertex -13.894 20.5175 2
      vertex -22.306 20.3175 2
      vertex -13.3087 20.34 2
    endloop
  endfacet
  facet normal 0 0 1
    outer loop
      vertex -22.8913 20.1399 2
      vertex -13.3087 20.34 2
      vertex -22.306 20.3175 2
    endloop
  endfacet
  facet normal 0 0 1
    outer loop
      vertex -13.3087 20.34 2
      vertex -22.8913 20.1399 2
      vertex -11.25 20.1 2
    endloop
  endfacet
  facet normal 0 0 1
    outer loop
      vertex -11.25 20.1 2
      vertex -22.8913 20.1399 2
      vertex -23.2969 20.1 2
    endloop
  endfacet
  facet normal 0 0 1
    outer loop
      vertex -24.1087 20.1399 2
      vertex -33.5 20.1 2
      vertex -23.7031 20.1 2
    endloop
  endfacet
  facet normal 0 0 1
    outer loop
      vertex -24.694 20.3175 2
      vertex -33.5 20.1 2
      vertex -24.1087 20.1399 2
    endloop
  endfacet
  facet normal 0 0 1
    outer loop
      vertex -25.2334 20.6058 2
      vertex -33.5 20.1 2
      vertex -24.694 20.3175 2
    endloop
  endfacet
  facet normal 0 0 1
    outer loop
      vertex -25.7062 20.9938 2
      vertex -33.5 20.1 2
      vertex -25.2334 20.6058 2
    endloop
  endfacet
  facet normal 0 0 1
    outer loop
      vertex -26.0942 21.4666 2
      vertex -33.5 20.1 2
      vertex -25.7062 20.9938 2
    endloop
  endfacet
  facet normal 0 0 1
    outer loop
      vertex -26.3825 22.006 2
      vertex -33.5 20.1 2
      vertex -26.0942 21.4666 2
    endloop
  endfacet
  facet normal 0 0 1
    outer loop
      vertex -26.5601 22.5913 2
      vertex -33.5 20.1 2
      vertex -26.3825 22.006 2
    endloop
  endfacet
  facet normal 0 0 1
    outer loop
      vertex -33.5 20.1 2
      vertex -26.5601 22.5913 2
      vertex -26.62 23.2 2
    endloop
  endfacet
  facet normal -0 0 1
    outer loop
      vertex 4 -30.1 2
      vertex 7.25 -35.4136 2
      vertex 7.05 -24.5 2
    endloop
  endfacet
  facet normal -0 0 1
    outer loop
      vertex 3.54182 -31.9589 2
      vertex 7.25 -35.4136 2
      vertex 4 -30.1 2
    endloop
  endfacet
  facet normal 0 0 1
    outer loop
      vertex 7.25 -35.4136 2
      vertex 3.54182 -31.9589 2
      vertex 7.05252 -35.4554 2
    endloop
  endfacet
  facet normal 0 0 1
    outer loop
      vertex 7.05252 -35.4554 2
      vertex 3.54182 -31.9589 2
      vertex 6.18027 -35.6178 2
    endloop
  endfacet
  facet normal 0 0 1
    outer loop
      vertex 6.18027 -35.6178 2
      vertex 3.54182 -31.9589 2
      vertex 5.30431 -35.7587 2
    endloop
  endfacet
  facet normal 0 0 1
    outer loop
      vertex 7.05 -24.5 2
      vertex 3.54182 -28.2411 2
      vertex 4 -30.1 2
    endloop
  endfacet
  facet normal 0 0 1
    outer loop
      vertex 7.05 -24.5 2
      vertex 2.27226 -26.8081 2
      vertex 3.54182 -28.2411 2
    endloop
  endfacet
  facet normal 0 0 1
    outer loop
      vertex 7.05 -24.5 2
      vertex 0.482146 -26.1292 2
      vertex 2.27226 -26.8081 2
    endloop
  endfacet
  facet normal -0 0 1
    outer loop
      vertex -7.05 -24.5 2
      vertex 0.482146 -26.1292 2
      vertex 7.05 -24.5 2
    endloop
  endfacet
  facet normal 0 0 1
    outer loop
      vertex -7.05252 -35.4554 2
      vertex -3.88377 -31.0573 2
      vertex -3.88377 -29.1427 2
    endloop
  endfacet
  facet normal 0 0 1
    outer loop
      vertex -3.88377 -31.0573 2
      vertex -5.30431 -35.7587 2
      vertex -4.42515 -35.8781 2
    endloop
  endfacet
  facet normal 0 0 1
    outer loop
      vertex -3.88377 -31.0573 2
      vertex -6.18027 -35.6178 2
      vertex -5.30431 -35.7587 2
    endloop
  endfacet
  facet normal 0 0 1
    outer loop
      vertex 0.482146 -26.1292 2
      vertex -7.05 -24.5 2
      vertex -1.41842 -26.3599 2
    endloop
  endfacet
  facet normal 0 0 1
    outer loop
      vertex -7.05 -24.5 2
      vertex -2.99404 -27.4475 2
      vertex -1.41842 -26.3599 2
    endloop
  endfacet
  facet normal 0 0 1
    outer loop
      vertex -7.05 -24.5 2
      vertex -3.88377 -29.1427 2
      vertex -2.99404 -27.4475 2
    endloop
  endfacet
  facet normal 0 0 1
    outer loop
      vertex -7.05252 -35.4554 2
      vertex -3.88377 -29.1427 2
      vertex -7.05 -24.5 2
    endloop
  endfacet
  facet normal 0 0 1
    outer loop
      vertex -3.88377 -31.0573 2
      vertex -7.05252 -35.4554 2
      vertex -6.18027 -35.6178 2
    endloop
  endfacet
  facet normal 0 0 1
    outer loop
      vertex 5.30431 -35.7587 2
      vertex 3.54182 -31.9589 2
      vertex 4.42515 -35.8781 2
    endloop
  endfacet
  facet normal -0 0 1
    outer loop
      vertex 2.27226 -33.3919 2
      vertex 4.42515 -35.8781 2
      vertex 3.54182 -31.9589 2
    endloop
  endfacet
  facet normal 0 0 1
    outer loop
      vertex 4.42515 -35.8781 2
      vertex 2.27226 -33.3919 2
      vertex 3.54332 -35.9759 2
    endloop
  endfacet
  facet normal 0 0 1
    outer loop
      vertex 3.54332 -35.9759 2
      vertex 2.27226 -33.3919 2
      vertex 2.65936 -36.052 2
    endloop
  endfacet
  facet normal 0 0 1
    outer loop
      vertex 2.27226 -33.3919 2
      vertex 1.7738 -36.1065 2
      vertex 2.65936 -36.052 2
    endloop
  endfacet
  facet normal -0 0 1
    outer loop
      vertex 0.482146 -34.0708 2
      vertex 1.7738 -36.1065 2
      vertex 2.27226 -33.3919 2
    endloop
  endfacet
  facet normal 0 0 1
    outer loop
      vertex 1.7738 -36.1065 2
      vertex 0.482146 -34.0708 2
      vertex 0.887165 -36.1391 2
    endloop
  endfacet
  facet normal 0 0 1
    outer loop
      vertex 0.482146 -34.0708 2
      vertex 0 -36.15 2
      vertex 0.887165 -36.1391 2
    endloop
  endfacet
  facet normal 0 0 1
    outer loop
      vertex 0.482146 -34.0708 2
      vertex -0.887165 -36.1391 2
      vertex 0 -36.15 2
    endloop
  endfacet
  facet normal 0 0 1
    outer loop
      vertex -1.41842 -33.8401 2
      vertex -0.887165 -36.1391 2
      vertex 0.482146 -34.0708 2
    endloop
  endfacet
  facet normal 0 0 1
    outer loop
      vertex -1.41842 -33.8401 2
      vertex -1.7738 -36.1065 2
      vertex -0.887165 -36.1391 2
    endloop
  endfacet
  facet normal 0 0 1
    outer loop
      vertex -1.41842 -33.8401 2
      vertex -2.65936 -36.052 2
      vertex -1.7738 -36.1065 2
    endloop
  endfacet
  facet normal 0 0 1
    outer loop
      vertex -3.54332 -35.9759 2
      vertex -1.41842 -33.8401 2
      vertex -2.99404 -32.7525 2
    endloop
  endfacet
  facet normal 0 0 1
    outer loop
      vertex -1.41842 -33.8401 2
      vertex -3.54332 -35.9759 2
      vertex -2.65936 -36.052 2
    endloop
  endfacet
  facet normal 0 0 1
    outer loop
      vertex -4.42515 -35.8781 2
      vertex -2.99404 -32.7525 2
      vertex -3.88377 -31.0573 2
    endloop
  endfacet
  facet normal 0 0 1
    outer loop
      vertex -2.99404 -32.7525 2
      vertex -4.42515 -35.8781 2
      vertex -3.54332 -35.9759 2
    endloop
  endfacet
  facet normal 0 0 1
    outer loop
      vertex -7.05 -24.5 2
      vertex -7.25 -35.4136 2
      vertex -7.05252 -35.4554 2
    endloop
  endfacet
  facet normal 0 0 1
    outer loop
      vertex -9.25 -22 2
      vertex -9.63995 -24.0087 2
      vertex -9.25 -34.9437 2
    endloop
  endfacet
  facet normal -0 0 1
    outer loop
      vertex -9.8175 -24.594 2
      vertex -9.25 -34.9437 2
      vertex -9.63995 -24.0087 2
    endloop
  endfacet
  facet normal -0 0 1
    outer loop
      vertex -10.1058 -25.1334 2
      vertex -9.25 -34.9437 2
      vertex -9.8175 -24.594 2
    endloop
  endfacet
  facet normal -0 0 1
    outer loop
      vertex -10.4938 -25.6062 2
      vertex -9.25 -34.9437 2
      vertex -10.1058 -25.1334 2
    endloop
  endfacet
  facet normal -0 0 1
    outer loop
      vertex -10.9666 -25.9942 2
      vertex -9.25 -34.9437 2
      vertex -10.4938 -25.6062 2
    endloop
  endfacet
  facet normal 0 0 1
    outer loop
      vertex -9.25 -34.9437 2
      vertex -10.9666 -25.9942 2
      vertex -9.64167 -34.8405 2
    endloop
  endfacet
  facet normal 0 0 1
    outer loop
      vertex -9.64167 -34.8405 2
      vertex -10.9666 -25.9942 2
      vertex -10.4938 -34.5934 2
    endloop
  endfacet
  facet normal -0 0 1
    outer loop
      vertex -11.506 -26.2825 2
      vertex -10.4938 -34.5934 2
      vertex -10.9666 -25.9942 2
    endloop
  endfacet
  facet normal 0 0 1
    outer loop
      vertex -10.4938 -34.5934 2
      vertex -11.506 -26.2825 2
      vertex -11.3396 -34.3254 2
    endloop
  endfacet
  facet normal 0 0 1
    outer loop
      vertex -12.1786 -34.0368 2
      vertex -11.506 -26.2825 2
      vertex -12.0913 -26.4601 2
    endloop
  endfacet
  facet normal 0 0 1
    outer loop
      vertex -11.506 -26.2825 2
      vertex -12.1786 -34.0368 2
      vertex -11.3396 -34.3254 2
    endloop
  endfacet
  facet normal 0 0 1
    outer loop
      vertex -13.0102 -33.7277 2
      vertex -12.0913 -26.4601 2
      vertex -12.7 -26.52 2
    endloop
  endfacet
  facet normal 0 0 1
    outer loop
      vertex -12.0913 -26.4601 2
      vertex -13.0102 -33.7277 2
      vertex -12.1786 -34.0368 2
    endloop
  endfacet
  facet normal 0 0 1
    outer loop
      vertex -14.6495 -33.0487 2
      vertex -12.7 -26.52 2
      vertex -13.3087 -26.4601 2
    endloop
  endfacet
  facet normal 0 0 1
    outer loop
      vertex -12.7 -26.52 2
      vertex -13.834 -33.3982 2
      vertex -13.0102 -33.7277 2
    endloop
  endfacet
  facet normal 0 0 1
    outer loop
      vertex -16.2534 -32.2901 2
      vertex -13.3087 -26.4601 2
      vertex -13.894 -26.2825 2
    endloop
  endfacet
  facet normal 0 0 1
    outer loop
      vertex -17.041 -31.8815 2
      vertex -13.894 -26.2825 2
      vertex -14.4334 -25.9942 2
    endloop
  endfacet
  facet normal 0 0 1
    outer loop
      vertex -12.7 -26.52 2
      vertex -14.6495 -33.0487 2
      vertex -13.834 -33.3982 2
    endloop
  endfacet
  facet normal 0 0 1
    outer loop
      vertex -17.041 -31.8815 2
      vertex -14.4334 -25.9942 2
      vertex -14.9062 -25.6062 2
    endloop
  endfacet
  facet normal 0 0 1
    outer loop
      vertex -17.041 -31.8815 2
      vertex -14.9062 -25.6062 2
      vertex -15.2942 -25.1334 2
    endloop
  endfacet
  facet normal 0 0 1
    outer loop
      vertex -13.3087 -26.4601 2
      vertex -15.4561 -32.6792 2
      vertex -14.6495 -33.0487 2
    endloop
  endfacet
  facet normal 0 0 1
    outer loop
      vertex -17.041 -31.8815 2
      vertex -15.2942 -25.1334 2
      vertex -15.5825 -24.594 2
    endloop
  endfacet
  facet normal 0 0 1
    outer loop
      vertex -17.041 -31.8815 2
      vertex -15.5825 -24.594 2
      vertex -15.76 -24.0087 2
    endloop
  endfacet
  facet normal 0 0 1
    outer loop
      vertex -22.9333 -27.9443 2
      vertex -15.76 -24.0087 2
      vertex -15.82 -23.4 2
    endloop
  endfacet
  facet normal 0 0 1
    outer loop
      vertex -13.3087 -26.4601 2
      vertex -16.2534 -32.2901 2
      vertex -15.4561 -32.6792 2
    endloop
  endfacet
  facet normal 0 0 1
    outer loop
      vertex -34.47 16.8957 2
      vertex -33.5 20.1 2
      vertex -34.4475 17.0471 2
    endloop
  endfacet
  facet normal -0 0 1
    outer loop
      vertex -34.5072 16.7472 2
      vertex -33.5 -0.9 2
      vertex -34.47 16.8957 2
    endloop
  endfacet
  facet normal -0 0 1
    outer loop
      vertex -34.6475 2.15291 2
      vertex -33.5 -0.9 2
      vertex -34.5072 16.7472 2
    endloop
  endfacet
  facet normal 0 0 1
    outer loop
      vertex -34.6475 2.15291 2
      vertex -34.5072 16.7472 2
      vertex -34.5587 16.603 2
    endloop
  endfacet
  facet normal 0 0 1
    outer loop
      vertex -34.7587 2.59699 2
      vertex -34.5587 16.603 2
      vertex -34.6242 16.4646 2
    endloop
  endfacet
  facet normal -0 0 1
    outer loop
      vertex -34.6475 1.84709 2
      vertex -33.5 -0.9 2
      vertex -34.64 2 2
    endloop
  endfacet
  facet normal -0 0 1
    outer loop
      vertex -34.67 1.69566 2
      vertex -33.5 -0.9 2
      vertex -34.6475 1.84709 2
    endloop
  endfacet
  facet normal -0 0 1
    outer loop
      vertex -34.7072 1.54716 2
      vertex -33.5 -0.9 2
      vertex -34.67 1.69566 2
    endloop
  endfacet
  facet normal -0 0 1
    outer loop
      vertex -34.7587 1.40301 2
      vertex -33.5 -0.9 2
      vertex -34.7072 1.54716 2
    endloop
  endfacet
  facet normal -0 0 1
    outer loop
      vertex -34.8242 1.26462 2
      vertex -33.5 -0.9 2
      vertex -34.7587 1.40301 2
    endloop
  endfacet
  facet normal -0 0 1
    outer loop
      vertex -34.9029 1.13331 2
      vertex -33.5 -0.9 2
      vertex -34.8242 1.26462 2
    endloop
  endfacet
  facet normal -0 0 1
    outer loop
      vertex -34.9941 1.01035 2
      vertex -33.5 -0.9 2
      vertex -34.9029 1.13331 2
    endloop
  endfacet
  facet normal -0 0 1
    outer loop
      vertex -35.0969 0.896913 2
      vertex -33.5 -0.9 2
      vertex -34.9941 1.01035 2
    endloop
  endfacet
  facet normal -0 0 1
    outer loop
      vertex -35.2103 0.794104 2
      vertex -33.5 -0.9 2
      vertex -35.0969 0.896913 2
    endloop
  endfacet
  facet normal -0 0 1
    outer loop
      vertex -35.3333 0.702907 2
      vertex -33.5 -0.9 2
      vertex -35.2103 0.794104 2
    endloop
  endfacet
  facet normal -0 0 1
    outer loop
      vertex -35.4646 0.624203 2
      vertex -33.5 -0.9 2
      vertex -35.3333 0.702907 2
    endloop
  endfacet
  facet normal -0 0 1
    outer loop
      vertex -35.603 0.558747 2
      vertex -33.5 -0.9 2
      vertex -35.4646 0.624203 2
    endloop
  endfacet
  facet normal -0 0 1
    outer loop
      vertex -35.7472 0.507173 2
      vertex -33.5 -0.9 2
      vertex -35.603 0.558747 2
    endloop
  endfacet
  facet normal -0 0 1
    outer loop
      vertex -35.8957 0.469975 2
      vertex -33.5 -0.9 2
      vertex -35.7472 0.507173 2
    endloop
  endfacet
  facet normal -0 0 1
    outer loop
      vertex -36.0471 0.447512 2
      vertex -33.5 -0.9 2
      vertex -35.8957 0.469975 2
    endloop
  endfacet
  facet normal -0 0 1
    outer loop
      vertex -36.2 0.44 2
      vertex -33.5 -0.9 2
      vertex -36.0471 0.447512 2
    endloop
  endfacet
  facet normal 0 0 1
    outer loop
      vertex -36.3529 0.447512 2
      vertex -33.5 -0.9 2
      vertex -36.2 0.44 2
    endloop
  endfacet
  facet normal 0 0 1
    outer loop
      vertex -33.5 -0.9 2
      vertex -36.3529 0.447512 2
      vertex -38.75 0 2
    endloop
  endfacet
  facet normal 0 0 1
    outer loop
      vertex -38.75 0 2
      vertex -36.3529 0.447512 2
      vertex -36.5043 0.469975 2
    endloop
  endfacet
  facet normal 0 0 1
    outer loop
      vertex -38.75 0 2
      vertex -36.5043 0.469975 2
      vertex -36.6528 0.507173 2
    endloop
  endfacet
  facet normal 0 0 1
    outer loop
      vertex -38.75 0 2
      vertex -36.6528 0.507173 2
      vertex -36.797 0.558747 2
    endloop
  endfacet
  facet normal 0 0 1
    outer loop
      vertex -38.75 0 2
      vertex -36.797 0.558747 2
      vertex -36.9354 0.624203 2
    endloop
  endfacet
  facet normal 0 0 1
    outer loop
      vertex -38.75 0 2
      vertex -36.9354 0.624203 2
      vertex -37.0667 0.702907 2
    endloop
  endfacet
  facet normal 0 0 1
    outer loop
      vertex -38.75 0 2
      vertex -37.0667 0.702907 2
      vertex -37.1897 0.794104 2
    endloop
  endfacet
  facet normal 0 0 1
    outer loop
      vertex -38.75 0 2
      vertex -37.1897 0.794104 2
      vertex -37.3031 0.896913 2
    endloop
  endfacet
  facet normal 0 0 1
    outer loop
      vertex -38.75 0 2
      vertex -37.3031 0.896913 2
      vertex -37.4059 1.01035 2
    endloop
  endfacet
  facet normal 0 0 1
    outer loop
      vertex -38.75 0 2
      vertex -37.4059 1.01035 2
      vertex -37.4971 1.13331 2
    endloop
  endfacet
  facet normal 0 0 1
    outer loop
      vertex -38.75 0 2
      vertex -37.4971 1.13331 2
      vertex -37.5758 1.26462 2
    endloop
  endfacet
  facet normal 0 0 1
    outer loop
      vertex -38.75 0 2
      vertex -37.5758 1.26462 2
      vertex -37.6413 1.40301 2
    endloop
  endfacet
  facet normal 0 0 1
    outer loop
      vertex -38.75 0 2
      vertex -37.6413 1.40301 2
      vertex -37.6928 1.54716 2
    endloop
  endfacet
  facet normal 0 0 1
    outer loop
      vertex -33.5 -0.9 2
      vertex -38.75 0 2
      vertex -33.7277 -13.0102 2
    endloop
  endfacet
  facet normal 0 0 1
    outer loop
      vertex -37.73 1.69566 2
      vertex -38.75 0 2
      vertex -37.6928 1.54716 2
    endloop
  endfacet
  facet normal 0 0 1
    outer loop
      vertex -37.7525 1.84709 2
      vertex -38.75 0 2
      vertex -37.73 1.69566 2
    endloop
  endfacet
  facet normal 0 0 1
    outer loop
      vertex -37.76 2 2
      vertex -38.75 0 2
      vertex -37.7525 1.84709 2
    endloop
  endfacet
  facet normal 0 0 1
    outer loop
      vertex -37.7525 2.15291 2
      vertex -38.75 0 2
      vertex -37.76 2 2
    endloop
  endfacet
  facet normal -0 0 1
    outer loop
      vertex 37.5525 17.0471 2
      vertex 38.75 0 2
      vertex 38.75 22.7 2
    endloop
  endfacet
  facet normal 0 0 1
    outer loop
      vertex 38.75 0 2
      vertex 37.7525 2.15291 2
      vertex 37.76 2 2
    endloop
  endfacet
  facet normal 0 0 1
    outer loop
      vertex 38.75 0 2
      vertex 37.73 2.30434 2
      vertex 37.7525 2.15291 2
    endloop
  endfacet
  facet normal -0 0 1
    outer loop
      vertex 37.53 16.8957 2
      vertex 38.75 0 2
      vertex 37.5525 17.0471 2
    endloop
  endfacet
  facet normal -0 0 1
    outer loop
      vertex 37.4928 16.7472 2
      vertex 38.75 0 2
      vertex 37.53 16.8957 2
    endloop
  endfacet
  facet normal 0 0 1
    outer loop
      vertex 38.75 0 2
      vertex 37.6928 2.45284 2
      vertex 37.73 2.30434 2
    endloop
  endfacet
  facet normal 0 0 1
    outer loop
      vertex 37.5525 17.0471 2
      vertex 38.75 22.7 2
      vertex 37.56 17.2 2
    endloop
  endfacet
  facet normal 0 0 1
    outer loop
      vertex 38.75 22.7 2
      vertex 37.5525 17.3529 2
      vertex 37.56 17.2 2
    endloop
  endfacet
  facet normal 0 0 1
    outer loop
      vertex 38.75 22.7 2
      vertex 37.53 17.5043 2
      vertex 37.5525 17.3529 2
    endloop
  endfacet
  facet normal 0 0 1
    outer loop
      vertex 38.75 22.7 2
      vertex 37.4928 17.6528 2
      vertex 37.53 17.5043 2
    endloop
  endfacet
  facet normal 0 0 1
    outer loop
      vertex 38.75 22.7 2
      vertex 37.4413 17.797 2
      vertex 37.4928 17.6528 2
    endloop
  endfacet
  facet normal 0 0 1
    outer loop
      vertex 38.75 22.7 2
      vertex 37.3758 17.9354 2
      vertex 37.4413 17.797 2
    endloop
  endfacet
  facet normal 0 0 1
    outer loop
      vertex 38.75 22.7 2
      vertex 37.2971 18.0667 2
      vertex 37.3758 17.9354 2
    endloop
  endfacet
  facet normal 0 0 1
    outer loop
      vertex 38.75 22.7 2
      vertex 37.2059 18.1897 2
      vertex 37.2971 18.0667 2
    endloop
  endfacet
  facet normal 0 0 1
    outer loop
      vertex 38.75 22.7 2
      vertex 37.1031 18.3031 2
      vertex 37.2059 18.1897 2
    endloop
  endfacet
  facet normal 0 0 1
    outer loop
      vertex 38.75 22.7 2
      vertex 36.9897 18.4059 2
      vertex 37.1031 18.3031 2
    endloop
  endfacet
  facet normal 0 0 1
    outer loop
      vertex 38.75 22.7 2
      vertex 36.8667 18.4971 2
      vertex 36.9897 18.4059 2
    endloop
  endfacet
  facet normal 0 0 1
    outer loop
      vertex 38.75 22.7 2
      vertex 36.7354 18.5758 2
      vertex 36.8667 18.4971 2
    endloop
  endfacet
  facet normal 0 0 1
    outer loop
      vertex 38.75 22.7 2
      vertex 36.597 18.6413 2
      vertex 36.7354 18.5758 2
    endloop
  endfacet
  facet normal 0 0 1
    outer loop
      vertex 38.75 22.7 2
      vertex 36.4528 18.6928 2
      vertex 36.597 18.6413 2
    endloop
  endfacet
  facet normal 0 0 1
    outer loop
      vertex 38.75 22.7 2
      vertex 36.3043 18.73 2
      vertex 36.4528 18.6928 2
    endloop
  endfacet
  facet normal 0 0 1
    outer loop
      vertex 38.75 22.7 2
      vertex 36.1529 18.7525 2
      vertex 36.3043 18.73 2
    endloop
  endfacet
  facet normal 0 0 1
    outer loop
      vertex 38.75 22.7 2
      vertex 36 18.76 2
      vertex 36.1529 18.7525 2
    endloop
  endfacet
  facet normal -0 0 1
    outer loop
      vertex 33.5 20.1 2
      vertex 36 18.76 2
      vertex 38.75 22.7 2
    endloop
  endfacet
  facet normal 0 0 1
    outer loop
      vertex 36 18.76 2
      vertex 33.5 20.1 2
      vertex 35.8471 18.7525 2
    endloop
  endfacet
  facet normal 0 0 1
    outer loop
      vertex 35.8471 18.7525 2
      vertex 33.5 20.1 2
      vertex 35.6957 18.73 2
    endloop
  endfacet
  facet normal 0 0 1
    outer loop
      vertex 35.6957 18.73 2
      vertex 33.5 20.1 2
      vertex 35.5472 18.6928 2
    endloop
  endfacet
  facet normal 0 0 1
    outer loop
      vertex 35.5472 18.6928 2
      vertex 33.5 20.1 2
      vertex 35.403 18.6413 2
    endloop
  endfacet
  facet normal 0 0 1
    outer loop
      vertex 35.403 18.6413 2
      vertex 33.5 20.1 2
      vertex 35.2646 18.5758 2
    endloop
  endfacet
  facet normal 0 0 1
    outer loop
      vertex 35.2646 18.5758 2
      vertex 33.5 20.1 2
      vertex 35.1333 18.4971 2
    endloop
  endfacet
  facet normal 0 0 1
    outer loop
      vertex 35.1333 18.4971 2
      vertex 33.5 20.1 2
      vertex 35.0103 18.4059 2
    endloop
  endfacet
  facet normal 0 0 1
    outer loop
      vertex 35.0103 18.4059 2
      vertex 33.5 20.1 2
      vertex 34.8969 18.3031 2
    endloop
  endfacet
  facet normal 0 0 1
    outer loop
      vertex 34.6475 2.15291 2
      vertex 33.5 -0.9 2
      vertex 34.64 2 2
    endloop
  endfacet
  facet normal 0 0 1
    outer loop
      vertex 34.4475 17.3529 2
      vertex 33.5 20.1 2
      vertex 34.44 17.2 2
    endloop
  endfacet
  facet normal 0 0 1
    outer loop
      vertex 34.47 17.5043 2
      vertex 33.5 20.1 2
      vertex 34.4475 17.3529 2
    endloop
  endfacet
  facet normal 0 0 1
    outer loop
      vertex 34.5072 17.6528 2
      vertex 33.5 20.1 2
      vertex 34.47 17.5043 2
    endloop
  endfacet
  facet normal 0 0 1
    outer loop
      vertex 34.5587 17.797 2
      vertex 33.5 20.1 2
      vertex 34.5072 17.6528 2
    endloop
  endfacet
  facet normal 0 0 1
    outer loop
      vertex 34.6242 17.9354 2
      vertex 33.5 20.1 2
      vertex 34.5587 17.797 2
    endloop
  endfacet
  facet normal 0 0 1
    outer loop
      vertex 34.7029 18.0667 2
      vertex 33.5 20.1 2
      vertex 34.6242 17.9354 2
    endloop
  endfacet
  facet normal 0 0 1
    outer loop
      vertex 34.7941 18.1897 2
      vertex 33.5 20.1 2
      vertex 34.7029 18.0667 2
    endloop
  endfacet
  facet normal 0 0 1
    outer loop
      vertex 34.8969 18.3031 2
      vertex 33.5 20.1 2
      vertex 34.7941 18.1897 2
    endloop
  endfacet
  facet normal 0 0 1
    outer loop
      vertex 26.3825 24.394 2
      vertex 33.5 20.1 2
      vertex 38.75 22.7 2
    endloop
  endfacet
  facet normal 0 0 1
    outer loop
      vertex 33.5 20.1 2
      vertex 26.5601 23.8087 2
      vertex 26.62 23.2 2
    endloop
  endfacet
  facet normal 0 0 1
    outer loop
      vertex 33.5 20.1 2
      vertex 26.3825 24.394 2
      vertex 26.5601 23.8087 2
    endloop
  endfacet
  facet normal 0 0 1
    outer loop
      vertex 38.75 22.7 2
      vertex 26.0942 24.9334 2
      vertex 26.3825 24.394 2
    endloop
  endfacet
  facet normal 0 0 1
    outer loop
      vertex 38.75 22.7 2
      vertex 25.7062 25.4062 2
      vertex 26.0942 24.9334 2
    endloop
  endfacet
  facet normal 0 0 1
    outer loop
      vertex 38.75 22.7 2
      vertex 25.2334 25.7942 2
      vertex 25.7062 25.4062 2
    endloop
  endfacet
  facet normal 0 0 1
    outer loop
      vertex 38.75 22.7 2
      vertex 24.694 26.0825 2
      vertex 25.2334 25.7942 2
    endloop
  endfacet
  facet normal 0 0 1
    outer loop
      vertex 14.6495 33.0487 2
      vertex 24.694 26.0825 2
      vertex 38.75 22.7 2
    endloop
  endfacet
  facet normal 0 0 1
    outer loop
      vertex 20.4399 23.8087 2
      vertex 15.82 23.4 2
      vertex 20.38 23.2 2
    endloop
  endfacet
  facet normal -0 0 1
    outer loop
      vertex 15.76 24.0087 2
      vertex 20.4399 23.8087 2
      vertex 20.6175 24.394 2
    endloop
  endfacet
  facet normal -0 0 1
    outer loop
      vertex 15.5825 24.594 2
      vertex 20.6175 24.394 2
      vertex 20.9058 24.9334 2
    endloop
  endfacet
  facet normal -0 0 1
    outer loop
      vertex 15.2942 25.1334 2
      vertex 20.9058 24.9334 2
      vertex 21.2938 25.4062 2
    endloop
  endfacet
  facet normal 0 0 1
    outer loop
      vertex 14.6495 33.0487 2
      vertex 21.2938 25.4062 2
      vertex 21.7666 25.7942 2
    endloop
  endfacet
  facet normal 0 0 1
    outer loop
      vertex 14.6495 33.0487 2
      vertex 21.7666 25.7942 2
      vertex 22.306 26.0825 2
    endloop
  endfacet
  facet normal 0 0 1
    outer loop
      vertex 20.4399 23.8087 2
      vertex 15.76 24.0087 2
      vertex 15.82 23.4 2
    endloop
  endfacet
  facet normal 0 0 1
    outer loop
      vertex 20.6175 24.394 2
      vertex 15.5825 24.594 2
      vertex 15.76 24.0087 2
    endloop
  endfacet
  facet normal 0 0 1
    outer loop
      vertex 14.6495 33.0487 2
      vertex 22.306 26.0825 2
      vertex 22.8913 26.26 2
    endloop
  endfacet
  facet normal 0 0 1
    outer loop
      vertex 20.9058 24.9334 2
      vertex 15.2942 25.1334 2
      vertex 15.5825 24.594 2
    endloop
  endfacet
  facet normal 0 0 1
    outer loop
      vertex 21.2938 25.4062 2
      vertex 14.9062 25.6062 2
      vertex 15.2942 25.1334 2
    endloop
  endfacet
  facet normal 0 0 1
    outer loop
      vertex 14.6495 33.0487 2
      vertex 22.8913 26.26 2
      vertex 23.5 26.32 2
    endloop
  endfacet
  facet normal 0 0 1
    outer loop
      vertex 24.694 26.0825 2
      vertex 14.6495 33.0487 2
      vertex 24.1087 26.26 2
    endloop
  endfacet
  facet normal 0 0 1
    outer loop
      vertex 14.6495 33.0487 2
      vertex 23.5 26.32 2
      vertex 24.1087 26.26 2
    endloop
  endfacet
  facet normal 0 0 1
    outer loop
      vertex 21.2938 25.4062 2
      vertex 14.6495 33.0487 2
      vertex 14.9062 25.6062 2
    endloop
  endfacet
  facet normal 0 0 1
    outer loop
      vertex 14.6495 33.0487 2
      vertex 14.4334 25.9942 2
      vertex 14.9062 25.6062 2
    endloop
  endfacet
  facet normal 0 0 1
    outer loop
      vertex 14.6495 33.0487 2
      vertex 13.894 26.2825 2
      vertex 14.4334 25.9942 2
    endloop
  endfacet
  facet normal 0 0 1
    outer loop
      vertex 12.7 26.52 2
      vertex 14.6495 33.0487 2
      vertex 13.834 33.3982 2
    endloop
  endfacet
  facet normal 0 0 1
    outer loop
      vertex 14.6495 33.0487 2
      vertex 13.3087 26.4601 2
      vertex 13.894 26.2825 2
    endloop
  endfacet
  facet normal 0 0 1
    outer loop
      vertex 12.7 26.52 2
      vertex 13.834 33.3982 2
      vertex 13.0102 33.7277 2
    endloop
  endfacet
  facet normal 0 0 1
    outer loop
      vertex 14.6495 33.0487 2
      vertex 12.7 26.52 2
      vertex 13.3087 26.4601 2
    endloop
  endfacet
  facet normal 0 0 1
    outer loop
      vertex 12.0913 26.4601 2
      vertex 13.0102 33.7277 2
      vertex 12.1786 34.0368 2
    endloop
  endfacet
  facet normal 0 0 1
    outer loop
      vertex 13.0102 33.7277 2
      vertex 12.0913 26.4601 2
      vertex 12.7 26.52 2
    endloop
  endfacet
  facet normal 0 0 1
    outer loop
      vertex 12.1786 34.0368 2
      vertex 11.506 26.2825 2
      vertex 12.0913 26.4601 2
    endloop
  endfacet
  facet normal 0 0 1
    outer loop
      vertex 11.3396 34.3254 2
      vertex 11.506 26.2825 2
      vertex 12.1786 34.0368 2
    endloop
  endfacet
  facet normal 0 0 1
    outer loop
      vertex 11.25 34.3538 2
      vertex 11.506 26.2825 2
      vertex 11.3396 34.3254 2
    endloop
  endfacet
  facet normal 0 0 1
    outer loop
      vertex 11.506 26.2825 2
      vertex 11.25 34.3538 2
      vertex 11.25 26.1457 2
    endloop
  endfacet
  facet normal -0 0 1
    outer loop
      vertex 37.7525 1.84709 2
      vertex 38.75 0 2
      vertex 37.76 2 2
    endloop
  endfacet
  facet normal -0 0 1
    outer loop
      vertex 37.73 1.69566 2
      vertex 38.75 0 2
      vertex 37.7525 1.84709 2
    endloop
  endfacet
  facet normal -0 0 1
    outer loop
      vertex 37.6928 1.54716 2
      vertex 38.75 0 2
      vertex 37.73 1.69566 2
    endloop
  endfacet
  facet normal -0 0 1
    outer loop
      vertex 37.6413 1.40301 2
      vertex 38.75 0 2
      vertex 37.6928 1.54716 2
    endloop
  endfacet
  facet normal -0 0 1
    outer loop
      vertex 37.5758 1.26462 2
      vertex 38.75 0 2
      vertex 37.6413 1.40301 2
    endloop
  endfacet
  facet normal -0 0 1
    outer loop
      vertex 37.4971 1.13331 2
      vertex 38.75 0 2
      vertex 37.5758 1.26462 2
    endloop
  endfacet
  facet normal -0 0 1
    outer loop
      vertex 37.4059 1.01035 2
      vertex 38.75 0 2
      vertex 37.4971 1.13331 2
    endloop
  endfacet
  facet normal -0 0 1
    outer loop
      vertex 37.3031 0.896913 2
      vertex 38.75 0 2
      vertex 37.4059 1.01035 2
    endloop
  endfacet
  facet normal -0 0 1
    outer loop
      vertex 37.1897 0.794104 2
      vertex 38.75 0 2
      vertex 37.3031 0.896913 2
    endloop
  endfacet
  facet normal -0 0 1
    outer loop
      vertex 37.0667 0.702907 2
      vertex 38.75 0 2
      vertex 37.1897 0.794104 2
    endloop
  endfacet
  facet normal -0 0 1
    outer loop
      vertex 36.9354 0.624203 2
      vertex 38.75 0 2
      vertex 37.0667 0.702907 2
    endloop
  endfacet
  facet normal -0 0 1
    outer loop
      vertex 36.797 0.558747 2
      vertex 38.75 0 2
      vertex 36.9354 0.624203 2
    endloop
  endfacet
  facet normal -0 0 1
    outer loop
      vertex 36.6528 0.507173 2
      vertex 38.75 0 2
      vertex 36.797 0.558747 2
    endloop
  endfacet
  facet normal -0 0 1
    outer loop
      vertex 36.5043 0.469975 2
      vertex 38.75 0 2
      vertex 36.6528 0.507173 2
    endloop
  endfacet
  facet normal -0 0 1
    outer loop
      vertex 36.3529 0.447512 2
      vertex 38.75 0 2
      vertex 36.5043 0.469975 2
    endloop
  endfacet
  facet normal 0 0 1
    outer loop
      vertex 33.5 -0.9 2
      vertex 36.3529 0.447512 2
      vertex 36.2 0.44 2
    endloop
  endfacet
  facet normal 0 0 1
    outer loop
      vertex 33.5 -0.9 2
      vertex 36.2 0.44 2
      vertex 36.0471 0.447512 2
    endloop
  endfacet
  facet normal 0 0 1
    outer loop
      vertex 33.5 -0.9 2
      vertex 36.0471 0.447512 2
      vertex 35.8957 0.469975 2
    endloop
  endfacet
  facet normal 0 0 1
    outer loop
      vertex 33.5 -0.9 2
      vertex 34.5072 16.7472 2
      vertex 34.47 16.8957 2
    endloop
  endfacet
  facet normal 0 0 1
    outer loop
      vertex 33.5 -0.9 2
      vertex 34.47 16.8957 2
      vertex 33.5 20.1 2
    endloop
  endfacet
  facet normal 0 0 1
    outer loop
      vertex 33.5 20.1 2
      vertex 34.47 16.8957 2
      vertex 34.4475 17.0471 2
    endloop
  endfacet
  facet normal 0 0 1
    outer loop
      vertex 34.7072 2.45284 2
      vertex 33.5 -0.9 2
      vertex 34.67 2.30434 2
    endloop
  endfacet
  facet normal 0 0 1
    outer loop
      vertex 33.5 20.1 2
      vertex 34.4475 17.0471 2
      vertex 34.44 17.2 2
    endloop
  endfacet
  facet normal 0 0 1
    outer loop
      vertex 36.3529 0.447512 2
      vertex 33.5 -0.9 2
      vertex 38.75 0 2
    endloop
  endfacet
  facet normal 0 0 1
    outer loop
      vertex 33.5 -0.9 2
      vertex 35.8957 0.469975 2
      vertex 35.7472 0.507173 2
    endloop
  endfacet
  facet normal 0 0 1
    outer loop
      vertex 33.5 -0.9 2
      vertex 35.7472 0.507173 2
      vertex 35.603 0.558747 2
    endloop
  endfacet
  facet normal 0 0 1
    outer loop
      vertex 33.5 -0.9 2
      vertex 35.603 0.558747 2
      vertex 35.4646 0.624203 2
    endloop
  endfacet
  facet normal 0 0 1
    outer loop
      vertex 33.5 -0.9 2
      vertex 35.4646 0.624203 2
      vertex 35.3333 0.702907 2
    endloop
  endfacet
  facet normal 0 0 1
    outer loop
      vertex 33.5 -0.9 2
      vertex 35.3333 0.702907 2
      vertex 35.2103 0.794104 2
    endloop
  endfacet
  facet normal 0 0 1
    outer loop
      vertex 33.5 -0.9 2
      vertex 35.2103 0.794104 2
      vertex 35.0969 0.896913 2
    endloop
  endfacet
  facet normal 0 0 1
    outer loop
      vertex 33.5 -0.9 2
      vertex 35.0969 0.896913 2
      vertex 34.9941 1.01035 2
    endloop
  endfacet
  facet normal 0 0 1
    outer loop
      vertex 33.5 -0.9 2
      vertex 34.9941 1.01035 2
      vertex 34.9029 1.13331 2
    endloop
  endfacet
  facet normal 0 0 1
    outer loop
      vertex 33.5 -0.9 2
      vertex 34.9029 1.13331 2
      vertex 34.8242 1.26462 2
    endloop
  endfacet
  facet normal 0 0 1
    outer loop
      vertex 33.5 -0.9 2
      vertex 34.8242 1.26462 2
      vertex 34.7587 1.40301 2
    endloop
  endfacet
  facet normal 0 0 1
    outer loop
      vertex 33.5 -0.9 2
      vertex 34.7587 1.40301 2
      vertex 34.7072 1.54716 2
    endloop
  endfacet
  facet normal 0 0 1
    outer loop
      vertex 33.5 -0.9 2
      vertex 34.7072 1.54716 2
      vertex 34.67 1.69566 2
    endloop
  endfacet
  facet normal 0 0 1
    outer loop
      vertex 33.5 -0.9 2
      vertex 34.67 1.69566 2
      vertex 34.6475 1.84709 2
    endloop
  endfacet
  facet normal 0 0 1
    outer loop
      vertex 33.5 -0.9 2
      vertex 34.6475 1.84709 2
      vertex 34.64 2 2
    endloop
  endfacet
  facet normal 0 0 1
    outer loop
      vertex 34.67 2.30434 2
      vertex 33.5 -0.9 2
      vertex 34.6475 2.15291 2
    endloop
  endfacet
  facet normal 0 0 1
    outer loop
      vertex 38.75 0 2
      vertex 37.4928 16.7472 2
      vertex 37.6928 2.45284 2
    endloop
  endfacet
  facet normal 0 0 1
    outer loop
      vertex 37.6928 2.45284 2
      vertex 37.4928 16.7472 2
      vertex 37.6413 2.59699 2
    endloop
  endfacet
  facet normal -0 0 1
    outer loop
      vertex 37.4413 16.603 2
      vertex 37.6413 2.59699 2
      vertex 37.4928 16.7472 2
    endloop
  endfacet
  facet normal 0 0 1
    outer loop
      vertex 37.6413 2.59699 2
      vertex 37.4413 16.603 2
      vertex 37.5758 2.73538 2
    endloop
  endfacet
  facet normal -0 0 1
    outer loop
      vertex 37.3758 16.4646 2
      vertex 37.5758 2.73538 2
      vertex 37.4413 16.603 2
    endloop
  endfacet
  facet normal 0 0 1
    outer loop
      vertex 37.5758 2.73538 2
      vertex 37.3758 16.4646 2
      vertex 37.4971 2.86669 2
    endloop
  endfacet
  facet normal -0 0 1
    outer loop
      vertex 37.2971 16.3333 2
      vertex 37.4971 2.86669 2
      vertex 37.3758 16.4646 2
    endloop
  endfacet
  facet normal 0 0 1
    outer loop
      vertex 37.4971 2.86669 2
      vertex 37.2971 16.3333 2
      vertex 37.4059 2.98965 2
    endloop
  endfacet
  facet normal -0 0 1
    outer loop
      vertex 37.2059 16.2103 2
      vertex 37.4059 2.98965 2
      vertex 37.2971 16.3333 2
    endloop
  endfacet
  facet normal 0 0 1
    outer loop
      vertex 37.4059 2.98965 2
      vertex 37.2059 16.2103 2
      vertex 37.3031 3.10309 2
    endloop
  endfacet
  facet normal -0 0 1
    outer loop
      vertex 37.1031 16.0969 2
      vertex 37.3031 3.10309 2
      vertex 37.2059 16.2103 2
    endloop
  endfacet
  facet normal 0 0 1
    outer loop
      vertex 37.3031 3.10309 2
      vertex 37.1031 16.0969 2
      vertex 37.1897 3.2059 2
    endloop
  endfacet
  facet normal -0 0 1
    outer loop
      vertex 36.9897 15.9941 2
      vertex 37.1897 3.2059 2
      vertex 37.1031 16.0969 2
    endloop
  endfacet
  facet normal 0 0 1
    outer loop
      vertex 37.1897 3.2059 2
      vertex 36.9897 15.9941 2
      vertex 37.0667 3.29709 2
    endloop
  endfacet
  facet normal -0 0 1
    outer loop
      vertex 36.8667 15.9029 2
      vertex 37.0667 3.29709 2
      vertex 36.9897 15.9941 2
    endloop
  endfacet
  facet normal 0 0 1
    outer loop
      vertex 37.0667 3.29709 2
      vertex 36.8667 15.9029 2
      vertex 36.9354 3.3758 2
    endloop
  endfacet
  facet normal -0 0 1
    outer loop
      vertex 36.7354 15.8242 2
      vertex 36.9354 3.3758 2
      vertex 36.8667 15.9029 2
    endloop
  endfacet
  facet normal 0 0 1
    outer loop
      vertex 36.9354 3.3758 2
      vertex 36.7354 15.8242 2
      vertex 36.797 3.44125 2
    endloop
  endfacet
  facet normal -0 0 1
    outer loop
      vertex 36.597 15.7587 2
      vertex 36.797 3.44125 2
      vertex 36.7354 15.8242 2
    endloop
  endfacet
  facet normal 0 0 1
    outer loop
      vertex 36.797 3.44125 2
      vertex 36.597 15.7587 2
      vertex 36.6528 3.49283 2
    endloop
  endfacet
  facet normal -0 0 1
    outer loop
      vertex 36.4528 15.7072 2
      vertex 36.6528 3.49283 2
      vertex 36.597 15.7587 2
    endloop
  endfacet
  facet normal 0 0 1
    outer loop
      vertex 36.6528 3.49283 2
      vertex 36.4528 15.7072 2
      vertex 36.5043 3.53002 2
    endloop
  endfacet
  facet normal -0 0 1
    outer loop
      vertex 36.3043 15.67 2
      vertex 36.5043 3.53002 2
      vertex 36.4528 15.7072 2
    endloop
  endfacet
  facet normal 0 0 1
    outer loop
      vertex 36.5043 3.53002 2
      vertex 36.3043 15.67 2
      vertex 36.3529 3.55249 2
    endloop
  endfacet
  facet normal -0 0 1
    outer loop
      vertex 36.1529 15.6475 2
      vertex 36.3529 3.55249 2
      vertex 36.3043 15.67 2
    endloop
  endfacet
  facet normal 0 0 1
    outer loop
      vertex 36.3529 3.55249 2
      vertex 36.1529 15.6475 2
      vertex 36.2 3.56 2
    endloop
  endfacet
  facet normal -0 0 1
    outer loop
      vertex 36 15.64 2
      vertex 36.2 3.56 2
      vertex 36.1529 15.6475 2
    endloop
  endfacet
  facet normal 0 0 1
    outer loop
      vertex 36.2 3.56 2
      vertex 36 15.64 2
      vertex 36.0471 3.55249 2
    endloop
  endfacet
  facet normal 0 0 1
    outer loop
      vertex 35.8471 15.6475 2
      vertex 36.0471 3.55249 2
      vertex 36 15.64 2
    endloop
  endfacet
  facet normal 0 0 1
    outer loop
      vertex 36.0471 3.55249 2
      vertex 35.8471 15.6475 2
      vertex 35.8957 3.53002 2
    endloop
  endfacet
  facet normal 0 0 1
    outer loop
      vertex 35.6957 15.67 2
      vertex 35.8957 3.53002 2
      vertex 35.8471 15.6475 2
    endloop
  endfacet
  facet normal 0 0 1
    outer loop
      vertex 35.8957 3.53002 2
      vertex 35.6957 15.67 2
      vertex 35.7472 3.49283 2
    endloop
  endfacet
  facet normal 0 0 1
    outer loop
      vertex 35.5472 15.7072 2
      vertex 35.7472 3.49283 2
      vertex 35.6957 15.67 2
    endloop
  endfacet
  facet normal 0 0 1
    outer loop
      vertex 35.7472 3.49283 2
      vertex 35.5472 15.7072 2
      vertex 35.603 3.44125 2
    endloop
  endfacet
  facet normal 0 0 1
    outer loop
      vertex 35.403 15.7587 2
      vertex 35.603 3.44125 2
      vertex 35.5472 15.7072 2
    endloop
  endfacet
  facet normal 0 0 1
    outer loop
      vertex 35.603 3.44125 2
      vertex 35.403 15.7587 2
      vertex 35.4646 3.3758 2
    endloop
  endfacet
  facet normal 0 0 1
    outer loop
      vertex 35.2646 15.8242 2
      vertex 35.4646 3.3758 2
      vertex 35.403 15.7587 2
    endloop
  endfacet
  facet normal 0 0 1
    outer loop
      vertex 35.4646 3.3758 2
      vertex 35.2646 15.8242 2
      vertex 35.3333 3.29709 2
    endloop
  endfacet
  facet normal 0 0 1
    outer loop
      vertex 35.1333 15.9029 2
      vertex 35.3333 3.29709 2
      vertex 35.2646 15.8242 2
    endloop
  endfacet
  facet normal 0 0 1
    outer loop
      vertex 35.3333 3.29709 2
      vertex 35.1333 15.9029 2
      vertex 35.2103 3.2059 2
    endloop
  endfacet
  facet normal 0 0 1
    outer loop
      vertex 35.0103 15.9941 2
      vertex 35.2103 3.2059 2
      vertex 35.1333 15.9029 2
    endloop
  endfacet
  facet normal 0 0 1
    outer loop
      vertex 35.2103 3.2059 2
      vertex 35.0103 15.9941 2
      vertex 35.0969 3.10309 2
    endloop
  endfacet
  facet normal 0 0 1
    outer loop
      vertex 34.8969 16.0969 2
      vertex 35.0969 3.10309 2
      vertex 35.0103 15.9941 2
    endloop
  endfacet
  facet normal 0 0 1
    outer loop
      vertex 35.0969 3.10309 2
      vertex 34.8969 16.0969 2
      vertex 34.9941 2.98965 2
    endloop
  endfacet
  facet normal 0 0 1
    outer loop
      vertex 34.7941 16.2103 2
      vertex 34.9941 2.98965 2
      vertex 34.8969 16.0969 2
    endloop
  endfacet
  facet normal 0 0 1
    outer loop
      vertex 34.9941 2.98965 2
      vertex 34.7941 16.2103 2
      vertex 34.9029 2.86669 2
    endloop
  endfacet
  facet normal 0 0 1
    outer loop
      vertex 34.7029 16.3333 2
      vertex 34.9029 2.86669 2
      vertex 34.7941 16.2103 2
    endloop
  endfacet
  facet normal 0 0 1
    outer loop
      vertex 34.9029 2.86669 2
      vertex 34.7029 16.3333 2
      vertex 34.8242 2.73538 2
    endloop
  endfacet
  facet normal 0 0 1
    outer loop
      vertex 34.6242 16.4646 2
      vertex 34.8242 2.73538 2
      vertex 34.7029 16.3333 2
    endloop
  endfacet
  facet normal 0 0 1
    outer loop
      vertex 34.8242 2.73538 2
      vertex 34.6242 16.4646 2
      vertex 34.7587 2.59699 2
    endloop
  endfacet
  facet normal 0 0 1
    outer loop
      vertex 34.5587 16.603 2
      vertex 34.7587 2.59699 2
      vertex 34.6242 16.4646 2
    endloop
  endfacet
  facet normal 0 0 1
    outer loop
      vertex 34.7587 2.59699 2
      vertex 34.5587 16.603 2
      vertex 34.7072 2.45284 2
    endloop
  endfacet
  facet normal 0 0 1
    outer loop
      vertex 34.5072 16.7472 2
      vertex 34.7072 2.45284 2
      vertex 34.5587 16.603 2
    endloop
  endfacet
  facet normal 0 0 1
    outer loop
      vertex 33.5 -0.9 2
      vertex 34.7072 2.45284 2
      vertex 34.5072 16.7472 2
    endloop
  endfacet
  facet normal 0 0 1
    outer loop
      vertex 8.78373 35.0666 2
      vertex 9.25 20.1 2
      vertex 9.25 34.9437 2
    endloop
  endfacet
  facet normal 0 0 1
    outer loop
      vertex 7.92051 35.2716 2
      vertex 9.25 20.1 2
      vertex 8.78373 35.0666 2
    endloop
  endfacet
  facet normal 0 0 1
    outer loop
      vertex 7.05252 35.4554 2
      vertex 9.25 20.1 2
      vertex 7.92051 35.2716 2
    endloop
  endfacet
  facet normal 0 0 1
    outer loop
      vertex 6.18027 35.6178 2
      vertex 9.25 20.1 2
      vertex 7.05252 35.4554 2
    endloop
  endfacet
  facet normal 0 0 1
    outer loop
      vertex 5.30431 35.7587 2
      vertex 9.25 20.1 2
      vertex 6.18027 35.6178 2
    endloop
  endfacet
  facet normal 0 0 1
    outer loop
      vertex 4.42515 35.8781 2
      vertex 9.25 20.1 2
      vertex 5.30431 35.7587 2
    endloop
  endfacet
  facet normal 0 0 1
    outer loop
      vertex 3.54332 35.9759 2
      vertex 9.25 20.1 2
      vertex 4.42515 35.8781 2
    endloop
  endfacet
  facet normal 0 0 1
    outer loop
      vertex 2.65936 36.052 2
      vertex 9.25 20.1 2
      vertex 3.54332 35.9759 2
    endloop
  endfacet
  facet normal 0 0 1
    outer loop
      vertex 1.7738 36.1065 2
      vertex 9.25 20.1 2
      vertex 2.65936 36.052 2
    endloop
  endfacet
  facet normal 0 0 1
    outer loop
      vertex 0.887165 36.1391 2
      vertex 9.25 20.1 2
      vertex 1.7738 36.1065 2
    endloop
  endfacet
  facet normal 0 0 1
    outer loop
      vertex 0 36.15 2
      vertex 9.25 20.1 2
      vertex 0.887165 36.1391 2
    endloop
  endfacet
  facet normal 0 0 1
    outer loop
      vertex -9.25 20.1 2
      vertex 0 36.15 2
      vertex -0.887165 36.1391 2
    endloop
  endfacet
  facet normal 0 0 1
    outer loop
      vertex -9.25 20.1 2
      vertex -0.887165 36.1391 2
      vertex -1.7738 36.1065 2
    endloop
  endfacet
  facet normal 0 0 1
    outer loop
      vertex -9.25 20.1 2
      vertex -1.7738 36.1065 2
      vertex -2.65936 36.052 2
    endloop
  endfacet
  facet normal 0 0 1
    outer loop
      vertex -9.25 20.1 2
      vertex -2.65936 36.052 2
      vertex -3.54332 35.9759 2
    endloop
  endfacet
  facet normal 0 0 1
    outer loop
      vertex -9.25 20.1 2
      vertex -3.54332 35.9759 2
      vertex -4.42515 35.8781 2
    endloop
  endfacet
  facet normal 0 0 1
    outer loop
      vertex -9.25 20.1 2
      vertex -4.42515 35.8781 2
      vertex -5.30431 35.7587 2
    endloop
  endfacet
  facet normal 0 0 1
    outer loop
      vertex -9.25 20.1 2
      vertex -5.30431 35.7587 2
      vertex -6.18027 35.6178 2
    endloop
  endfacet
  facet normal 0 0 1
    outer loop
      vertex -9.25 20.1 2
      vertex -6.18027 35.6178 2
      vertex -7.05252 35.4554 2
    endloop
  endfacet
  facet normal 0 0 1
    outer loop
      vertex -9.25 20.1 2
      vertex -7.05252 35.4554 2
      vertex -7.92051 35.2716 2
    endloop
  endfacet
  facet normal 0 0 1
    outer loop
      vertex -9.25 20.1 2
      vertex -7.92051 35.2716 2
      vertex -8.78373 35.0666 2
    endloop
  endfacet
  facet normal 0 0 1
    outer loop
      vertex -9.25 20.1 2
      vertex -8.78373 35.0666 2
      vertex -9.25 34.9437 2
    endloop
  endfacet
  facet normal 0 0 1
    outer loop
      vertex 0 36.15 2
      vertex -9.25 20.1 2
      vertex 9.25 20.1 2
    endloop
  endfacet
  facet normal 0 0 1
    outer loop
      vertex -11.4528 24.2334 2
      vertex -11.25 23.7624 2
      vertex -11.3142 23.974 2
    endloop
  endfacet
  facet normal 0 0 1
    outer loop
      vertex -11.6393 24.4607 2
      vertex -11.25 23.7624 2
      vertex -11.4528 24.2334 2
    endloop
  endfacet
  facet normal 0 0 1
    outer loop
      vertex -11.25 23.7624 2
      vertex -11.6393 24.4607 2
      vertex -11.25 23.0376 2
    endloop
  endfacet
  facet normal 0 0 1
    outer loop
      vertex -11.25 23.0376 2
      vertex -11.4528 22.5666 2
      vertex -11.3142 22.826 2
    endloop
  endfacet
  facet normal 0 0 1
    outer loop
      vertex -11.6393 22.3393 2
      vertex -11.25 23.0376 2
      vertex -11.6393 24.4607 2
    endloop
  endfacet
  facet normal 0 0 1
    outer loop
      vertex -11.25 23.0376 2
      vertex -11.6393 22.3393 2
      vertex -11.4528 22.5666 2
    endloop
  endfacet
  facet normal 0 0 1
    outer loop
      vertex -11.8666 24.6472 2
      vertex -11.6393 22.3393 2
      vertex -11.6393 24.4607 2
    endloop
  endfacet
  facet normal 0 0 1
    outer loop
      vertex -11.8666 24.6472 2
      vertex -11.8666 22.1528 2
      vertex -11.6393 22.3393 2
    endloop
  endfacet
  facet normal 0 0 1
    outer loop
      vertex -12.126 24.7858 2
      vertex -11.8666 22.1528 2
      vertex -11.8666 24.6472 2
    endloop
  endfacet
  facet normal 0 0 1
    outer loop
      vertex -12.126 24.7858 2
      vertex -12.126 22.0142 2
      vertex -11.8666 22.1528 2
    endloop
  endfacet
  facet normal 0 0 1
    outer loop
      vertex -12.4074 24.8712 2
      vertex -12.126 22.0142 2
      vertex -12.126 24.7858 2
    endloop
  endfacet
  facet normal 0 0 1
    outer loop
      vertex -12.4074 24.8712 2
      vertex -12.4074 21.9288 2
      vertex -12.126 22.0142 2
    endloop
  endfacet
  facet normal 0 0 1
    outer loop
      vertex -12.7 24.9 2
      vertex -12.4074 21.9288 2
      vertex -12.4074 24.8712 2
    endloop
  endfacet
  facet normal 0 0 1
    outer loop
      vertex -12.7 24.9 2
      vertex -12.7 21.9 2
      vertex -12.4074 21.9288 2
    endloop
  endfacet
  facet normal -0 0 1
    outer loop
      vertex -12.9926 24.8712 2
      vertex -12.7 21.9 2
      vertex -12.7 24.9 2
    endloop
  endfacet
  facet normal 0 0 1
    outer loop
      vertex -12.9926 24.8712 2
      vertex -12.9926 21.9288 2
      vertex -12.7 21.9 2
    endloop
  endfacet
  facet normal -0 0 1
    outer loop
      vertex -13.274 24.7858 2
      vertex -12.9926 21.9288 2
      vertex -12.9926 24.8712 2
    endloop
  endfacet
  facet normal 0 0 1
    outer loop
      vertex -13.274 24.7858 2
      vertex -13.274 22.0142 2
      vertex -12.9926 21.9288 2
    endloop
  endfacet
  facet normal -0 0 1
    outer loop
      vertex -13.5334 24.6472 2
      vertex -13.274 22.0142 2
      vertex -13.274 24.7858 2
    endloop
  endfacet
  facet normal 0 0 1
    outer loop
      vertex -13.5334 24.6472 2
      vertex -13.5334 22.1528 2
      vertex -13.274 22.0142 2
    endloop
  endfacet
  facet normal -0 0 1
    outer loop
      vertex -13.7607 24.4607 2
      vertex -13.5334 22.1528 2
      vertex -13.5334 24.6472 2
    endloop
  endfacet
  facet normal 0 0 1
    outer loop
      vertex -13.7607 24.4607 2
      vertex -13.7607 22.3393 2
      vertex -13.5334 22.1528 2
    endloop
  endfacet
  facet normal -0 0 1
    outer loop
      vertex -13.9472 24.2334 2
      vertex -13.7607 22.3393 2
      vertex -13.7607 24.4607 2
    endloop
  endfacet
  facet normal 0 0 1
    outer loop
      vertex -13.9472 24.2334 2
      vertex -13.9472 22.5666 2
      vertex -13.7607 22.3393 2
    endloop
  endfacet
  facet normal -0 0 1
    outer loop
      vertex -14.0858 23.974 2
      vertex -13.9472 22.5666 2
      vertex -13.9472 24.2334 2
    endloop
  endfacet
  facet normal 0 0 1
    outer loop
      vertex -14.0858 23.974 2
      vertex -14.0858 22.826 2
      vertex -13.9472 22.5666 2
    endloop
  endfacet
  facet normal -0 0 1
    outer loop
      vertex -14.1712 23.6926 2
      vertex -14.0858 22.826 2
      vertex -14.0858 23.974 2
    endloop
  endfacet
  facet normal 0 0 1
    outer loop
      vertex -14.1712 23.6926 2
      vertex -14.1712 23.1074 2
      vertex -14.0858 22.826 2
    endloop
  endfacet
  facet normal 0 -0 1
    outer loop
      vertex -14.1712 23.1074 2
      vertex -14.1712 23.6926 2
      vertex -14.2 23.4 2
    endloop
  endfacet
  facet normal 0 0 1
    outer loop
      vertex 14.1712 23.6926 2
      vertex 14.1712 23.1074 2
      vertex 14.2 23.4 2
    endloop
  endfacet
  facet normal 0 0 1
    outer loop
      vertex 14.0858 23.974 2
      vertex 14.1712 23.1074 2
      vertex 14.1712 23.6926 2
    endloop
  endfacet
  facet normal 0 0 1
    outer loop
      vertex 14.0858 23.974 2
      vertex 14.0858 22.826 2
      vertex 14.1712 23.1074 2
    endloop
  endfacet
  facet normal 0 0 1
    outer loop
      vertex 13.9472 24.2334 2
      vertex 14.0858 22.826 2
      vertex 14.0858 23.974 2
    endloop
  endfacet
  facet normal 0 0 1
    outer loop
      vertex 13.9472 24.2334 2
      vertex 13.9472 22.5666 2
      vertex 14.0858 22.826 2
    endloop
  endfacet
  facet normal 0 0 1
    outer loop
      vertex 13.7607 24.4607 2
      vertex 13.9472 22.5666 2
      vertex 13.9472 24.2334 2
    endloop
  endfacet
  facet normal 0 0 1
    outer loop
      vertex 13.7607 24.4607 2
      vertex 13.7607 22.3393 2
      vertex 13.9472 22.5666 2
    endloop
  endfacet
  facet normal 0 0 1
    outer loop
      vertex 13.5334 24.6472 2
      vertex 13.7607 22.3393 2
      vertex 13.7607 24.4607 2
    endloop
  endfacet
  facet normal 0 0 1
    outer loop
      vertex 13.5334 24.6472 2
      vertex 13.5334 22.1528 2
      vertex 13.7607 22.3393 2
    endloop
  endfacet
  facet normal 0 0 1
    outer loop
      vertex 13.274 24.7858 2
      vertex 13.5334 22.1528 2
      vertex 13.5334 24.6472 2
    endloop
  endfacet
  facet normal 0 0 1
    outer loop
      vertex 13.274 24.7858 2
      vertex 13.274 22.0142 2
      vertex 13.5334 22.1528 2
    endloop
  endfacet
  facet normal 0 0 1
    outer loop
      vertex 12.9926 24.8712 2
      vertex 13.274 22.0142 2
      vertex 13.274 24.7858 2
    endloop
  endfacet
  facet normal 0 0 1
    outer loop
      vertex 12.9926 24.8712 2
      vertex 12.9926 21.9288 2
      vertex 13.274 22.0142 2
    endloop
  endfacet
  facet normal 0 0 1
    outer loop
      vertex 12.7 24.9 2
      vertex 12.9926 21.9288 2
      vertex 12.9926 24.8712 2
    endloop
  endfacet
  facet normal 0 0 1
    outer loop
      vertex 12.7 24.9 2
      vertex 12.7 21.9 2
      vertex 12.9926 21.9288 2
    endloop
  endfacet
  facet normal -0 0 1
    outer loop
      vertex 12.4074 24.8712 2
      vertex 12.7 21.9 2
      vertex 12.7 24.9 2
    endloop
  endfacet
  facet normal 0 0 1
    outer loop
      vertex 12.4074 24.8712 2
      vertex 12.4074 21.9288 2
      vertex 12.7 21.9 2
    endloop
  endfacet
  facet normal -0 0 1
    outer loop
      vertex 12.126 24.7858 2
      vertex 12.4074 21.9288 2
      vertex 12.4074 24.8712 2
    endloop
  endfacet
  facet normal 0 0 1
    outer loop
      vertex 12.126 24.7858 2
      vertex 12.126 22.0142 2
      vertex 12.4074 21.9288 2
    endloop
  endfacet
  facet normal -0 0 1
    outer loop
      vertex 11.8666 24.6472 2
      vertex 12.126 22.0142 2
      vertex 12.126 24.7858 2
    endloop
  endfacet
  facet normal 0 0 1
    outer loop
      vertex 11.8666 24.6472 2
      vertex 11.8666 22.1528 2
      vertex 12.126 22.0142 2
    endloop
  endfacet
  facet normal -0 0 1
    outer loop
      vertex 11.6393 24.4607 2
      vertex 11.8666 22.1528 2
      vertex 11.8666 24.6472 2
    endloop
  endfacet
  facet normal 0 0 1
    outer loop
      vertex 11.6393 24.4607 2
      vertex 11.6393 22.3393 2
      vertex 11.8666 22.1528 2
    endloop
  endfacet
  facet normal 0 0 1
    outer loop
      vertex 11.25 23.7624 2
      vertex 11.6393 24.4607 2
      vertex 11.4528 24.2334 2
    endloop
  endfacet
  facet normal 0 0 1
    outer loop
      vertex 11.6393 24.4607 2
      vertex 11.25 23.7624 2
      vertex 11.6393 22.3393 2
    endloop
  endfacet
  facet normal 0 0 1
    outer loop
      vertex 11.25 23.7624 2
      vertex 11.4528 24.2334 2
      vertex 11.3142 23.974 2
    endloop
  endfacet
  facet normal -0 0 1
    outer loop
      vertex 11.25 23.0376 2
      vertex 11.6393 22.3393 2
      vertex 11.25 23.7624 2
    endloop
  endfacet
  facet normal 0 0 1
    outer loop
      vertex 11.6393 22.3393 2
      vertex 11.25 23.0376 2
      vertex 11.4528 22.5666 2
    endloop
  endfacet
  facet normal 0 0 1
    outer loop
      vertex 11.4528 22.5666 2
      vertex 11.25 23.0376 2
      vertex 11.3142 22.826 2
    endloop
  endfacet
  facet normal 0 0 1
    outer loop
      vertex -22.0288 23.4926 2
      vertex -22.0288 22.9074 2
      vertex -22 23.2 2
    endloop
  endfacet
  facet normal 0 0 1
    outer loop
      vertex -22.1142 23.774 2
      vertex -22.0288 22.9074 2
      vertex -22.0288 23.4926 2
    endloop
  endfacet
  facet normal 0 0 1
    outer loop
      vertex -22.1142 23.774 2
      vertex -22.1142 22.626 2
      vertex -22.0288 22.9074 2
    endloop
  endfacet
  facet normal 0 0 1
    outer loop
      vertex -22.2528 24.0334 2
      vertex -22.1142 22.626 2
      vertex -22.1142 23.774 2
    endloop
  endfacet
  facet normal 0 0 1
    outer loop
      vertex -22.2528 24.0334 2
      vertex -22.2528 22.3666 2
      vertex -22.1142 22.626 2
    endloop
  endfacet
  facet normal 0 0 1
    outer loop
      vertex -22.4393 24.2607 2
      vertex -22.2528 22.3666 2
      vertex -22.2528 24.0334 2
    endloop
  endfacet
  facet normal 0 0 1
    outer loop
      vertex -22.4393 24.2607 2
      vertex -22.4393 22.1393 2
      vertex -22.2528 22.3666 2
    endloop
  endfacet
  facet normal 0 0 1
    outer loop
      vertex -22.6666 24.4472 2
      vertex -22.4393 22.1393 2
      vertex -22.4393 24.2607 2
    endloop
  endfacet
  facet normal 0 0 1
    outer loop
      vertex -22.6666 24.4472 2
      vertex -22.6666 21.9528 2
      vertex -22.4393 22.1393 2
    endloop
  endfacet
  facet normal 0 0 1
    outer loop
      vertex -22.926 24.5858 2
      vertex -22.6666 21.9528 2
      vertex -22.6666 24.4472 2
    endloop
  endfacet
  facet normal 0 0 1
    outer loop
      vertex -22.926 24.5858 2
      vertex -22.926 21.8142 2
      vertex -22.6666 21.9528 2
    endloop
  endfacet
  facet normal 0 0 1
    outer loop
      vertex -23.2074 24.6712 2
      vertex -22.926 21.8142 2
      vertex -22.926 24.5858 2
    endloop
  endfacet
  facet normal 0 0 1
    outer loop
      vertex -23.2074 24.6712 2
      vertex -23.2074 21.7288 2
      vertex -22.926 21.8142 2
    endloop
  endfacet
  facet normal 0 0 1
    outer loop
      vertex -23.5 24.7 2
      vertex -23.2074 21.7288 2
      vertex -23.2074 24.6712 2
    endloop
  endfacet
  facet normal 0 0 1
    outer loop
      vertex -23.5 24.7 2
      vertex -23.5 21.7 2
      vertex -23.2074 21.7288 2
    endloop
  endfacet
  facet normal -0 0 1
    outer loop
      vertex -23.7926 24.6712 2
      vertex -23.5 21.7 2
      vertex -23.5 24.7 2
    endloop
  endfacet
  facet normal 0 0 1
    outer loop
      vertex -23.7926 24.6712 2
      vertex -23.7926 21.7288 2
      vertex -23.5 21.7 2
    endloop
  endfacet
  facet normal -0 0 1
    outer loop
      vertex -24.074 24.5858 2
      vertex -23.7926 21.7288 2
      vertex -23.7926 24.6712 2
    endloop
  endfacet
  facet normal 0 0 1
    outer loop
      vertex -24.074 24.5858 2
      vertex -24.074 21.8142 2
      vertex -23.7926 21.7288 2
    endloop
  endfacet
  facet normal -0 0 1
    outer loop
      vertex -24.3334 24.4472 2
      vertex -24.074 21.8142 2
      vertex -24.074 24.5858 2
    endloop
  endfacet
  facet normal 0 0 1
    outer loop
      vertex -24.3334 24.4472 2
      vertex -24.3334 21.9528 2
      vertex -24.074 21.8142 2
    endloop
  endfacet
  facet normal -0 0 1
    outer loop
      vertex -24.5607 24.2607 2
      vertex -24.3334 21.9528 2
      vertex -24.3334 24.4472 2
    endloop
  endfacet
  facet normal 0 0 1
    outer loop
      vertex -24.5607 24.2607 2
      vertex -24.5607 22.1393 2
      vertex -24.3334 21.9528 2
    endloop
  endfacet
  facet normal -0 0 1
    outer loop
      vertex -24.7472 24.0334 2
      vertex -24.5607 22.1393 2
      vertex -24.5607 24.2607 2
    endloop
  endfacet
  facet normal 0 0 1
    outer loop
      vertex -24.7472 24.0334 2
      vertex -24.7472 22.3666 2
      vertex -24.5607 22.1393 2
    endloop
  endfacet
  facet normal -0 0 1
    outer loop
      vertex -24.8858 23.774 2
      vertex -24.7472 22.3666 2
      vertex -24.7472 24.0334 2
    endloop
  endfacet
  facet normal 0 0 1
    outer loop
      vertex -24.8858 23.774 2
      vertex -24.8858 22.626 2
      vertex -24.7472 22.3666 2
    endloop
  endfacet
  facet normal -0 0 1
    outer loop
      vertex -24.9712 23.4926 2
      vertex -24.8858 22.626 2
      vertex -24.8858 23.774 2
    endloop
  endfacet
  facet normal 0 0 1
    outer loop
      vertex -24.9712 23.4926 2
      vertex -24.9712 22.9074 2
      vertex -24.8858 22.626 2
    endloop
  endfacet
  facet normal 0 -0 1
    outer loop
      vertex -24.9712 22.9074 2
      vertex -24.9712 23.4926 2
      vertex -25 23.2 2
    endloop
  endfacet
  facet normal 0 0 1
    outer loop
      vertex -11.2288 -23.1074 2
      vertex -11.2288 -23.6926 2
      vertex -11.2 -23.4 2
    endloop
  endfacet
  facet normal 0 0 1
    outer loop
      vertex -11.3142 -22.826 2
      vertex -11.2288 -23.6926 2
      vertex -11.2288 -23.1074 2
    endloop
  endfacet
  facet normal 0 0 1
    outer loop
      vertex -11.3142 -22.826 2
      vertex -11.3142 -23.974 2
      vertex -11.2288 -23.6926 2
    endloop
  endfacet
  facet normal 0 0 1
    outer loop
      vertex -11.4528 -22.5666 2
      vertex -11.3142 -23.974 2
      vertex -11.3142 -22.826 2
    endloop
  endfacet
  facet normal 0 0 1
    outer loop
      vertex -11.4528 -22.5666 2
      vertex -11.4528 -24.2334 2
      vertex -11.3142 -23.974 2
    endloop
  endfacet
  facet normal 0 0 1
    outer loop
      vertex -11.6393 -22.3393 2
      vertex -11.4528 -24.2334 2
      vertex -11.4528 -22.5666 2
    endloop
  endfacet
  facet normal 0 0 1
    outer loop
      vertex -11.6393 -22.3393 2
      vertex -11.6393 -24.4607 2
      vertex -11.4528 -24.2334 2
    endloop
  endfacet
  facet normal 0 0 1
    outer loop
      vertex -11.8666 -22.1528 2
      vertex -11.6393 -24.4607 2
      vertex -11.6393 -22.3393 2
    endloop
  endfacet
  facet normal 0 0 1
    outer loop
      vertex -11.8666 -22.1528 2
      vertex -11.8666 -24.6472 2
      vertex -11.6393 -24.4607 2
    endloop
  endfacet
  facet normal 0 0 1
    outer loop
      vertex -12.126 -22.0142 2
      vertex -11.8666 -24.6472 2
      vertex -11.8666 -22.1528 2
    endloop
  endfacet
  facet normal 0 0 1
    outer loop
      vertex -12.126 -22.0142 2
      vertex -12.126 -24.7858 2
      vertex -11.8666 -24.6472 2
    endloop
  endfacet
  facet normal 0 0 1
    outer loop
      vertex -12.4074 -21.9288 2
      vertex -12.126 -24.7858 2
      vertex -12.126 -22.0142 2
    endloop
  endfacet
  facet normal 0 0 1
    outer loop
      vertex -12.4074 -21.9288 2
      vertex -12.4074 -24.8712 2
      vertex -12.126 -24.7858 2
    endloop
  endfacet
  facet normal 0 0 1
    outer loop
      vertex -12.7 -21.9 2
      vertex -12.4074 -24.8712 2
      vertex -12.4074 -21.9288 2
    endloop
  endfacet
  facet normal 0 0 1
    outer loop
      vertex -12.7 -21.9 2
      vertex -12.7 -24.9 2
      vertex -12.4074 -24.8712 2
    endloop
  endfacet
  facet normal -0 0 1
    outer loop
      vertex -12.9926 -21.9288 2
      vertex -12.7 -24.9 2
      vertex -12.7 -21.9 2
    endloop
  endfacet
  facet normal 0 0 1
    outer loop
      vertex -12.9926 -21.9288 2
      vertex -12.9926 -24.8712 2
      vertex -12.7 -24.9 2
    endloop
  endfacet
  facet normal -0 0 1
    outer loop
      vertex -13.274 -22.0142 2
      vertex -12.9926 -24.8712 2
      vertex -12.9926 -21.9288 2
    endloop
  endfacet
  facet normal 0 0 1
    outer loop
      vertex -13.274 -22.0142 2
      vertex -13.274 -24.7858 2
      vertex -12.9926 -24.8712 2
    endloop
  endfacet
  facet normal -0 0 1
    outer loop
      vertex -13.5334 -22.1528 2
      vertex -13.274 -24.7858 2
      vertex -13.274 -22.0142 2
    endloop
  endfacet
  facet normal 0 0 1
    outer loop
      vertex -13.5334 -22.1528 2
      vertex -13.5334 -24.6472 2
      vertex -13.274 -24.7858 2
    endloop
  endfacet
  facet normal -0 0 1
    outer loop
      vertex -13.7607 -22.3393 2
      vertex -13.5334 -24.6472 2
      vertex -13.5334 -22.1528 2
    endloop
  endfacet
  facet normal 0 0 1
    outer loop
      vertex -13.7607 -22.3393 2
      vertex -13.7607 -24.4607 2
      vertex -13.5334 -24.6472 2
    endloop
  endfacet
  facet normal -0 0 1
    outer loop
      vertex -13.9472 -22.5666 2
      vertex -13.7607 -24.4607 2
      vertex -13.7607 -22.3393 2
    endloop
  endfacet
  facet normal 0 0 1
    outer loop
      vertex -13.9472 -22.5666 2
      vertex -13.9472 -24.2334 2
      vertex -13.7607 -24.4607 2
    endloop
  endfacet
  facet normal -0 0 1
    outer loop
      vertex -14.0858 -22.826 2
      vertex -13.9472 -24.2334 2
      vertex -13.9472 -22.5666 2
    endloop
  endfacet
  facet normal 0 0 1
    outer loop
      vertex -14.0858 -22.826 2
      vertex -14.0858 -23.974 2
      vertex -13.9472 -24.2334 2
    endloop
  endfacet
  facet normal -0 0 1
    outer loop
      vertex -14.1712 -23.1074 2
      vertex -14.0858 -23.974 2
      vertex -14.0858 -22.826 2
    endloop
  endfacet
  facet normal 0 0 1
    outer loop
      vertex -14.1712 -23.1074 2
      vertex -14.1712 -23.6926 2
      vertex -14.0858 -23.974 2
    endloop
  endfacet
  facet normal 0 -0 1
    outer loop
      vertex -14.1712 -23.6926 2
      vertex -14.1712 -23.1074 2
      vertex -14.2 -23.4 2
    endloop
  endfacet
  facet normal 0 0 1
    outer loop
      vertex 14.1712 -23.1074 2
      vertex 14.1712 -23.6926 2
      vertex 14.2 -23.4 2
    endloop
  endfacet
  facet normal 0 0 1
    outer loop
      vertex 14.0858 -22.826 2
      vertex 14.1712 -23.6926 2
      vertex 14.1712 -23.1074 2
    endloop
  endfacet
  facet normal 0 0 1
    outer loop
      vertex 14.0858 -22.826 2
      vertex 14.0858 -23.974 2
      vertex 14.1712 -23.6926 2
    endloop
  endfacet
  facet normal 0 0 1
    outer loop
      vertex 13.9472 -22.5666 2
      vertex 14.0858 -23.974 2
      vertex 14.0858 -22.826 2
    endloop
  endfacet
  facet normal 0 0 1
    outer loop
      vertex 13.9472 -22.5666 2
      vertex 13.9472 -24.2334 2
      vertex 14.0858 -23.974 2
    endloop
  endfacet
  facet normal 0 0 1
    outer loop
      vertex 13.7607 -22.3393 2
      vertex 13.9472 -24.2334 2
      vertex 13.9472 -22.5666 2
    endloop
  endfacet
  facet normal 0 0 1
    outer loop
      vertex 13.7607 -22.3393 2
      vertex 13.7607 -24.4607 2
      vertex 13.9472 -24.2334 2
    endloop
  endfacet
  facet normal 0 0 1
    outer loop
      vertex 13.5334 -22.1528 2
      vertex 13.7607 -24.4607 2
      vertex 13.7607 -22.3393 2
    endloop
  endfacet
  facet normal 0 0 1
    outer loop
      vertex 13.5334 -22.1528 2
      vertex 13.5334 -24.6472 2
      vertex 13.7607 -24.4607 2
    endloop
  endfacet
  facet normal 0 0 1
    outer loop
      vertex 13.274 -22.0142 2
      vertex 13.5334 -24.6472 2
      vertex 13.5334 -22.1528 2
    endloop
  endfacet
  facet normal 0 0 1
    outer loop
      vertex 13.274 -22.0142 2
      vertex 13.274 -24.7858 2
      vertex 13.5334 -24.6472 2
    endloop
  endfacet
  facet normal 0 0 1
    outer loop
      vertex 12.9926 -21.9288 2
      vertex 13.274 -24.7858 2
      vertex 13.274 -22.0142 2
    endloop
  endfacet
  facet normal 0 0 1
    outer loop
      vertex 12.9926 -21.9288 2
      vertex 12.9926 -24.8712 2
      vertex 13.274 -24.7858 2
    endloop
  endfacet
  facet normal 0 0 1
    outer loop
      vertex 12.7 -21.9 2
      vertex 12.9926 -24.8712 2
      vertex 12.9926 -21.9288 2
    endloop
  endfacet
  facet normal 0 0 1
    outer loop
      vertex 12.7 -21.9 2
      vertex 12.7 -24.9 2
      vertex 12.9926 -24.8712 2
    endloop
  endfacet
  facet normal -0 0 1
    outer loop
      vertex 12.4074 -21.9288 2
      vertex 12.7 -24.9 2
      vertex 12.7 -21.9 2
    endloop
  endfacet
  facet normal 0 0 1
    outer loop
      vertex 12.4074 -21.9288 2
      vertex 12.4074 -24.8712 2
      vertex 12.7 -24.9 2
    endloop
  endfacet
  facet normal -0 0 1
    outer loop
      vertex 12.126 -22.0142 2
      vertex 12.4074 -24.8712 2
      vertex 12.4074 -21.9288 2
    endloop
  endfacet
  facet normal 0 0 1
    outer loop
      vertex 12.126 -22.0142 2
      vertex 12.126 -24.7858 2
      vertex 12.4074 -24.8712 2
    endloop
  endfacet
  facet normal -0 0 1
    outer loop
      vertex 11.8666 -22.1528 2
      vertex 12.126 -24.7858 2
      vertex 12.126 -22.0142 2
    endloop
  endfacet
  facet normal 0 0 1
    outer loop
      vertex 11.8666 -22.1528 2
      vertex 11.8666 -24.6472 2
      vertex 12.126 -24.7858 2
    endloop
  endfacet
  facet normal -0 0 1
    outer loop
      vertex 11.6393 -22.3393 2
      vertex 11.8666 -24.6472 2
      vertex 11.8666 -22.1528 2
    endloop
  endfacet
  facet normal 0 0 1
    outer loop
      vertex 11.6393 -22.3393 2
      vertex 11.6393 -24.4607 2
      vertex 11.8666 -24.6472 2
    endloop
  endfacet
  facet normal -0 0 1
    outer loop
      vertex 11.4528 -22.5666 2
      vertex 11.6393 -24.4607 2
      vertex 11.6393 -22.3393 2
    endloop
  endfacet
  facet normal 0 0 1
    outer loop
      vertex 11.4528 -22.5666 2
      vertex 11.4528 -24.2334 2
      vertex 11.6393 -24.4607 2
    endloop
  endfacet
  facet normal -0 0 1
    outer loop
      vertex 11.3142 -22.826 2
      vertex 11.4528 -24.2334 2
      vertex 11.4528 -22.5666 2
    endloop
  endfacet
  facet normal 0 0 1
    outer loop
      vertex 11.3142 -22.826 2
      vertex 11.3142 -23.974 2
      vertex 11.4528 -24.2334 2
    endloop
  endfacet
  facet normal -0 0 1
    outer loop
      vertex 11.2288 -23.1074 2
      vertex 11.3142 -23.974 2
      vertex 11.3142 -22.826 2
    endloop
  endfacet
  facet normal 0 0 1
    outer loop
      vertex 11.2288 -23.1074 2
      vertex 11.2288 -23.6926 2
      vertex 11.3142 -23.974 2
    endloop
  endfacet
  facet normal 0 -0 1
    outer loop
      vertex 11.2288 -23.6926 2
      vertex 11.2288 -23.1074 2
      vertex 11.2 -23.4 2
    endloop
  endfacet
  facet normal 0 0 1
    outer loop
      vertex 24.9712 23.4926 2
      vertex 24.9712 22.9074 2
      vertex 25 23.2 2
    endloop
  endfacet
  facet normal 0 0 1
    outer loop
      vertex 24.8858 23.774 2
      vertex 24.9712 22.9074 2
      vertex 24.9712 23.4926 2
    endloop
  endfacet
  facet normal 0 0 1
    outer loop
      vertex 24.8858 23.774 2
      vertex 24.8858 22.626 2
      vertex 24.9712 22.9074 2
    endloop
  endfacet
  facet normal 0 0 1
    outer loop
      vertex 24.7472 24.0334 2
      vertex 24.8858 22.626 2
      vertex 24.8858 23.774 2
    endloop
  endfacet
  facet normal 0 0 1
    outer loop
      vertex 24.7472 24.0334 2
      vertex 24.7472 22.3666 2
      vertex 24.8858 22.626 2
    endloop
  endfacet
  facet normal 0 0 1
    outer loop
      vertex 24.5607 24.2607 2
      vertex 24.7472 22.3666 2
      vertex 24.7472 24.0334 2
    endloop
  endfacet
  facet normal 0 0 1
    outer loop
      vertex 24.5607 24.2607 2
      vertex 24.5607 22.1393 2
      vertex 24.7472 22.3666 2
    endloop
  endfacet
  facet normal 0 0 1
    outer loop
      vertex 24.3334 24.4472 2
      vertex 24.5607 22.1393 2
      vertex 24.5607 24.2607 2
    endloop
  endfacet
  facet normal 0 0 1
    outer loop
      vertex 24.3334 24.4472 2
      vertex 24.3334 21.9528 2
      vertex 24.5607 22.1393 2
    endloop
  endfacet
  facet normal 0 0 1
    outer loop
      vertex 24.074 24.5858 2
      vertex 24.3334 21.9528 2
      vertex 24.3334 24.4472 2
    endloop
  endfacet
  facet normal 0 0 1
    outer loop
      vertex 24.074 24.5858 2
      vertex 24.074 21.8142 2
      vertex 24.3334 21.9528 2
    endloop
  endfacet
  facet normal 0 0 1
    outer loop
      vertex 23.7926 24.6712 2
      vertex 24.074 21.8142 2
      vertex 24.074 24.5858 2
    endloop
  endfacet
  facet normal 0 0 1
    outer loop
      vertex 23.7926 24.6712 2
      vertex 23.7926 21.7288 2
      vertex 24.074 21.8142 2
    endloop
  endfacet
  facet normal 0 0 1
    outer loop
      vertex 23.5 24.7 2
      vertex 23.7926 21.7288 2
      vertex 23.7926 24.6712 2
    endloop
  endfacet
  facet normal 0 0 1
    outer loop
      vertex 23.5 24.7 2
      vertex 23.5 21.7 2
      vertex 23.7926 21.7288 2
    endloop
  endfacet
  facet normal -0 0 1
    outer loop
      vertex 23.2074 24.6712 2
      vertex 23.5 21.7 2
      vertex 23.5 24.7 2
    endloop
  endfacet
  facet normal 0 0 1
    outer loop
      vertex 23.2074 24.6712 2
      vertex 23.2074 21.7288 2
      vertex 23.5 21.7 2
    endloop
  endfacet
  facet normal -0 0 1
    outer loop
      vertex 22.926 24.5858 2
      vertex 23.2074 21.7288 2
      vertex 23.2074 24.6712 2
    endloop
  endfacet
  facet normal 0 0 1
    outer loop
      vertex 22.926 24.5858 2
      vertex 22.926 21.8142 2
      vertex 23.2074 21.7288 2
    endloop
  endfacet
  facet normal -0 0 1
    outer loop
      vertex 22.6666 24.4472 2
      vertex 22.926 21.8142 2
      vertex 22.926 24.5858 2
    endloop
  endfacet
  facet normal 0 0 1
    outer loop
      vertex 22.6666 24.4472 2
      vertex 22.6666 21.9528 2
      vertex 22.926 21.8142 2
    endloop
  endfacet
  facet normal -0 0 1
    outer loop
      vertex 22.4393 24.2607 2
      vertex 22.6666 21.9528 2
      vertex 22.6666 24.4472 2
    endloop
  endfacet
  facet normal 0 0 1
    outer loop
      vertex 22.4393 24.2607 2
      vertex 22.4393 22.1393 2
      vertex 22.6666 21.9528 2
    endloop
  endfacet
  facet normal -0 0 1
    outer loop
      vertex 22.2528 24.0334 2
      vertex 22.4393 22.1393 2
      vertex 22.4393 24.2607 2
    endloop
  endfacet
  facet normal 0 0 1
    outer loop
      vertex 22.2528 24.0334 2
      vertex 22.2528 22.3666 2
      vertex 22.4393 22.1393 2
    endloop
  endfacet
  facet normal -0 0 1
    outer loop
      vertex 22.1142 23.774 2
      vertex 22.2528 22.3666 2
      vertex 22.2528 24.0334 2
    endloop
  endfacet
  facet normal 0 0 1
    outer loop
      vertex 22.1142 23.774 2
      vertex 22.1142 22.626 2
      vertex 22.2528 22.3666 2
    endloop
  endfacet
  facet normal -0 0 1
    outer loop
      vertex 22.0288 23.4926 2
      vertex 22.1142 22.626 2
      vertex 22.1142 23.774 2
    endloop
  endfacet
  facet normal 0 0 1
    outer loop
      vertex 22.0288 23.4926 2
      vertex 22.0288 22.9074 2
      vertex 22.1142 22.626 2
    endloop
  endfacet
  facet normal 0 -0 1
    outer loop
      vertex 22.0288 22.9074 2
      vertex 22.0288 23.4926 2
      vertex 22 23.2 2
    endloop
  endfacet
  facet normal 1 -0 0
    outer loop
      vertex -9.25 20.1 7.61739
      vertex -9.25 34.9437 2
      vertex -9.25 34.9437 7.61739
    endloop
  endfacet
  facet normal 1 0 0
    outer loop
      vertex -9.25 34.9437 2
      vertex -9.25 20.1 7.61739
      vertex -9.25 20.1 2
    endloop
  endfacet
  facet normal 1 -0 0
    outer loop
      vertex -9.25 20.1 10.2937
      vertex -9.25 34.9437 9.4
      vertex -9.25 34.9437 10.2937
    endloop
  endfacet
  facet normal 1 0 0
    outer loop
      vertex -9.25 34.9437 9.4
      vertex -9.25 20.1 10.2937
      vertex -9.25 20.1 9.4
    endloop
  endfacet
  facet normal 0 0 1
    outer loop
      vertex -9.96397 34.747 11
      vertex -10.1058 25.1334 11
      vertex -9.96397 24.868 11
    endloop
  endfacet
  facet normal 0 0 1
    outer loop
      vertex -10.9666 25.9942 11
      vertex -9.96397 34.747 11
      vertex -10.4938 34.5934 11
    endloop
  endfacet
  facet normal 0 0 1
    outer loop
      vertex -9.96397 34.747 11
      vertex -10.4938 25.6062 11
      vertex -10.1058 25.1334 11
    endloop
  endfacet
  facet normal 0 0 1
    outer loop
      vertex -9.96397 34.747 11
      vertex -10.9666 25.9942 11
      vertex -10.4938 25.6062 11
    endloop
  endfacet
  facet normal 0 0 1
    outer loop
      vertex -11.25 26.1457 11
      vertex -10.4938 34.5934 11
      vertex -11.25 34.3538 11
    endloop
  endfacet
  facet normal 0 0 1
    outer loop
      vertex -10.4938 34.5934 11
      vertex -11.25 26.1457 11
      vertex -10.9666 25.9942 11
    endloop
  endfacet
  facet normal -0 0 1
    outer loop
      vertex -10.1058 21.6666 11
      vertex -9.96397 20.1 11
      vertex -9.96397 21.932 11
    endloop
  endfacet
  facet normal -0 0 1
    outer loop
      vertex -10.4938 21.1938 11
      vertex -9.96397 20.1 11
      vertex -10.1058 21.6666 11
    endloop
  endfacet
  facet normal -0 0 1
    outer loop
      vertex -10.9666 20.8058 11
      vertex -9.96397 20.1 11
      vertex -10.4938 21.1938 11
    endloop
  endfacet
  facet normal 0 0 1
    outer loop
      vertex -11.25 20.1 11
      vertex -10.9666 20.8058 11
      vertex -11.25 20.6543 11
    endloop
  endfacet
  facet normal 0 0 1
    outer loop
      vertex -10.9666 20.8058 11
      vertex -11.25 20.1 11
      vertex -9.96397 20.1 11
    endloop
  endfacet
  facet normal 0 0 1
    outer loop
      vertex -11.25 23.7624 11
      vertex -11.2 23.4 11
      vertex -11.2288 23.6926 11
    endloop
  endfacet
  facet normal 0 0 1
    outer loop
      vertex -11.25 23.0376 11
      vertex -11.2 23.4 11
      vertex -11.25 23.7624 11
    endloop
  endfacet
  facet normal 0 0 1
    outer loop
      vertex -11.2 23.4 11
      vertex -11.25 23.0376 11
      vertex -11.2288 23.1074 11
    endloop
  endfacet
  facet normal -1 0 0
    outer loop
      vertex -11.25 26.1457 2
      vertex -11.25 34.3538 11
      vertex -11.25 34.3538 2
    endloop
  endfacet
  facet normal -1 -0 0
    outer loop
      vertex -11.25 34.3538 11
      vertex -11.25 26.1457 2
      vertex -11.25 26.1457 11
    endloop
  endfacet
  facet normal -1 0 0
    outer loop
      vertex -11.25 20.1 2
      vertex -11.25 20.6543 11
      vertex -11.25 20.6543 2
    endloop
  endfacet
  facet normal -1 -0 0
    outer loop
      vertex -11.25 20.6543 11
      vertex -11.25 20.1 2
      vertex -11.25 20.1 11
    endloop
  endfacet
  facet normal -1 0 0
    outer loop
      vertex -11.25 23.0376 2
      vertex -11.25 23.7624 11
      vertex -11.25 23.7624 2
    endloop
  endfacet
  facet normal -1 -0 0
    outer loop
      vertex -11.25 23.7624 11
      vertex -11.25 23.0376 2
      vertex -11.25 23.0376 11
    endloop
  endfacet
  facet normal 0 1 -0
    outer loop
      vertex -8.25 35 8.4
      vertex -9.03653 35 9.4
      vertex -8.25 35 9.4
    endloop
  endfacet
  facet normal 0 1 0
    outer loop
      vertex -9.03653 35 9.4
      vertex -8.25 35 8.4
      vertex -9.03653 35 7.78445
    endloop
  endfacet
  facet normal 0 1 0
    outer loop
      vertex -8.60414 35 10.8356
      vertex -9.03653 35 10.4728
      vertex -9.03653 35 11.3509
    endloop
  endfacet
  facet normal 0 0 1
    outer loop
      vertex -9.25 34.9437 9.4
      vertex -8.25 35 9.4
      vertex -9.03653 35 9.4
    endloop
  endfacet
  facet normal 0 0 1
    outer loop
      vertex -8.25 35 9.4
      vertex -9.25 34.9437 9.4
      vertex -8.25 20.1 9.4
    endloop
  endfacet
  facet normal 0 0 1
    outer loop
      vertex -8.25 20.1 9.4
      vertex -9.25 34.9437 9.4
      vertex -9.25 20.1 9.4
    endloop
  endfacet
  facet normal 0.616309 0 -0.787505
    outer loop
      vertex -9.25 34.9437 7.61739
      vertex -8.25 35 8.4
      vertex -8.25 20.1 8.4
    endloop
  endfacet
  facet normal 0.616309 0 -0.787505
    outer loop
      vertex -9.25 34.9437 7.61739
      vertex -8.25 20.1 8.4
      vertex -9.25 20.1 7.61739
    endloop
  endfacet
  facet normal 0.616311 -6.6809e-05 -0.787503
    outer loop
      vertex -8.25 35 8.4
      vertex -9.25 34.9437 7.61739
      vertex -9.03653 35 7.78445
    endloop
  endfacet
  facet normal 1 -0 0
    outer loop
      vertex -8.25 20.1 9.4
      vertex -8.25 35 8.4
      vertex -8.25 35 9.4
    endloop
  endfacet
  facet normal 1 0 0
    outer loop
      vertex -8.25 35 8.4
      vertex -8.25 20.1 9.4
      vertex -8.25 20.1 8.4
    endloop
  endfacet
  facet normal -0.642816 0 0.766021
    outer loop
      vertex -9.24693 34.9445 11.6017
      vertex -9.58 23.4 11.3222
      vertex -9.24693 20.1 11.6017
    endloop
  endfacet
  facet normal -0.642771 -2.22926e-06 0.766059
    outer loop
      vertex -9.24693 34.9445 11.6017
      vertex -9.63995 24.0087 11.2719
      vertex -9.58 23.4 11.3222
    endloop
  endfacet
  facet normal -0.642873 7.90774e-06 0.765973
    outer loop
      vertex -9.96397 24.868 11
      vertex -9.24693 34.9445 11.6017
      vertex -9.64167 34.8405 11.2704
    endloop
  endfacet
  facet normal -0.64283 1.40737e-06 0.766009
    outer loop
      vertex -9.24693 34.9445 11.6017
      vertex -9.8175 24.594 11.1229
      vertex -9.63995 24.0087 11.2719
    endloop
  endfacet
  facet normal -0.642729 0 0.766093
    outer loop
      vertex -9.96397 24.868 11
      vertex -9.64167 34.8405 11.2704
      vertex -9.96397 34.747 11
    endloop
  endfacet
  facet normal -0.642782 -3.10703e-06 0.766049
    outer loop
      vertex -9.24693 34.9445 11.6017
      vertex -9.96397 24.868 11
      vertex -9.8175 24.594 11.1229
    endloop
  endfacet
  facet normal -0.642787 4.9798e-06 0.766045
    outer loop
      vertex -9.63995 22.7913 11.2719
      vertex -9.24693 20.1 11.6017
      vertex -9.58 23.4 11.3222
    endloop
  endfacet
  facet normal -0.642824 -4.3177e-06 0.766014
    outer loop
      vertex -9.8175 22.206 11.1229
      vertex -9.24693 20.1 11.6017
      vertex -9.63995 22.7913 11.2719
    endloop
  endfacet
  facet normal -0.642791 1.11791e-05 0.766042
    outer loop
      vertex -9.96397 21.932 11
      vertex -9.24693 20.1 11.6017
      vertex -9.8175 22.206 11.1229
    endloop
  endfacet
  facet normal -0.642808 0 0.766028
    outer loop
      vertex -9.24693 20.1 11.6017
      vertex -9.96397 21.932 11
      vertex -9.96397 20.1 11
    endloop
  endfacet
  facet normal 0.642759 0 -0.766068
    outer loop
      vertex -9.25 34.9437 10.2937
      vertex -8.60414 35 10.8356
      vertex -8.60414 20.1 10.8356
    endloop
  endfacet
  facet normal 0.642759 0 -0.766068
    outer loop
      vertex -9.25 34.9437 10.2937
      vertex -8.60414 20.1 10.8356
      vertex -9.25 20.1 10.2937
    endloop
  endfacet
  facet normal 0.642769 -0.000184627 -0.76606
    outer loop
      vertex -8.60414 35 10.8356
      vertex -9.25 34.9437 10.2937
      vertex -9.03653 35 10.4728
    endloop
  endfacet
  facet normal 0.766043 0.000650674 0.642789
    outer loop
      vertex -9.24693 34.9445 11.6017
      vertex -8.60414 35 10.8356
      vertex -9.03653 35 11.3509
    endloop
  endfacet
  facet normal 0.766066 0 0.642762
    outer loop
      vertex -8.60414 20.1 10.8356
      vertex -9.24693 34.9445 11.6017
      vertex -9.24693 20.1 11.6017
    endloop
  endfacet
  facet normal 0.766066 0 0.642762
    outer loop
      vertex -9.24693 34.9445 11.6017
      vertex -8.60414 20.1 10.8356
      vertex -8.60414 35 10.8356
    endloop
  endfacet
  facet normal -1 0 0
    outer loop
      vertex 9.25 20.1 2
      vertex 9.25 34.9437 7.61739
      vertex 9.25 34.9437 2
    endloop
  endfacet
  facet normal -1 -0 0
    outer loop
      vertex 9.25 34.9437 7.61739
      vertex 9.25 20.1 2
      vertex 9.25 20.1 7.61739
    endloop
  endfacet
  facet normal -1 0 0
    outer loop
      vertex 9.25 20.1 9.4
      vertex 9.25 34.9437 10.2937
      vertex 9.25 34.9437 9.4
    endloop
  endfacet
  facet normal -1 -0 0
    outer loop
      vertex 9.25 34.9437 10.2937
      vertex 9.25 20.1 9.4
      vertex 9.25 20.1 10.2937
    endloop
  endfacet
  facet normal 0 0 1
    outer loop
      vertex 10.4938 34.5934 11
      vertex 11.25 26.1457 11
      vertex 11.25 34.3538 11
    endloop
  endfacet
  facet normal 0 0 1
    outer loop
      vertex 11.25 26.1457 11
      vertex 10.4938 34.5934 11
      vertex 10.9666 25.9942 11
    endloop
  endfacet
  facet normal 0 0 1
    outer loop
      vertex 9.96397 34.747 11
      vertex 10.9666 25.9942 11
      vertex 10.4938 34.5934 11
    endloop
  endfacet
  facet normal 0 0 1
    outer loop
      vertex 10.9666 25.9942 11
      vertex 9.96397 34.747 11
      vertex 10.4938 25.6062 11
    endloop
  endfacet
  facet normal 0 0 1
    outer loop
      vertex 10.4938 25.6062 11
      vertex 9.96397 34.747 11
      vertex 10.1058 25.1334 11
    endloop
  endfacet
  facet normal 0 0 1
    outer loop
      vertex 10.1058 25.1334 11
      vertex 9.96397 34.747 11
      vertex 9.96397 24.868 11
    endloop
  endfacet
  facet normal 0 0 1
    outer loop
      vertex 10.9666 20.8058 11
      vertex 11.25 20.1 11
      vertex 11.25 20.6543 11
    endloop
  endfacet
  facet normal 0 0 1
    outer loop
      vertex 9.96397 20.1 11
      vertex 10.9666 20.8058 11
      vertex 10.4938 21.1938 11
    endloop
  endfacet
  facet normal 0 0 1
    outer loop
      vertex 9.96397 20.1 11
      vertex 10.4938 21.1938 11
      vertex 10.1058 21.6666 11
    endloop
  endfacet
  facet normal 0 0 1
    outer loop
      vertex 10.9666 20.8058 11
      vertex 9.96397 20.1 11
      vertex 11.25 20.1 11
    endloop
  endfacet
  facet normal 0 0 1
    outer loop
      vertex 9.96397 20.1 11
      vertex 10.1058 21.6666 11
      vertex 9.96397 21.932 11
    endloop
  endfacet
  facet normal 0 0 1
    outer loop
      vertex 11.2 23.4 11
      vertex 11.25 23.7624 11
      vertex 11.2288 23.6926 11
    endloop
  endfacet
  facet normal 0 0 1
    outer loop
      vertex 11.25 23.7624 11
      vertex 11.2 23.4 11
      vertex 11.25 23.0376 11
    endloop
  endfacet
  facet normal 0 0 1
    outer loop
      vertex 11.25 23.0376 11
      vertex 11.2 23.4 11
      vertex 11.2288 23.1074 11
    endloop
  endfacet
  facet normal 1 -0 0
    outer loop
      vertex 11.25 26.1457 11
      vertex 11.25 34.3538 2
      vertex 11.25 34.3538 11
    endloop
  endfacet
  facet normal 1 0 0
    outer loop
      vertex 11.25 34.3538 2
      vertex 11.25 26.1457 11
      vertex 11.25 26.1457 2
    endloop
  endfacet
  facet normal 1 -0 0
    outer loop
      vertex 11.25 20.1 11
      vertex 11.25 20.6543 2
      vertex 11.25 20.6543 11
    endloop
  endfacet
  facet normal 1 0 0
    outer loop
      vertex 11.25 20.6543 2
      vertex 11.25 20.1 11
      vertex 11.25 20.1 2
    endloop
  endfacet
  facet normal 1 -0 0
    outer loop
      vertex 11.25 23.0376 11
      vertex 11.25 23.7624 2
      vertex 11.25 23.7624 11
    endloop
  endfacet
  facet normal 1 0 0
    outer loop
      vertex 11.25 23.7624 2
      vertex 11.25 23.0376 11
      vertex 11.25 23.0376 2
    endloop
  endfacet
  facet normal 0 1 0
    outer loop
      vertex 9.03653 35 9.4
      vertex 8.25 35 8.4
      vertex 8.25 35 9.4
    endloop
  endfacet
  facet normal -0 1 0
    outer loop
      vertex 8.25 35 8.4
      vertex 9.03653 35 9.4
      vertex 9.03653 35 7.78445
    endloop
  endfacet
  facet normal 0 1 0
    outer loop
      vertex 9.03653 35 11.3509
      vertex 9.03653 35 10.4728
      vertex 8.60414 35 10.8356
    endloop
  endfacet
  facet normal -0 0 1
    outer loop
      vertex 8.25 35 9.4
      vertex 9.25 34.9437 9.4
      vertex 9.03653 35 9.4
    endloop
  endfacet
  facet normal 0 0 1
    outer loop
      vertex 9.25 34.9437 9.4
      vertex 8.25 35 9.4
      vertex 8.25 20.1 9.4
    endloop
  endfacet
  facet normal 0 0 1
    outer loop
      vertex 9.25 34.9437 9.4
      vertex 8.25 20.1 9.4
      vertex 9.25 20.1 9.4
    endloop
  endfacet
  facet normal -0.616309 0 -0.787505
    outer loop
      vertex 8.25 20.1 8.4
      vertex 9.25 34.9437 7.61739
      vertex 9.25 20.1 7.61739
    endloop
  endfacet
  facet normal -0.616309 -0 -0.787505
    outer loop
      vertex 8.25 35 8.4
      vertex 9.25 34.9437 7.61739
      vertex 8.25 20.1 8.4
    endloop
  endfacet
  facet normal -0.616311 -6.6809e-05 -0.787503
    outer loop
      vertex 9.25 34.9437 7.61739
      vertex 8.25 35 8.4
      vertex 9.03653 35 7.78445
    endloop
  endfacet
  facet normal -1 0 0
    outer loop
      vertex 8.25 20.1 8.4
      vertex 8.25 35 9.4
      vertex 8.25 35 8.4
    endloop
  endfacet
  facet normal -1 -0 0
    outer loop
      vertex 8.25 35 9.4
      vertex 8.25 20.1 8.4
      vertex 8.25 20.1 9.4
    endloop
  endfacet
  facet normal 0.642729 0 0.766093
    outer loop
      vertex 9.64167 34.8405 11.2704
      vertex 9.96397 24.868 11
      vertex 9.96397 34.747 11
    endloop
  endfacet
  facet normal 0.642873 7.90774e-06 0.765973
    outer loop
      vertex 9.24693 34.9445 11.6017
      vertex 9.96397 24.868 11
      vertex 9.64167 34.8405 11.2704
    endloop
  endfacet
  facet normal 0.642782 -3.10703e-06 0.766049
    outer loop
      vertex 9.96397 24.868 11
      vertex 9.24693 34.9445 11.6017
      vertex 9.8175 24.594 11.1229
    endloop
  endfacet
  facet normal 0.64283 1.40737e-06 0.766009
    outer loop
      vertex 9.8175 24.594 11.1229
      vertex 9.24693 34.9445 11.6017
      vertex 9.63995 24.0087 11.2719
    endloop
  endfacet
  facet normal 0.642771 -2.22926e-06 0.766059
    outer loop
      vertex 9.63995 24.0087 11.2719
      vertex 9.24693 34.9445 11.6017
      vertex 9.58 23.4 11.3222
    endloop
  endfacet
  facet normal 0.642791 1.11791e-05 0.766042
    outer loop
      vertex 9.24693 20.1 11.6017
      vertex 9.96397 21.932 11
      vertex 9.8175 22.206 11.1229
    endloop
  endfacet
  facet normal 0.642824 -4.3177e-06 0.766014
    outer loop
      vertex 9.24693 20.1 11.6017
      vertex 9.8175 22.206 11.1229
      vertex 9.63995 22.7913 11.2719
    endloop
  endfacet
  facet normal 0.642808 0 0.766028
    outer loop
      vertex 9.96397 21.932 11
      vertex 9.24693 20.1 11.6017
      vertex 9.96397 20.1 11
    endloop
  endfacet
  facet normal 0.642787 4.9798e-06 0.766045
    outer loop
      vertex 9.58 23.4 11.3222
      vertex 9.24693 20.1 11.6017
      vertex 9.63995 22.7913 11.2719
    endloop
  endfacet
  facet normal 0.642816 -0 0.766021
    outer loop
      vertex 9.24693 20.1 11.6017
      vertex 9.58 23.4 11.3222
      vertex 9.24693 34.9445 11.6017
    endloop
  endfacet
  facet normal -0.766043 0.000650674 0.642789
    outer loop
      vertex 8.60414 35 10.8356
      vertex 9.24693 34.9445 11.6017
      vertex 9.03653 35 11.3509
    endloop
  endfacet
  facet normal -0.766066 0 0.642762
    outer loop
      vertex 8.60414 20.1 10.8356
      vertex 9.24693 34.9445 11.6017
      vertex 8.60414 35 10.8356
    endloop
  endfacet
  facet normal -0.766066 0 0.642762
    outer loop
      vertex 9.24693 34.9445 11.6017
      vertex 8.60414 20.1 10.8356
      vertex 9.24693 20.1 11.6017
    endloop
  endfacet
  facet normal -0.642759 0 -0.766068
    outer loop
      vertex 8.60414 20.1 10.8356
      vertex 9.25 34.9437 10.2937
      vertex 9.25 20.1 10.2937
    endloop
  endfacet
  facet normal -0.642759 -0 -0.766068
    outer loop
      vertex 8.60414 35 10.8356
      vertex 9.25 34.9437 10.2937
      vertex 8.60414 20.1 10.8356
    endloop
  endfacet
  facet normal -0.642769 -0.000184627 -0.76606
    outer loop
      vertex 9.25 34.9437 10.2937
      vertex 8.60414 35 10.8356
      vertex 9.03653 35 10.4728
    endloop
  endfacet
  facet normal 1 -0 0
    outer loop
      vertex -7.25 -35.4136 11.6174
      vertex -7.25 -22 2
      vertex -7.25 -22 11.6174
    endloop
  endfacet
  facet normal 1 0 0
    outer loop
      vertex -7.25 -22 2
      vertex -7.25 -35.4136 11.6174
      vertex -7.25 -35.4136 2
    endloop
  endfacet
  facet normal 1 -0 0
    outer loop
      vertex -7.25 -35.4136 14.2937
      vertex -7.25 -22 13.4
      vertex -7.25 -22 14.2937
    endloop
  endfacet
  facet normal 1 0 0
    outer loop
      vertex -7.25 -22 13.4
      vertex -7.25 -35.4136 14.2937
      vertex -7.25 -35.4136 13.4
    endloop
  endfacet
  facet normal 0 0 1
    outer loop
      vertex -7.96397 -22 15
      vertex -8.78373 -35.0666 15
      vertex -7.96397 -35.2613 15
    endloop
  endfacet
  facet normal 0 0 1
    outer loop
      vertex -9.25 -34.9437 15
      vertex -7.96397 -22 15
      vertex -9.25 -22 15
    endloop
  endfacet
  facet normal 0 0 1
    outer loop
      vertex -7.96397 -22 15
      vertex -9.25 -34.9437 15
      vertex -8.78373 -35.0666 15
    endloop
  endfacet
  facet normal -1 0 0
    outer loop
      vertex -9.25 -34.9437 2
      vertex -9.25 -22 15
      vertex -9.25 -22 2
    endloop
  endfacet
  facet normal -1 -0 0
    outer loop
      vertex -9.25 -22 15
      vertex -9.25 -34.9437 2
      vertex -9.25 -34.9437 15
    endloop
  endfacet
  facet normal 0 1 0
    outer loop
      vertex -6.25 -22 13.4
      vertex -6.25 -22 12.4
      vertex -7.25 -22 13.4
    endloop
  endfacet
  facet normal 0 1 0
    outer loop
      vertex -7.25 -22 14.2937
      vertex -7.24693 -22 15.6017
      vertex -6.60414 -22 14.8356
    endloop
  endfacet
  facet normal 0 1 0
    outer loop
      vertex -7.24693 -22 15.6017
      vertex -7.25 -22 14.2937
      vertex -7.96397 -22 15
    endloop
  endfacet
  facet normal 0 1 -0
    outer loop
      vertex -7.25 -22 13.4
      vertex -7.96397 -22 15
      vertex -7.25 -22 14.2937
    endloop
  endfacet
  facet normal 0 1 0
    outer loop
      vertex -7.96397 -22 15
      vertex -7.25 -22 13.4
      vertex -9.25 -22 15
    endloop
  endfacet
  facet normal 0 1 0
    outer loop
      vertex -7.25 -22 11.6174
      vertex -7.25 -22 13.4
      vertex -6.25 -22 12.4
    endloop
  endfacet
  facet normal 0 1 0
    outer loop
      vertex -7.25 -22 13.4
      vertex -7.25 -22 11.6174
      vertex -9.25 -22 15
    endloop
  endfacet
  facet normal 0 1 0
    outer loop
      vertex -9.25 -22 2
      vertex -7.25 -22 11.6174
      vertex -7.25 -22 2
    endloop
  endfacet
  facet normal 0 1 0
    outer loop
      vertex -7.25 -22 11.6174
      vertex -9.25 -22 2
      vertex -9.25 -22 15
    endloop
  endfacet
  facet normal 0 0 1
    outer loop
      vertex -6.25 -22 13.4
      vertex -7.05252 -35.4554 13.4
      vertex -6.25 -35.6048 13.4
    endloop
  endfacet
  facet normal 0 0 1
    outer loop
      vertex -7.25 -35.4136 13.4
      vertex -6.25 -22 13.4
      vertex -7.25 -22 13.4
    endloop
  endfacet
  facet normal 0 0 1
    outer loop
      vertex -6.25 -22 13.4
      vertex -7.25 -35.4136 13.4
      vertex -7.05252 -35.4554 13.4
    endloop
  endfacet
  facet normal 0.616333 0 -0.787486
    outer loop
      vertex -7.05252 -35.4554 11.7719
      vertex -6.25 -22 12.4
      vertex -6.25 -35.6048 12.4
    endloop
  endfacet
  facet normal 0.616187 1.40056e-05 -0.787599
    outer loop
      vertex -7.25 -35.4136 11.6174
      vertex -6.25 -22 12.4
      vertex -7.05252 -35.4554 11.7719
    endloop
  endfacet
  facet normal 0.616304 0 -0.787508
    outer loop
      vertex -6.25 -22 12.4
      vertex -7.25 -35.4136 11.6174
      vertex -7.25 -22 11.6174
    endloop
  endfacet
  facet normal 1 -0 0
    outer loop
      vertex -6.25 -35.6048 13.4
      vertex -6.25 -22 12.4
      vertex -6.25 -22 13.4
    endloop
  endfacet
  facet normal 1 0 0
    outer loop
      vertex -6.25 -22 12.4
      vertex -6.25 -35.6048 13.4
      vertex -6.25 -35.6048 12.4
    endloop
  endfacet
  facet normal -0.642787 0 0.766045
    outer loop
      vertex -7.24693 -22 15.6017
      vertex -7.92051 -35.2716 15.0365
      vertex -7.24693 -35.4142 15.6017
    endloop
  endfacet
  facet normal -0.642808 0 0.766028
    outer loop
      vertex -7.96397 -35.2613 15
      vertex -7.24693 -22 15.6017
      vertex -7.96397 -22 15
    endloop
  endfacet
  facet normal -0.643122 2.89633e-05 0.765764
    outer loop
      vertex -7.24693 -22 15.6017
      vertex -7.96397 -35.2613 15
      vertex -7.92051 -35.2716 15.0365
    endloop
  endfacet
  facet normal 0.642752 0 -0.766074
    outer loop
      vertex -7.05252 -35.4554 14.4594
      vertex -6.60414 -22 14.8356
      vertex -6.60414 -35.5389 14.8356
    endloop
  endfacet
  facet normal 0.642775 -1.31401e-06 -0.766055
    outer loop
      vertex -7.25 -35.4136 14.2937
      vertex -6.60414 -22 14.8356
      vertex -7.05252 -35.4554 14.4594
    endloop
  endfacet
  facet normal 0.642759 0 -0.766068
    outer loop
      vertex -6.60414 -22 14.8356
      vertex -7.25 -35.4136 14.2937
      vertex -7.25 -22 14.2937
    endloop
  endfacet
  facet normal 0.766066 -0 0.642762
    outer loop
      vertex -7.24693 -35.4142 15.6017
      vertex -6.60414 -22 14.8356
      vertex -7.24693 -22 15.6017
    endloop
  endfacet
  facet normal 0.76606 7.46142e-07 0.642769
    outer loop
      vertex -7.05252 -35.4554 15.37
      vertex -6.60414 -22 14.8356
      vertex -7.24693 -35.4142 15.6017
    endloop
  endfacet
  facet normal 0.766069 0 0.642758
    outer loop
      vertex -6.60414 -22 14.8356
      vertex -7.05252 -35.4554 15.37
      vertex -6.60414 -35.5389 14.8356
    endloop
  endfacet
  facet normal -1 0 0
    outer loop
      vertex 7.25 -35.4136 2
      vertex 7.25 -22 11.6174
      vertex 7.25 -22 2
    endloop
  endfacet
  facet normal -1 -0 0
    outer loop
      vertex 7.25 -22 11.6174
      vertex 7.25 -35.4136 2
      vertex 7.25 -35.4136 11.6174
    endloop
  endfacet
  facet normal -1 0 0
    outer loop
      vertex 7.25 -35.4136 13.4
      vertex 7.25 -22 14.2937
      vertex 7.25 -22 13.4
    endloop
  endfacet
  facet normal -1 -0 0
    outer loop
      vertex 7.25 -22 14.2937
      vertex 7.25 -35.4136 13.4
      vertex 7.25 -35.4136 14.2937
    endloop
  endfacet
  facet normal -0 0 1
    outer loop
      vertex 7.96397 -22 15
      vertex 9.25 -34.9437 15
      vertex 9.25 -22 15
    endloop
  endfacet
  facet normal 0 0 1
    outer loop
      vertex 9.25 -34.9437 15
      vertex 7.96397 -22 15
      vertex 8.78373 -35.0666 15
    endloop
  endfacet
  facet normal 0 0 1
    outer loop
      vertex 8.78373 -35.0666 15
      vertex 7.96397 -22 15
      vertex 7.96397 -35.2613 15
    endloop
  endfacet
  facet normal 1 -0 0
    outer loop
      vertex 9.25 -34.9437 15
      vertex 9.25 -22 2
      vertex 9.25 -22 15
    endloop
  endfacet
  facet normal 1 0 0
    outer loop
      vertex 9.25 -22 2
      vertex 9.25 -34.9437 15
      vertex 9.25 -34.9437 2
    endloop
  endfacet
  facet normal 0 1 0
    outer loop
      vertex 7.25 -22 13.4
      vertex 7.96397 -22 15
      vertex 9.25 -22 15
    endloop
  endfacet
  facet normal 0 1 0
    outer loop
      vertex 7.96397 -22 15
      vertex 7.25 -22 14.2937
      vertex 6.60414 -22 14.8356
    endloop
  endfacet
  facet normal 0 1 0
    outer loop
      vertex 7.96397 -22 15
      vertex 7.25 -22 13.4
      vertex 7.25 -22 14.2937
    endloop
  endfacet
  facet normal 0 1 0
    outer loop
      vertex 7.25 -22 13.4
      vertex 6.25 -22 12.4
      vertex 6.25 -22 13.4
    endloop
  endfacet
  facet normal 0 1 0
    outer loop
      vertex 7.25 -22 11.6174
      vertex 7.25 -22 13.4
      vertex 9.25 -22 15
    endloop
  endfacet
  facet normal 0 1 0
    outer loop
      vertex 7.25 -22 13.4
      vertex 7.25 -22 11.6174
      vertex 6.25 -22 12.4
    endloop
  endfacet
  facet normal 0 1 -0
    outer loop
      vertex 9.25 -22 2
      vertex 7.25 -22 11.6174
      vertex 9.25 -22 15
    endloop
  endfacet
  facet normal 0 1 0
    outer loop
      vertex 7.25 -22 11.6174
      vertex 9.25 -22 2
      vertex 7.25 -22 2
    endloop
  endfacet
  facet normal 0 1 0
    outer loop
      vertex 7.24693 -22 15.6017
      vertex 7.96397 -22 15
      vertex 6.60414 -22 14.8356
    endloop
  endfacet
  facet normal -0 0 1
    outer loop
      vertex 6.25 -22 13.4
      vertex 7.25 -35.4136 13.4
      vertex 7.25 -22 13.4
    endloop
  endfacet
  facet normal 0 0 1
    outer loop
      vertex 7.25 -35.4136 13.4
      vertex 6.25 -22 13.4
      vertex 7.05252 -35.4554 13.4
    endloop
  endfacet
  facet normal 0 0 1
    outer loop
      vertex 7.05252 -35.4554 13.4
      vertex 6.25 -22 13.4
      vertex 6.25 -35.6048 13.4
    endloop
  endfacet
  facet normal -0.616187 1.40056e-05 -0.787599
    outer loop
      vertex 6.25 -22 12.4
      vertex 7.25 -35.4136 11.6174
      vertex 7.05252 -35.4554 11.7719
    endloop
  endfacet
  facet normal -0.616333 -0 -0.787486
    outer loop
      vertex 6.25 -22 12.4
      vertex 7.05252 -35.4554 11.7719
      vertex 6.25 -35.6048 12.4
    endloop
  endfacet
  facet normal -0.616304 0 -0.787508
    outer loop
      vertex 7.25 -35.4136 11.6174
      vertex 6.25 -22 12.4
      vertex 7.25 -22 11.6174
    endloop
  endfacet
  facet normal -1 0 0
    outer loop
      vertex 6.25 -35.6048 12.4
      vertex 6.25 -22 13.4
      vertex 6.25 -22 12.4
    endloop
  endfacet
  facet normal -1 -0 0
    outer loop
      vertex 6.25 -22 13.4
      vertex 6.25 -35.6048 12.4
      vertex 6.25 -35.6048 13.4
    endloop
  endfacet
  facet normal 0.642808 0 0.766028
    outer loop
      vertex 7.24693 -22 15.6017
      vertex 7.96397 -35.2613 15
      vertex 7.96397 -22 15
    endloop
  endfacet
  facet normal 0.643122 2.89633e-05 0.765764
    outer loop
      vertex 7.96397 -35.2613 15
      vertex 7.24693 -22 15.6017
      vertex 7.92051 -35.2716 15.0365
    endloop
  endfacet
  facet normal 0.642787 0 0.766045
    outer loop
      vertex 7.92051 -35.2716 15.0365
      vertex 7.24693 -22 15.6017
      vertex 7.24693 -35.4142 15.6017
    endloop
  endfacet
  facet normal -0.766066 0 0.642762
    outer loop
      vertex 6.60414 -22 14.8356
      vertex 7.24693 -35.4142 15.6017
      vertex 7.24693 -22 15.6017
    endloop
  endfacet
  facet normal -0.76606 7.46142e-07 0.642769
    outer loop
      vertex 6.60414 -22 14.8356
      vertex 7.05252 -35.4554 15.37
      vertex 7.24693 -35.4142 15.6017
    endloop
  endfacet
  facet normal -0.766069 0 0.642758
    outer loop
      vertex 7.05252 -35.4554 15.37
      vertex 6.60414 -22 14.8356
      vertex 6.60414 -35.5389 14.8356
    endloop
  endfacet
  facet normal -0.642775 -1.31401e-06 -0.766055
    outer loop
      vertex 6.60414 -22 14.8356
      vertex 7.25 -35.4136 14.2937
      vertex 7.05252 -35.4554 14.4594
    endloop
  endfacet
  facet normal -0.642752 -0 -0.766074
    outer loop
      vertex 6.60414 -22 14.8356
      vertex 7.05252 -35.4554 14.4594
      vertex 6.60414 -35.5389 14.8356
    endloop
  endfacet
  facet normal -0.642759 0 -0.766068
    outer loop
      vertex 7.25 -35.4136 14.2937
      vertex 6.60414 -22 14.8356
      vertex 7.25 -22 14.2937
    endloop
  endfacet
  facet normal -0.95694 0.290286 0
    outer loop
      vertex 9.63995 -22.7913 2
      vertex 9.8175 -22.206 22
      vertex 9.8175 -22.206 2
    endloop
  endfacet
  facet normal -0.95694 0.290286 0
    outer loop
      vertex 9.8175 -22.206 22
      vertex 9.63995 -22.7913 2
      vertex 9.63995 -22.7913 22
    endloop
  endfacet
  facet normal 0.956963 0.290212 0
    outer loop
      vertex 15.76 -22.7913 22
      vertex 15.5825 -22.206 2
      vertex 15.5825 -22.206 22
    endloop
  endfacet
  facet normal 0.956963 0.290212 0
    outer loop
      vertex 15.5825 -22.206 2
      vertex 15.76 -22.7913 22
      vertex 15.76 -22.7913 2
    endloop
  endfacet
  facet normal 0.995177 0.0980953 0
    outer loop
      vertex 15.82 -23.4 22
      vertex 15.76 -22.7913 2
      vertex 15.76 -22.7913 22
    endloop
  endfacet
  facet normal 0.995177 0.0980953 0
    outer loop
      vertex 15.76 -22.7913 2
      vertex 15.82 -23.4 22
      vertex 15.82 -23.4 2
    endloop
  endfacet
  facet normal 0.881932 0.471377 0
    outer loop
      vertex 15.5825 -22.206 22
      vertex 15.2942 -21.6666 2
      vertex 15.2942 -21.6666 22
    endloop
  endfacet
  facet normal 0.881932 0.471377 0
    outer loop
      vertex 15.2942 -21.6666 2
      vertex 15.5825 -22.206 22
      vertex 15.5825 -22.206 2
    endloop
  endfacet
  facet normal 0.995177 -0.0980953 0
    outer loop
      vertex 15.76 -24.0087 22
      vertex 15.82 -23.4 2
      vertex 15.82 -23.4 22
    endloop
  endfacet
  facet normal 0.995177 -0.0980953 0
    outer loop
      vertex 15.82 -23.4 2
      vertex 15.76 -24.0087 22
      vertex 15.76 -24.0087 2
    endloop
  endfacet
  facet normal -0.634377 0.773024 0
    outer loop
      vertex 10.9666 -20.8058 2
      vertex 10.4938 -21.1938 22
      vertex 10.9666 -20.8058 22
    endloop
  endfacet
  facet normal -0.634377 0.773024 0
    outer loop
      vertex 10.4938 -21.1938 22
      vertex 10.9666 -20.8058 2
      vertex 10.4938 -21.1938 2
    endloop
  endfacet
  facet normal 0.773024 0.634377 0
    outer loop
      vertex 15.2942 -21.6666 22
      vertex 14.9062 -21.1938 2
      vertex 14.9062 -21.1938 22
    endloop
  endfacet
  facet normal 0.773024 0.634377 0
    outer loop
      vertex 14.9062 -21.1938 2
      vertex 15.2942 -21.6666 22
      vertex 15.2942 -21.6666 2
    endloop
  endfacet
  facet normal -0.881932 0.471377 0
    outer loop
      vertex 9.8175 -22.206 2
      vertex 10.1058 -21.6666 22
      vertex 10.1058 -21.6666 2
    endloop
  endfacet
  facet normal -0.881932 0.471377 0
    outer loop
      vertex 10.1058 -21.6666 22
      vertex 9.8175 -22.206 2
      vertex 9.8175 -22.206 22
    endloop
  endfacet
  facet normal -0.290212 0.956963 0
    outer loop
      vertex 12.0913 -20.34 2
      vertex 11.506 -20.5175 22
      vertex 12.0913 -20.34 22
    endloop
  endfacet
  facet normal -0.290212 0.956963 0
    outer loop
      vertex 11.506 -20.5175 22
      vertex 12.0913 -20.34 2
      vertex 11.506 -20.5175 2
    endloop
  endfacet
  facet normal 0.956963 -0.290212 0
    outer loop
      vertex 15.5825 -24.594 22
      vertex 15.76 -24.0087 2
      vertex 15.76 -24.0087 22
    endloop
  endfacet
  facet normal 0.956963 -0.290212 0
    outer loop
      vertex 15.76 -24.0087 2
      vertex 15.5825 -24.594 22
      vertex 15.5825 -24.594 2
    endloop
  endfacet
  facet normal -0.471377 0.881932 0
    outer loop
      vertex 11.506 -20.5175 2
      vertex 10.9666 -20.8058 22
      vertex 11.506 -20.5175 22
    endloop
  endfacet
  facet normal -0.471377 0.881932 0
    outer loop
      vertex 10.9666 -20.8058 22
      vertex 11.506 -20.5175 2
      vertex 10.9666 -20.8058 2
    endloop
  endfacet
  facet normal 0.634377 -0.773024 0
    outer loop
      vertex 14.4334 -25.9942 2
      vertex 14.9062 -25.6062 22
      vertex 14.4334 -25.9942 22
    endloop
  endfacet
  facet normal 0.634377 -0.773024 0
    outer loop
      vertex 14.9062 -25.6062 22
      vertex 14.4334 -25.9942 2
      vertex 14.9062 -25.6062 2
    endloop
  endfacet
  facet normal -0.95694 -0.290286 0
    outer loop
      vertex 9.8175 -24.594 2
      vertex 9.63995 -24.0087 22
      vertex 9.63995 -24.0087 2
    endloop
  endfacet
  facet normal -0.95694 -0.290286 0
    outer loop
      vertex 9.63995 -24.0087 22
      vertex 9.8175 -24.594 2
      vertex 9.8175 -24.594 22
    endloop
  endfacet
  facet normal -0.995185 -0.0980144 0
    outer loop
      vertex 9.63995 -24.0087 2
      vertex 9.58 -23.4 22
      vertex 9.58 -23.4 2
    endloop
  endfacet
  facet normal -0.995185 -0.0980144 0
    outer loop
      vertex 9.58 -23.4 22
      vertex 9.63995 -24.0087 2
      vertex 9.63995 -24.0087 22
    endloop
  endfacet
  facet normal 0.471377 0.881932 -0
    outer loop
      vertex 14.4334 -20.8058 2
      vertex 13.894 -20.5175 22
      vertex 14.4334 -20.8058 22
    endloop
  endfacet
  facet normal 0.471377 0.881932 0
    outer loop
      vertex 13.894 -20.5175 22
      vertex 14.4334 -20.8058 2
      vertex 13.894 -20.5175 2
    endloop
  endfacet
  facet normal 0.290212 0.956963 -0
    outer loop
      vertex 13.894 -20.5175 2
      vertex 13.3087 -20.34 22
      vertex 13.894 -20.5175 22
    endloop
  endfacet
  facet normal 0.290212 0.956963 0
    outer loop
      vertex 13.3087 -20.34 22
      vertex 13.894 -20.5175 2
      vertex 13.3087 -20.34 2
    endloop
  endfacet
  facet normal -0.290361 -0.956917 0
    outer loop
      vertex 11.506 -26.2825 2
      vertex 12.0913 -26.4601 22
      vertex 11.506 -26.2825 22
    endloop
  endfacet
  facet normal -0.290361 -0.956917 -0
    outer loop
      vertex 12.0913 -26.4601 22
      vertex 11.506 -26.2825 2
      vertex 12.0913 -26.4601 2
    endloop
  endfacet
  facet normal 0.0980953 0.995177 -0
    outer loop
      vertex 13.3087 -20.34 2
      vertex 12.7 -20.28 22
      vertex 13.3087 -20.34 22
    endloop
  endfacet
  facet normal 0.0980953 0.995177 0
    outer loop
      vertex 12.7 -20.28 22
      vertex 13.3087 -20.34 2
      vertex 12.7 -20.28 2
    endloop
  endfacet
  facet normal 0 0 1
    outer loop
      vertex 14.2 -23.4 22
      vertex 15.82 -23.4 22
      vertex 15.76 -22.7913 22
    endloop
  endfacet
  facet normal 0 0 1
    outer loop
      vertex 14.1712 -23.1074 22
      vertex 15.76 -22.7913 22
      vertex 15.5825 -22.206 22
    endloop
  endfacet
  facet normal 0 0 1
    outer loop
      vertex 15.82 -23.4 22
      vertex 14.2 -23.4 22
      vertex 15.76 -24.0087 22
    endloop
  endfacet
  facet normal 0 0 1
    outer loop
      vertex 14.0858 -22.826 22
      vertex 15.5825 -22.206 22
      vertex 15.2942 -21.6666 22
    endloop
  endfacet
  facet normal -0 0 1
    outer loop
      vertex 14.1712 -23.6926 22
      vertex 15.76 -24.0087 22
      vertex 14.2 -23.4 22
    endloop
  endfacet
  facet normal 0 0 1
    outer loop
      vertex 13.9472 -22.5666 22
      vertex 15.2942 -21.6666 22
      vertex 14.9062 -21.1938 22
    endloop
  endfacet
  facet normal 0 0 1
    outer loop
      vertex 15.76 -24.0087 22
      vertex 14.1712 -23.6926 22
      vertex 15.5825 -24.594 22
    endloop
  endfacet
  facet normal 0 0 1
    outer loop
      vertex 13.7607 -22.3393 22
      vertex 14.9062 -21.1938 22
      vertex 14.4334 -20.8058 22
    endloop
  endfacet
  facet normal -0 0 1
    outer loop
      vertex 14.0858 -23.974 22
      vertex 15.5825 -24.594 22
      vertex 14.1712 -23.6926 22
    endloop
  endfacet
  facet normal 0 0 1
    outer loop
      vertex 15.5825 -24.594 22
      vertex 14.0858 -23.974 22
      vertex 15.2942 -25.1334 22
    endloop
  endfacet
  facet normal 0 0 1
    outer loop
      vertex 15.76 -22.7913 22
      vertex 14.1712 -23.1074 22
      vertex 14.2 -23.4 22
    endloop
  endfacet
  facet normal 0 0 1
    outer loop
      vertex 15.5825 -22.206 22
      vertex 14.0858 -22.826 22
      vertex 14.1712 -23.1074 22
    endloop
  endfacet
  facet normal 0 0 1
    outer loop
      vertex 15.2942 -21.6666 22
      vertex 13.9472 -22.5666 22
      vertex 14.0858 -22.826 22
    endloop
  endfacet
  facet normal 0 0 1
    outer loop
      vertex 13.5334 -22.1528 22
      vertex 14.4334 -20.8058 22
      vertex 13.894 -20.5175 22
    endloop
  endfacet
  facet normal 0 0 1
    outer loop
      vertex 14.9062 -21.1938 22
      vertex 13.7607 -22.3393 22
      vertex 13.9472 -22.5666 22
    endloop
  endfacet
  facet normal 0 0 1
    outer loop
      vertex 14.4334 -20.8058 22
      vertex 13.5334 -22.1528 22
      vertex 13.7607 -22.3393 22
    endloop
  endfacet
  facet normal 0 0 1
    outer loop
      vertex 13.274 -22.0142 22
      vertex 13.894 -20.5175 22
      vertex 13.3087 -20.34 22
    endloop
  endfacet
  facet normal 0 0 1
    outer loop
      vertex 13.894 -20.5175 22
      vertex 13.274 -22.0142 22
      vertex 13.5334 -22.1528 22
    endloop
  endfacet
  facet normal 0 0 1
    outer loop
      vertex 13.3087 -20.34 22
      vertex 12.9926 -21.9288 22
      vertex 13.274 -22.0142 22
    endloop
  endfacet
  facet normal 0 0 1
    outer loop
      vertex 12.7 -20.28 22
      vertex 12.9926 -21.9288 22
      vertex 13.3087 -20.34 22
    endloop
  endfacet
  facet normal 0 0 1
    outer loop
      vertex 12.7 -20.28 22
      vertex 12.7 -21.9 22
      vertex 12.9926 -21.9288 22
    endloop
  endfacet
  facet normal 0 0 1
    outer loop
      vertex 12.7 -20.28 22
      vertex 12.4074 -21.9288 22
      vertex 12.7 -21.9 22
    endloop
  endfacet
  facet normal -0 0 1
    outer loop
      vertex 12.0913 -20.34 22
      vertex 12.4074 -21.9288 22
      vertex 12.7 -20.28 22
    endloop
  endfacet
  facet normal 0 0 1
    outer loop
      vertex 12.4074 -21.9288 22
      vertex 12.0913 -20.34 22
      vertex 12.126 -22.0142 22
    endloop
  endfacet
  facet normal -0 0 1
    outer loop
      vertex 11.506 -20.5175 22
      vertex 12.126 -22.0142 22
      vertex 12.0913 -20.34 22
    endloop
  endfacet
  facet normal 0 0 1
    outer loop
      vertex 12.126 -22.0142 22
      vertex 11.506 -20.5175 22
      vertex 11.8666 -22.1528 22
    endloop
  endfacet
  facet normal -0 0 1
    outer loop
      vertex 10.9666 -20.8058 22
      vertex 11.8666 -22.1528 22
      vertex 11.506 -20.5175 22
    endloop
  endfacet
  facet normal 0 0 1
    outer loop
      vertex 11.8666 -22.1528 22
      vertex 10.9666 -20.8058 22
      vertex 11.6393 -22.3393 22
    endloop
  endfacet
  facet normal -0 0 1
    outer loop
      vertex 10.4938 -21.1938 22
      vertex 11.6393 -22.3393 22
      vertex 10.9666 -20.8058 22
    endloop
  endfacet
  facet normal 0 0 1
    outer loop
      vertex 11.6393 -22.3393 22
      vertex 10.4938 -21.1938 22
      vertex 11.4528 -22.5666 22
    endloop
  endfacet
  facet normal 0 0 1
    outer loop
      vertex 11.4528 -22.5666 22
      vertex 10.1058 -21.6666 22
      vertex 11.3142 -22.826 22
    endloop
  endfacet
  facet normal -0 0 1
    outer loop
      vertex 10.1058 -21.6666 22
      vertex 11.4528 -22.5666 22
      vertex 10.4938 -21.1938 22
    endloop
  endfacet
  facet normal -0 0 1
    outer loop
      vertex 13.9472 -24.2334 22
      vertex 15.2942 -25.1334 22
      vertex 14.0858 -23.974 22
    endloop
  endfacet
  facet normal 0 0 1
    outer loop
      vertex 15.2942 -25.1334 22
      vertex 13.9472 -24.2334 22
      vertex 14.9062 -25.6062 22
    endloop
  endfacet
  facet normal -0 0 1
    outer loop
      vertex 13.7607 -24.4607 22
      vertex 14.9062 -25.6062 22
      vertex 13.9472 -24.2334 22
    endloop
  endfacet
  facet normal 0 0 1
    outer loop
      vertex 14.9062 -25.6062 22
      vertex 13.7607 -24.4607 22
      vertex 14.4334 -25.9942 22
    endloop
  endfacet
  facet normal -0 0 1
    outer loop
      vertex 13.5334 -24.6472 22
      vertex 14.4334 -25.9942 22
      vertex 13.7607 -24.4607 22
    endloop
  endfacet
  facet normal 0 0 1
    outer loop
      vertex 14.4334 -25.9942 22
      vertex 13.5334 -24.6472 22
      vertex 13.894 -26.2825 22
    endloop
  endfacet
  facet normal -0 0 1
    outer loop
      vertex 13.274 -24.7858 22
      vertex 13.894 -26.2825 22
      vertex 13.5334 -24.6472 22
    endloop
  endfacet
  facet normal 0 0 1
    outer loop
      vertex 13.894 -26.2825 22
      vertex 13.274 -24.7858 22
      vertex 13.3087 -26.4601 22
    endloop
  endfacet
  facet normal -0 0 1
    outer loop
      vertex 12.9926 -24.8712 22
      vertex 13.3087 -26.4601 22
      vertex 13.274 -24.7858 22
    endloop
  endfacet
  facet normal -0 0 1
    outer loop
      vertex 12.7 -24.9 22
      vertex 13.3087 -26.4601 22
      vertex 12.9926 -24.8712 22
    endloop
  endfacet
  facet normal 0 0 1
    outer loop
      vertex 12.7 -24.9 22
      vertex 12.7 -26.52 22
      vertex 13.3087 -26.4601 22
    endloop
  endfacet
  facet normal 0 0 1
    outer loop
      vertex 12.4074 -24.8712 22
      vertex 12.7 -26.52 22
      vertex 12.7 -24.9 22
    endloop
  endfacet
  facet normal 0 0 1
    outer loop
      vertex 12.0913 -26.4601 22
      vertex 12.4074 -24.8712 22
      vertex 12.126 -24.7858 22
    endloop
  endfacet
  facet normal 0 0 1
    outer loop
      vertex 12.4074 -24.8712 22
      vertex 12.0913 -26.4601 22
      vertex 12.7 -26.52 22
    endloop
  endfacet
  facet normal 0 0 1
    outer loop
      vertex 11.506 -26.2825 22
      vertex 12.126 -24.7858 22
      vertex 11.8666 -24.6472 22
    endloop
  endfacet
  facet normal 0 0 1
    outer loop
      vertex 10.9666 -25.9942 22
      vertex 11.8666 -24.6472 22
      vertex 11.6393 -24.4607 22
    endloop
  endfacet
  facet normal 0 0 1
    outer loop
      vertex 12.126 -24.7858 22
      vertex 11.506 -26.2825 22
      vertex 12.0913 -26.4601 22
    endloop
  endfacet
  facet normal 0 0 1
    outer loop
      vertex 10.4938 -25.6062 22
      vertex 11.6393 -24.4607 22
      vertex 11.4528 -24.2334 22
    endloop
  endfacet
  facet normal 0 0 1
    outer loop
      vertex 10.1058 -25.1334 22
      vertex 11.4528 -24.2334 22
      vertex 11.3142 -23.974 22
    endloop
  endfacet
  facet normal 0 0 1
    outer loop
      vertex 9.8175 -24.594 22
      vertex 11.3142 -23.974 22
      vertex 11.2288 -23.6926 22
    endloop
  endfacet
  facet normal 0 0 1
    outer loop
      vertex 11.8666 -24.6472 22
      vertex 10.9666 -25.9942 22
      vertex 11.506 -26.2825 22
    endloop
  endfacet
  facet normal 0 0 1
    outer loop
      vertex 9.63995 -24.0087 22
      vertex 11.2288 -23.6926 22
      vertex 11.2 -23.4 22
    endloop
  endfacet
  facet normal -0 0 1
    outer loop
      vertex 9.8175 -22.206 22
      vertex 11.3142 -22.826 22
      vertex 10.1058 -21.6666 22
    endloop
  endfacet
  facet normal 0 0 1
    outer loop
      vertex 11.3142 -22.826 22
      vertex 9.8175 -22.206 22
      vertex 11.2288 -23.1074 22
    endloop
  endfacet
  facet normal 0 0 1
    outer loop
      vertex 11.6393 -24.4607 22
      vertex 10.4938 -25.6062 22
      vertex 10.9666 -25.9942 22
    endloop
  endfacet
  facet normal -0 0 1
    outer loop
      vertex 9.63995 -22.7913 22
      vertex 11.2288 -23.1074 22
      vertex 9.8175 -22.206 22
    endloop
  endfacet
  facet normal 0 0 1
    outer loop
      vertex 11.4528 -24.2334 22
      vertex 10.1058 -25.1334 22
      vertex 10.4938 -25.6062 22
    endloop
  endfacet
  facet normal 0 0 1
    outer loop
      vertex 11.2288 -23.1074 22
      vertex 9.63995 -22.7913 22
      vertex 11.2 -23.4 22
    endloop
  endfacet
  facet normal 0 0 1
    outer loop
      vertex 11.3142 -23.974 22
      vertex 9.8175 -24.594 22
      vertex 10.1058 -25.1334 22
    endloop
  endfacet
  facet normal 0 0 1
    outer loop
      vertex 9.58 -23.4 22
      vertex 11.2 -23.4 22
      vertex 9.63995 -22.7913 22
    endloop
  endfacet
  facet normal 0 0 1
    outer loop
      vertex 11.2288 -23.6926 22
      vertex 9.63995 -24.0087 22
      vertex 9.8175 -24.594 22
    endloop
  endfacet
  facet normal 0 0 1
    outer loop
      vertex 11.2 -23.4 22
      vertex 9.58 -23.4 22
      vertex 9.63995 -24.0087 22
    endloop
  endfacet
  facet normal -0.773024 0.634377 0
    outer loop
      vertex 10.1058 -21.6666 2
      vertex 10.4938 -21.1938 22
      vertex 10.4938 -21.1938 2
    endloop
  endfacet
  facet normal -0.773024 0.634377 0
    outer loop
      vertex 10.4938 -21.1938 22
      vertex 10.1058 -21.6666 2
      vertex 10.1058 -21.6666 22
    endloop
  endfacet
  facet normal 0.290361 -0.956917 0
    outer loop
      vertex 13.3087 -26.4601 2
      vertex 13.894 -26.2825 22
      vertex 13.3087 -26.4601 22
    endloop
  endfacet
  facet normal 0.290361 -0.956917 0
    outer loop
      vertex 13.894 -26.2825 22
      vertex 13.3087 -26.4601 2
      vertex 13.894 -26.2825 2
    endloop
  endfacet
  facet normal 0.881932 -0.471377 0
    outer loop
      vertex 15.2942 -25.1334 22
      vertex 15.5825 -24.594 2
      vertex 15.5825 -24.594 22
    endloop
  endfacet
  facet normal 0.881932 -0.471377 0
    outer loop
      vertex 15.5825 -24.594 2
      vertex 15.2942 -25.1334 22
      vertex 15.2942 -25.1334 2
    endloop
  endfacet
  facet normal 0.634377 0.773024 -0
    outer loop
      vertex 14.9062 -21.1938 2
      vertex 14.4334 -20.8058 22
      vertex 14.9062 -21.1938 22
    endloop
  endfacet
  facet normal 0.634377 0.773024 0
    outer loop
      vertex 14.4334 -20.8058 22
      vertex 14.9062 -21.1938 2
      vertex 14.4334 -20.8058 2
    endloop
  endfacet
  facet normal -0.881932 -0.471377 0
    outer loop
      vertex 10.1058 -25.1334 2
      vertex 9.8175 -24.594 22
      vertex 9.8175 -24.594 2
    endloop
  endfacet
  facet normal -0.881932 -0.471377 0
    outer loop
      vertex 9.8175 -24.594 22
      vertex 10.1058 -25.1334 2
      vertex 10.1058 -25.1334 22
    endloop
  endfacet
  facet normal 0.773024 -0.634377 0
    outer loop
      vertex 14.9062 -25.6062 22
      vertex 15.2942 -25.1334 2
      vertex 15.2942 -25.1334 22
    endloop
  endfacet
  facet normal 0.773024 -0.634377 0
    outer loop
      vertex 15.2942 -25.1334 2
      vertex 14.9062 -25.6062 22
      vertex 14.9062 -25.6062 2
    endloop
  endfacet
  facet normal 0.0979334 -0.995193 0
    outer loop
      vertex 12.7 -26.52 2
      vertex 13.3087 -26.4601 22
      vertex 12.7 -26.52 22
    endloop
  endfacet
  facet normal 0.0979334 -0.995193 0
    outer loop
      vertex 13.3087 -26.4601 22
      vertex 12.7 -26.52 2
      vertex 13.3087 -26.4601 2
    endloop
  endfacet
  facet normal -0.634377 -0.773024 0
    outer loop
      vertex 10.4938 -25.6062 2
      vertex 10.9666 -25.9942 22
      vertex 10.4938 -25.6062 22
    endloop
  endfacet
  facet normal -0.634377 -0.773024 -0
    outer loop
      vertex 10.9666 -25.9942 22
      vertex 10.4938 -25.6062 2
      vertex 10.9666 -25.9942 2
    endloop
  endfacet
  facet normal -0.773024 -0.634377 0
    outer loop
      vertex 10.4938 -25.6062 2
      vertex 10.1058 -25.1334 22
      vertex 10.1058 -25.1334 2
    endloop
  endfacet
  facet normal -0.773024 -0.634377 0
    outer loop
      vertex 10.1058 -25.1334 22
      vertex 10.4938 -25.6062 2
      vertex 10.4938 -25.6062 22
    endloop
  endfacet
  facet normal 0.471377 -0.881932 0
    outer loop
      vertex 13.894 -26.2825 2
      vertex 14.4334 -25.9942 22
      vertex 13.894 -26.2825 22
    endloop
  endfacet
  facet normal 0.471377 -0.881932 0
    outer loop
      vertex 14.4334 -25.9942 22
      vertex 13.894 -26.2825 2
      vertex 14.4334 -25.9942 2
    endloop
  endfacet
  facet normal -0.995185 0.0980144 0
    outer loop
      vertex 9.58 -23.4 2
      vertex 9.63995 -22.7913 22
      vertex 9.63995 -22.7913 2
    endloop
  endfacet
  facet normal -0.995185 0.0980144 0
    outer loop
      vertex 9.63995 -22.7913 22
      vertex 9.58 -23.4 2
      vertex 9.58 -23.4 22
    endloop
  endfacet
  facet normal -0.0980953 0.995177 0
    outer loop
      vertex 12.7 -20.28 2
      vertex 12.0913 -20.34 22
      vertex 12.7 -20.28 22
    endloop
  endfacet
  facet normal -0.0980953 0.995177 0
    outer loop
      vertex 12.0913 -20.34 22
      vertex 12.7 -20.28 2
      vertex 12.0913 -20.34 2
    endloop
  endfacet
  facet normal -0.0979334 -0.995193 0
    outer loop
      vertex 12.0913 -26.4601 2
      vertex 12.7 -26.52 22
      vertex 12.0913 -26.4601 22
    endloop
  endfacet
  facet normal -0.0979334 -0.995193 -0
    outer loop
      vertex 12.7 -26.52 22
      vertex 12.0913 -26.4601 2
      vertex 12.7 -26.52 2
    endloop
  endfacet
  facet normal -0.471377 -0.881932 0
    outer loop
      vertex 10.9666 -25.9942 2
      vertex 11.506 -26.2825 22
      vertex 10.9666 -25.9942 22
    endloop
  endfacet
  facet normal -0.471377 -0.881932 -0
    outer loop
      vertex 11.506 -26.2825 22
      vertex 10.9666 -25.9942 2
      vertex 11.506 -26.2825 2
    endloop
  endfacet
  facet normal 0.471259 -0.881995 0
    outer loop
      vertex 11.8666 -22.1528 2
      vertex 12.126 -22.0142 22
      vertex 11.8666 -22.1528 22
    endloop
  endfacet
  facet normal 0.471259 -0.881995 0
    outer loop
      vertex 12.126 -22.0142 22
      vertex 11.8666 -22.1528 2
      vertex 12.126 -22.0142 2
    endloop
  endfacet
  facet normal -0.956904 -0.290404 0
    outer loop
      vertex 14.1712 -23.1074 2
      vertex 14.0858 -22.826 22
      vertex 14.0858 -22.826 2
    endloop
  endfacet
  facet normal -0.956904 -0.290404 0
    outer loop
      vertex 14.0858 -22.826 22
      vertex 14.1712 -23.1074 2
      vertex 14.1712 -23.1074 22
    endloop
  endfacet
  facet normal -0.995191 -0.0979545 0
    outer loop
      vertex 14.2 -23.4 2
      vertex 14.1712 -23.1074 22
      vertex 14.1712 -23.1074 2
    endloop
  endfacet
  facet normal -0.995191 -0.0979545 0
    outer loop
      vertex 14.1712 -23.1074 22
      vertex 14.2 -23.4 2
      vertex 14.2 -23.4 22
    endloop
  endfacet
  facet normal -0.881995 -0.471259 0
    outer loop
      vertex 14.0858 -22.826 2
      vertex 13.9472 -22.5666 22
      vertex 13.9472 -22.5666 2
    endloop
  endfacet
  facet normal -0.881995 -0.471259 0
    outer loop
      vertex 13.9472 -22.5666 22
      vertex 14.0858 -22.826 2
      vertex 14.0858 -22.826 22
    endloop
  endfacet
  facet normal 0.956904 0.290404 0
    outer loop
      vertex 11.3142 -23.974 22
      vertex 11.2288 -23.6926 2
      vertex 11.2288 -23.6926 22
    endloop
  endfacet
  facet normal 0.956904 0.290404 0
    outer loop
      vertex 11.2288 -23.6926 2
      vertex 11.3142 -23.974 22
      vertex 11.3142 -23.974 2
    endloop
  endfacet
  facet normal -0.471259 0.881995 0
    outer loop
      vertex 13.5334 -24.6472 2
      vertex 13.274 -24.7858 22
      vertex 13.5334 -24.6472 22
    endloop
  endfacet
  facet normal -0.471259 0.881995 0
    outer loop
      vertex 13.274 -24.7858 22
      vertex 13.5334 -24.6472 2
      vertex 13.274 -24.7858 2
    endloop
  endfacet
  facet normal 0.881995 -0.471259 0
    outer loop
      vertex 11.3142 -22.826 22
      vertex 11.4528 -22.5666 2
      vertex 11.4528 -22.5666 22
    endloop
  endfacet
  facet normal 0.881995 -0.471259 0
    outer loop
      vertex 11.4528 -22.5666 2
      vertex 11.3142 -22.826 22
      vertex 11.3142 -22.826 2
    endloop
  endfacet
  facet normal -0.773078 -0.634311 0
    outer loop
      vertex 13.9472 -22.5666 2
      vertex 13.7607 -22.3393 22
      vertex 13.7607 -22.3393 2
    endloop
  endfacet
  facet normal -0.773078 -0.634311 0
    outer loop
      vertex 13.7607 -22.3393 22
      vertex 13.9472 -22.5666 2
      vertex 13.9472 -22.5666 22
    endloop
  endfacet
  facet normal -0.956904 0.290404 0
    outer loop
      vertex 14.0858 -23.974 2
      vertex 14.1712 -23.6926 22
      vertex 14.1712 -23.6926 2
    endloop
  endfacet
  facet normal -0.956904 0.290404 0
    outer loop
      vertex 14.1712 -23.6926 22
      vertex 14.0858 -23.974 2
      vertex 14.0858 -23.974 22
    endloop
  endfacet
  facet normal 0.881995 0.471259 0
    outer loop
      vertex 11.4528 -24.2334 22
      vertex 11.3142 -23.974 2
      vertex 11.3142 -23.974 22
    endloop
  endfacet
  facet normal 0.881995 0.471259 0
    outer loop
      vertex 11.3142 -23.974 2
      vertex 11.4528 -24.2334 22
      vertex 11.4528 -24.2334 2
    endloop
  endfacet
  facet normal -0.995191 0.0979545 0
    outer loop
      vertex 14.1712 -23.6926 2
      vertex 14.2 -23.4 22
      vertex 14.2 -23.4 2
    endloop
  endfacet
  facet normal -0.995191 0.0979545 0
    outer loop
      vertex 14.2 -23.4 22
      vertex 14.1712 -23.6926 2
      vertex 14.1712 -23.6926 22
    endloop
  endfacet
  facet normal -0.471259 -0.881995 0
    outer loop
      vertex 13.274 -22.0142 2
      vertex 13.5334 -22.1528 22
      vertex 13.274 -22.0142 22
    endloop
  endfacet
  facet normal -0.471259 -0.881995 -0
    outer loop
      vertex 13.5334 -22.1528 22
      vertex 13.274 -22.0142 2
      vertex 13.5334 -22.1528 2
    endloop
  endfacet
  facet normal -0.0979545 -0.995191 0
    outer loop
      vertex 12.7 -21.9 2
      vertex 12.9926 -21.9288 22
      vertex 12.7 -21.9 22
    endloop
  endfacet
  facet normal -0.0979545 -0.995191 -0
    outer loop
      vertex 12.9926 -21.9288 22
      vertex 12.7 -21.9 2
      vertex 12.9926 -21.9288 2
    endloop
  endfacet
  facet normal -0.634311 -0.773078 0
    outer loop
      vertex 13.5334 -22.1528 2
      vertex 13.7607 -22.3393 22
      vertex 13.5334 -22.1528 22
    endloop
  endfacet
  facet normal -0.634311 -0.773078 -0
    outer loop
      vertex 13.7607 -22.3393 22
      vertex 13.5334 -22.1528 2
      vertex 13.7607 -22.3393 2
    endloop
  endfacet
  facet normal -0.881995 0.471259 0
    outer loop
      vertex 13.9472 -24.2334 2
      vertex 14.0858 -23.974 22
      vertex 14.0858 -23.974 2
    endloop
  endfacet
  facet normal -0.881995 0.471259 0
    outer loop
      vertex 14.0858 -23.974 22
      vertex 13.9472 -24.2334 2
      vertex 13.9472 -24.2334 22
    endloop
  endfacet
  facet normal -0.0979545 0.995191 0
    outer loop
      vertex 12.9926 -24.8712 2
      vertex 12.7 -24.9 22
      vertex 12.9926 -24.8712 22
    endloop
  endfacet
  facet normal -0.0979545 0.995191 0
    outer loop
      vertex 12.7 -24.9 22
      vertex 12.9926 -24.8712 2
      vertex 12.7 -24.9 2
    endloop
  endfacet
  facet normal 0.471259 0.881995 -0
    outer loop
      vertex 12.126 -24.7858 2
      vertex 11.8666 -24.6472 22
      vertex 12.126 -24.7858 22
    endloop
  endfacet
  facet normal 0.471259 0.881995 0
    outer loop
      vertex 11.8666 -24.6472 22
      vertex 12.126 -24.7858 2
      vertex 11.8666 -24.6472 2
    endloop
  endfacet
  facet normal 0.290404 0.956904 -0
    outer loop
      vertex 12.4074 -24.8712 2
      vertex 12.126 -24.7858 22
      vertex 12.4074 -24.8712 22
    endloop
  endfacet
  facet normal 0.290404 0.956904 0
    outer loop
      vertex 12.126 -24.7858 22
      vertex 12.4074 -24.8712 2
      vertex 12.126 -24.7858 2
    endloop
  endfacet
  facet normal -0.773078 0.634311 0
    outer loop
      vertex 13.7607 -24.4607 2
      vertex 13.9472 -24.2334 22
      vertex 13.9472 -24.2334 2
    endloop
  endfacet
  facet normal -0.773078 0.634311 0
    outer loop
      vertex 13.9472 -24.2334 22
      vertex 13.7607 -24.4607 2
      vertex 13.7607 -24.4607 22
    endloop
  endfacet
  facet normal 0.995191 -0.0979545 0
    outer loop
      vertex 11.2 -23.4 22
      vertex 11.2288 -23.1074 2
      vertex 11.2288 -23.1074 22
    endloop
  endfacet
  facet normal 0.995191 -0.0979545 0
    outer loop
      vertex 11.2288 -23.1074 2
      vertex 11.2 -23.4 22
      vertex 11.2 -23.4 2
    endloop
  endfacet
  facet normal -0.634311 0.773078 0
    outer loop
      vertex 13.7607 -24.4607 2
      vertex 13.5334 -24.6472 22
      vertex 13.7607 -24.4607 22
    endloop
  endfacet
  facet normal -0.634311 0.773078 0
    outer loop
      vertex 13.5334 -24.6472 22
      vertex 13.7607 -24.4607 2
      vertex 13.5334 -24.6472 2
    endloop
  endfacet
  facet normal 0.773078 -0.634311 0
    outer loop
      vertex 11.4528 -22.5666 22
      vertex 11.6393 -22.3393 2
      vertex 11.6393 -22.3393 22
    endloop
  endfacet
  facet normal 0.773078 -0.634311 0
    outer loop
      vertex 11.6393 -22.3393 2
      vertex 11.4528 -22.5666 22
      vertex 11.4528 -22.5666 2
    endloop
  endfacet
  facet normal -0.290404 -0.956904 0
    outer loop
      vertex 12.9926 -21.9288 2
      vertex 13.274 -22.0142 22
      vertex 12.9926 -21.9288 22
    endloop
  endfacet
  facet normal -0.290404 -0.956904 -0
    outer loop
      vertex 13.274 -22.0142 22
      vertex 12.9926 -21.9288 2
      vertex 13.274 -22.0142 2
    endloop
  endfacet
  facet normal 0.634311 -0.773078 0
    outer loop
      vertex 11.6393 -22.3393 2
      vertex 11.8666 -22.1528 22
      vertex 11.6393 -22.3393 22
    endloop
  endfacet
  facet normal 0.634311 -0.773078 0
    outer loop
      vertex 11.8666 -22.1528 22
      vertex 11.6393 -22.3393 2
      vertex 11.8666 -22.1528 2
    endloop
  endfacet
  facet normal 0.0979545 -0.995191 0
    outer loop
      vertex 12.4074 -21.9288 2
      vertex 12.7 -21.9 22
      vertex 12.4074 -21.9288 22
    endloop
  endfacet
  facet normal 0.0979545 -0.995191 0
    outer loop
      vertex 12.7 -21.9 22
      vertex 12.4074 -21.9288 2
      vertex 12.7 -21.9 2
    endloop
  endfacet
  facet normal 0.290404 -0.956904 0
    outer loop
      vertex 12.126 -22.0142 2
      vertex 12.4074 -21.9288 22
      vertex 12.126 -22.0142 22
    endloop
  endfacet
  facet normal 0.290404 -0.956904 0
    outer loop
      vertex 12.4074 -21.9288 22
      vertex 12.126 -22.0142 2
      vertex 12.4074 -21.9288 2
    endloop
  endfacet
  facet normal 0.773078 0.634311 0
    outer loop
      vertex 11.6393 -24.4607 22
      vertex 11.4528 -24.2334 2
      vertex 11.4528 -24.2334 22
    endloop
  endfacet
  facet normal 0.773078 0.634311 0
    outer loop
      vertex 11.4528 -24.2334 2
      vertex 11.6393 -24.4607 22
      vertex 11.6393 -24.4607 2
    endloop
  endfacet
  facet normal 0.0979545 0.995191 -0
    outer loop
      vertex 12.7 -24.9 2
      vertex 12.4074 -24.8712 22
      vertex 12.7 -24.9 22
    endloop
  endfacet
  facet normal 0.0979545 0.995191 0
    outer loop
      vertex 12.4074 -24.8712 22
      vertex 12.7 -24.9 2
      vertex 12.4074 -24.8712 2
    endloop
  endfacet
  facet normal 0.995191 0.0979545 0
    outer loop
      vertex 11.2288 -23.6926 22
      vertex 11.2 -23.4 2
      vertex 11.2 -23.4 22
    endloop
  endfacet
  facet normal 0.995191 0.0979545 0
    outer loop
      vertex 11.2 -23.4 2
      vertex 11.2288 -23.6926 22
      vertex 11.2288 -23.6926 2
    endloop
  endfacet
  facet normal 0.634311 0.773078 -0
    outer loop
      vertex 11.8666 -24.6472 2
      vertex 11.6393 -24.4607 22
      vertex 11.8666 -24.6472 22
    endloop
  endfacet
  facet normal 0.634311 0.773078 0
    outer loop
      vertex 11.6393 -24.4607 22
      vertex 11.8666 -24.6472 2
      vertex 11.6393 -24.4607 2
    endloop
  endfacet
  facet normal -0.290404 0.956904 0
    outer loop
      vertex 13.274 -24.7858 2
      vertex 12.9926 -24.8712 22
      vertex 13.274 -24.7858 22
    endloop
  endfacet
  facet normal -0.290404 0.956904 0
    outer loop
      vertex 12.9926 -24.8712 22
      vertex 13.274 -24.7858 2
      vertex 12.9926 -24.8712 2
    endloop
  endfacet
  facet normal 0.956904 -0.290404 0
    outer loop
      vertex 11.2288 -23.1074 22
      vertex 11.3142 -22.826 2
      vertex 11.3142 -22.826 22
    endloop
  endfacet
  facet normal 0.956904 -0.290404 0
    outer loop
      vertex 11.3142 -22.826 2
      vertex 11.2288 -23.1074 22
      vertex 11.2288 -23.1074 2
    endloop
  endfacet
  facet normal -0.956963 0.290212 0
    outer loop
      vertex -15.76 -22.7913 2
      vertex -15.5825 -22.206 22
      vertex -15.5825 -22.206 2
    endloop
  endfacet
  facet normal -0.956963 0.290212 0
    outer loop
      vertex -15.5825 -22.206 22
      vertex -15.76 -22.7913 2
      vertex -15.76 -22.7913 22
    endloop
  endfacet
  facet normal 0.95694 0.290286 0
    outer loop
      vertex -9.63995 -22.7913 22
      vertex -9.8175 -22.206 2
      vertex -9.8175 -22.206 22
    endloop
  endfacet
  facet normal 0.95694 0.290286 0
    outer loop
      vertex -9.8175 -22.206 2
      vertex -9.63995 -22.7913 22
      vertex -9.63995 -22.7913 2
    endloop
  endfacet
  facet normal 0.995185 0.0980144 0
    outer loop
      vertex -9.58 -23.4 22
      vertex -9.63995 -22.7913 2
      vertex -9.63995 -22.7913 22
    endloop
  endfacet
  facet normal 0.995185 0.0980144 0
    outer loop
      vertex -9.63995 -22.7913 2
      vertex -9.58 -23.4 22
      vertex -9.58 -23.4 2
    endloop
  endfacet
  facet normal 0.881932 0.471377 0
    outer loop
      vertex -9.8175 -22.206 22
      vertex -10.1058 -21.6666 2
      vertex -10.1058 -21.6666 22
    endloop
  endfacet
  facet normal 0.881932 0.471377 0
    outer loop
      vertex -10.1058 -21.6666 2
      vertex -9.8175 -22.206 22
      vertex -9.8175 -22.206 2
    endloop
  endfacet
  facet normal 0.995185 -0.0980144 0
    outer loop
      vertex -9.63995 -24.0087 22
      vertex -9.58 -23.4 2
      vertex -9.58 -23.4 22
    endloop
  endfacet
  facet normal 0.995185 -0.0980144 0
    outer loop
      vertex -9.58 -23.4 2
      vertex -9.63995 -24.0087 22
      vertex -9.63995 -24.0087 2
    endloop
  endfacet
  facet normal -0.634377 0.773024 0
    outer loop
      vertex -14.4334 -20.8058 2
      vertex -14.9062 -21.1938 22
      vertex -14.4334 -20.8058 22
    endloop
  endfacet
  facet normal -0.634377 0.773024 0
    outer loop
      vertex -14.9062 -21.1938 22
      vertex -14.4334 -20.8058 2
      vertex -14.9062 -21.1938 2
    endloop
  endfacet
  facet normal 0.773024 0.634377 0
    outer loop
      vertex -10.1058 -21.6666 22
      vertex -10.4938 -21.1938 2
      vertex -10.4938 -21.1938 22
    endloop
  endfacet
  facet normal 0.773024 0.634377 0
    outer loop
      vertex -10.4938 -21.1938 2
      vertex -10.1058 -21.6666 22
      vertex -10.1058 -21.6666 2
    endloop
  endfacet
  facet normal -0.881932 0.471377 0
    outer loop
      vertex -15.5825 -22.206 2
      vertex -15.2942 -21.6666 22
      vertex -15.2942 -21.6666 2
    endloop
  endfacet
  facet normal -0.881932 0.471377 0
    outer loop
      vertex -15.2942 -21.6666 22
      vertex -15.5825 -22.206 2
      vertex -15.5825 -22.206 22
    endloop
  endfacet
  facet normal -0.290212 0.956963 0
    outer loop
      vertex -13.3087 -20.34 2
      vertex -13.894 -20.5175 22
      vertex -13.3087 -20.34 22
    endloop
  endfacet
  facet normal -0.290212 0.956963 0
    outer loop
      vertex -13.894 -20.5175 22
      vertex -13.3087 -20.34 2
      vertex -13.894 -20.5175 2
    endloop
  endfacet
  facet normal 0.95694 -0.290286 0
    outer loop
      vertex -9.8175 -24.594 22
      vertex -9.63995 -24.0087 2
      vertex -9.63995 -24.0087 22
    endloop
  endfacet
  facet normal 0.95694 -0.290286 0
    outer loop
      vertex -9.63995 -24.0087 2
      vertex -9.8175 -24.594 22
      vertex -9.8175 -24.594 2
    endloop
  endfacet
  facet normal -0.471377 0.881932 0
    outer loop
      vertex -13.894 -20.5175 2
      vertex -14.4334 -20.8058 22
      vertex -13.894 -20.5175 22
    endloop
  endfacet
  facet normal -0.471377 0.881932 0
    outer loop
      vertex -14.4334 -20.8058 22
      vertex -13.894 -20.5175 2
      vertex -14.4334 -20.8058 2
    endloop
  endfacet
  facet normal 0.634377 -0.773024 0
    outer loop
      vertex -10.9666 -25.9942 2
      vertex -10.4938 -25.6062 22
      vertex -10.9666 -25.9942 22
    endloop
  endfacet
  facet normal 0.634377 -0.773024 0
    outer loop
      vertex -10.4938 -25.6062 22
      vertex -10.9666 -25.9942 2
      vertex -10.4938 -25.6062 2
    endloop
  endfacet
  facet normal -0.956963 -0.290212 0
    outer loop
      vertex -15.5825 -24.594 2
      vertex -15.76 -24.0087 22
      vertex -15.76 -24.0087 2
    endloop
  endfacet
  facet normal -0.956963 -0.290212 0
    outer loop
      vertex -15.76 -24.0087 22
      vertex -15.5825 -24.594 2
      vertex -15.5825 -24.594 22
    endloop
  endfacet
  facet normal -0.995177 -0.0980953 0
    outer loop
      vertex -15.76 -24.0087 2
      vertex -15.82 -23.4 22
      vertex -15.82 -23.4 2
    endloop
  endfacet
  facet normal -0.995177 -0.0980953 0
    outer loop
      vertex -15.82 -23.4 22
      vertex -15.76 -24.0087 2
      vertex -15.76 -24.0087 22
    endloop
  endfacet
  facet normal 0.471377 0.881932 -0
    outer loop
      vertex -10.9666 -20.8058 2
      vertex -11.506 -20.5175 22
      vertex -10.9666 -20.8058 22
    endloop
  endfacet
  facet normal 0.471377 0.881932 0
    outer loop
      vertex -11.506 -20.5175 22
      vertex -10.9666 -20.8058 2
      vertex -11.506 -20.5175 2
    endloop
  endfacet
  facet normal 0.290212 0.956963 -0
    outer loop
      vertex -11.506 -20.5175 2
      vertex -12.0913 -20.34 22
      vertex -11.506 -20.5175 22
    endloop
  endfacet
  facet normal 0.290212 0.956963 0
    outer loop
      vertex -12.0913 -20.34 22
      vertex -11.506 -20.5175 2
      vertex -12.0913 -20.34 2
    endloop
  endfacet
  facet normal -0.290361 -0.956917 0
    outer loop
      vertex -13.894 -26.2825 2
      vertex -13.3087 -26.4601 22
      vertex -13.894 -26.2825 22
    endloop
  endfacet
  facet normal -0.290361 -0.956917 -0
    outer loop
      vertex -13.3087 -26.4601 22
      vertex -13.894 -26.2825 2
      vertex -13.3087 -26.4601 2
    endloop
  endfacet
  facet normal 0.0980953 0.995177 -0
    outer loop
      vertex -12.0913 -20.34 2
      vertex -12.7 -20.28 22
      vertex -12.0913 -20.34 22
    endloop
  endfacet
  facet normal 0.0980953 0.995177 0
    outer loop
      vertex -12.7 -20.28 22
      vertex -12.0913 -20.34 2
      vertex -12.7 -20.28 2
    endloop
  endfacet
  facet normal 0 0 1
    outer loop
      vertex -11.2 -23.4 22
      vertex -9.58 -23.4 22
      vertex -9.63995 -22.7913 22
    endloop
  endfacet
  facet normal 0 0 1
    outer loop
      vertex -11.2288 -23.1074 22
      vertex -9.63995 -22.7913 22
      vertex -9.8175 -22.206 22
    endloop
  endfacet
  facet normal 0 0 1
    outer loop
      vertex -9.58 -23.4 22
      vertex -11.2 -23.4 22
      vertex -9.63995 -24.0087 22
    endloop
  endfacet
  facet normal 0 0 1
    outer loop
      vertex -11.3142 -22.826 22
      vertex -9.8175 -22.206 22
      vertex -10.1058 -21.6666 22
    endloop
  endfacet
  facet normal -0 0 1
    outer loop
      vertex -11.2288 -23.6926 22
      vertex -9.63995 -24.0087 22
      vertex -11.2 -23.4 22
    endloop
  endfacet
  facet normal 0 0 1
    outer loop
      vertex -11.4528 -22.5666 22
      vertex -10.1058 -21.6666 22
      vertex -10.4938 -21.1938 22
    endloop
  endfacet
  facet normal 0 0 1
    outer loop
      vertex -9.63995 -24.0087 22
      vertex -11.2288 -23.6926 22
      vertex -9.8175 -24.594 22
    endloop
  endfacet
  facet normal 0 0 1
    outer loop
      vertex -11.6393 -22.3393 22
      vertex -10.4938 -21.1938 22
      vertex -10.9666 -20.8058 22
    endloop
  endfacet
  facet normal -0 0 1
    outer loop
      vertex -11.3142 -23.974 22
      vertex -9.8175 -24.594 22
      vertex -11.2288 -23.6926 22
    endloop
  endfacet
  facet normal 0 0 1
    outer loop
      vertex -9.8175 -24.594 22
      vertex -11.3142 -23.974 22
      vertex -10.1058 -25.1334 22
    endloop
  endfacet
  facet normal 0 0 1
    outer loop
      vertex -9.63995 -22.7913 22
      vertex -11.2288 -23.1074 22
      vertex -11.2 -23.4 22
    endloop
  endfacet
  facet normal 0 0 1
    outer loop
      vertex -9.8175 -22.206 22
      vertex -11.3142 -22.826 22
      vertex -11.2288 -23.1074 22
    endloop
  endfacet
  facet normal 0 0 1
    outer loop
      vertex -10.1058 -21.6666 22
      vertex -11.4528 -22.5666 22
      vertex -11.3142 -22.826 22
    endloop
  endfacet
  facet normal 0 0 1
    outer loop
      vertex -11.8666 -22.1528 22
      vertex -10.9666 -20.8058 22
      vertex -11.506 -20.5175 22
    endloop
  endfacet
  facet normal 0 0 1
    outer loop
      vertex -10.4938 -21.1938 22
      vertex -11.6393 -22.3393 22
      vertex -11.4528 -22.5666 22
    endloop
  endfacet
  facet normal 0 0 1
    outer loop
      vertex -10.9666 -20.8058 22
      vertex -11.8666 -22.1528 22
      vertex -11.6393 -22.3393 22
    endloop
  endfacet
  facet normal 0 0 1
    outer loop
      vertex -12.126 -22.0142 22
      vertex -11.506 -20.5175 22
      vertex -12.0913 -20.34 22
    endloop
  endfacet
  facet normal 0 0 1
    outer loop
      vertex -11.506 -20.5175 22
      vertex -12.126 -22.0142 22
      vertex -11.8666 -22.1528 22
    endloop
  endfacet
  facet normal 0 0 1
    outer loop
      vertex -12.0913 -20.34 22
      vertex -12.4074 -21.9288 22
      vertex -12.126 -22.0142 22
    endloop
  endfacet
  facet normal 0 0 1
    outer loop
      vertex -12.7 -20.28 22
      vertex -12.4074 -21.9288 22
      vertex -12.0913 -20.34 22
    endloop
  endfacet
  facet normal 0 0 1
    outer loop
      vertex -12.7 -20.28 22
      vertex -12.7 -21.9 22
      vertex -12.4074 -21.9288 22
    endloop
  endfacet
  facet normal 0 0 1
    outer loop
      vertex -12.7 -20.28 22
      vertex -12.9926 -21.9288 22
      vertex -12.7 -21.9 22
    endloop
  endfacet
  facet normal -0 0 1
    outer loop
      vertex -13.3087 -20.34 22
      vertex -12.9926 -21.9288 22
      vertex -12.7 -20.28 22
    endloop
  endfacet
  facet normal 0 0 1
    outer loop
      vertex -12.9926 -21.9288 22
      vertex -13.3087 -20.34 22
      vertex -13.274 -22.0142 22
    endloop
  endfacet
  facet normal -0 0 1
    outer loop
      vertex -13.894 -20.5175 22
      vertex -13.274 -22.0142 22
      vertex -13.3087 -20.34 22
    endloop
  endfacet
  facet normal 0 0 1
    outer loop
      vertex -13.274 -22.0142 22
      vertex -13.894 -20.5175 22
      vertex -13.5334 -22.1528 22
    endloop
  endfacet
  facet normal -0 0 1
    outer loop
      vertex -14.4334 -20.8058 22
      vertex -13.5334 -22.1528 22
      vertex -13.894 -20.5175 22
    endloop
  endfacet
  facet normal 0 0 1
    outer loop
      vertex -13.5334 -22.1528 22
      vertex -14.4334 -20.8058 22
      vertex -13.7607 -22.3393 22
    endloop
  endfacet
  facet normal -0 0 1
    outer loop
      vertex -14.9062 -21.1938 22
      vertex -13.7607 -22.3393 22
      vertex -14.4334 -20.8058 22
    endloop
  endfacet
  facet normal 0 0 1
    outer loop
      vertex -13.7607 -22.3393 22
      vertex -14.9062 -21.1938 22
      vertex -13.9472 -22.5666 22
    endloop
  endfacet
  facet normal 0 0 1
    outer loop
      vertex -13.9472 -22.5666 22
      vertex -15.2942 -21.6666 22
      vertex -14.0858 -22.826 22
    endloop
  endfacet
  facet normal -0 0 1
    outer loop
      vertex -15.2942 -21.6666 22
      vertex -13.9472 -22.5666 22
      vertex -14.9062 -21.1938 22
    endloop
  endfacet
  facet normal -0 0 1
    outer loop
      vertex -11.4528 -24.2334 22
      vertex -10.1058 -25.1334 22
      vertex -11.3142 -23.974 22
    endloop
  endfacet
  facet normal 0 0 1
    outer loop
      vertex -10.1058 -25.1334 22
      vertex -11.4528 -24.2334 22
      vertex -10.4938 -25.6062 22
    endloop
  endfacet
  facet normal -0 0 1
    outer loop
      vertex -11.6393 -24.4607 22
      vertex -10.4938 -25.6062 22
      vertex -11.4528 -24.2334 22
    endloop
  endfacet
  facet normal 0 0 1
    outer loop
      vertex -10.4938 -25.6062 22
      vertex -11.6393 -24.4607 22
      vertex -10.9666 -25.9942 22
    endloop
  endfacet
  facet normal -0 0 1
    outer loop
      vertex -11.8666 -24.6472 22
      vertex -10.9666 -25.9942 22
      vertex -11.6393 -24.4607 22
    endloop
  endfacet
  facet normal 0 0 1
    outer loop
      vertex -10.9666 -25.9942 22
      vertex -11.8666 -24.6472 22
      vertex -11.506 -26.2825 22
    endloop
  endfacet
  facet normal -0 0 1
    outer loop
      vertex -12.126 -24.7858 22
      vertex -11.506 -26.2825 22
      vertex -11.8666 -24.6472 22
    endloop
  endfacet
  facet normal 0 0 1
    outer loop
      vertex -11.506 -26.2825 22
      vertex -12.126 -24.7858 22
      vertex -12.0913 -26.4601 22
    endloop
  endfacet
  facet normal -0 0 1
    outer loop
      vertex -12.4074 -24.8712 22
      vertex -12.0913 -26.4601 22
      vertex -12.126 -24.7858 22
    endloop
  endfacet
  facet normal -0 0 1
    outer loop
      vertex -12.7 -24.9 22
      vertex -12.0913 -26.4601 22
      vertex -12.4074 -24.8712 22
    endloop
  endfacet
  facet normal 0 0 1
    outer loop
      vertex -12.7 -24.9 22
      vertex -12.7 -26.52 22
      vertex -12.0913 -26.4601 22
    endloop
  endfacet
  facet normal 0 0 1
    outer loop
      vertex -12.9926 -24.8712 22
      vertex -12.7 -26.52 22
      vertex -12.7 -24.9 22
    endloop
  endfacet
  facet normal 0 0 1
    outer loop
      vertex -13.3087 -26.4601 22
      vertex -12.9926 -24.8712 22
      vertex -13.274 -24.7858 22
    endloop
  endfacet
  facet normal 0 0 1
    outer loop
      vertex -12.9926 -24.8712 22
      vertex -13.3087 -26.4601 22
      vertex -12.7 -26.52 22
    endloop
  endfacet
  facet normal 0 0 1
    outer loop
      vertex -13.894 -26.2825 22
      vertex -13.274 -24.7858 22
      vertex -13.5334 -24.6472 22
    endloop
  endfacet
  facet normal 0 0 1
    outer loop
      vertex -14.4334 -25.9942 22
      vertex -13.5334 -24.6472 22
      vertex -13.7607 -24.4607 22
    endloop
  endfacet
  facet normal 0 0 1
    outer loop
      vertex -13.274 -24.7858 22
      vertex -13.894 -26.2825 22
      vertex -13.3087 -26.4601 22
    endloop
  endfacet
  facet normal 0 0 1
    outer loop
      vertex -14.9062 -25.6062 22
      vertex -13.7607 -24.4607 22
      vertex -13.9472 -24.2334 22
    endloop
  endfacet
  facet normal 0 0 1
    outer loop
      vertex -15.2942 -25.1334 22
      vertex -13.9472 -24.2334 22
      vertex -14.0858 -23.974 22
    endloop
  endfacet
  facet normal 0 0 1
    outer loop
      vertex -15.5825 -24.594 22
      vertex -14.0858 -23.974 22
      vertex -14.1712 -23.6926 22
    endloop
  endfacet
  facet normal 0 0 1
    outer loop
      vertex -13.5334 -24.6472 22
      vertex -14.4334 -25.9942 22
      vertex -13.894 -26.2825 22
    endloop
  endfacet
  facet normal 0 0 1
    outer loop
      vertex -15.76 -24.0087 22
      vertex -14.1712 -23.6926 22
      vertex -14.2 -23.4 22
    endloop
  endfacet
  facet normal -0 0 1
    outer loop
      vertex -15.5825 -22.206 22
      vertex -14.0858 -22.826 22
      vertex -15.2942 -21.6666 22
    endloop
  endfacet
  facet normal 0 0 1
    outer loop
      vertex -14.0858 -22.826 22
      vertex -15.5825 -22.206 22
      vertex -14.1712 -23.1074 22
    endloop
  endfacet
  facet normal 0 0 1
    outer loop
      vertex -13.7607 -24.4607 22
      vertex -14.9062 -25.6062 22
      vertex -14.4334 -25.9942 22
    endloop
  endfacet
  facet normal -0 0 1
    outer loop
      vertex -15.76 -22.7913 22
      vertex -14.1712 -23.1074 22
      vertex -15.5825 -22.206 22
    endloop
  endfacet
  facet normal 0 0 1
    outer loop
      vertex -13.9472 -24.2334 22
      vertex -15.2942 -25.1334 22
      vertex -14.9062 -25.6062 22
    endloop
  endfacet
  facet normal 0 0 1
    outer loop
      vertex -14.1712 -23.1074 22
      vertex -15.76 -22.7913 22
      vertex -14.2 -23.4 22
    endloop
  endfacet
  facet normal 0 0 1
    outer loop
      vertex -14.0858 -23.974 22
      vertex -15.5825 -24.594 22
      vertex -15.2942 -25.1334 22
    endloop
  endfacet
  facet normal 0 0 1
    outer loop
      vertex -15.82 -23.4 22
      vertex -14.2 -23.4 22
      vertex -15.76 -22.7913 22
    endloop
  endfacet
  facet normal 0 0 1
    outer loop
      vertex -14.1712 -23.6926 22
      vertex -15.76 -24.0087 22
      vertex -15.5825 -24.594 22
    endloop
  endfacet
  facet normal 0 0 1
    outer loop
      vertex -14.2 -23.4 22
      vertex -15.82 -23.4 22
      vertex -15.76 -24.0087 22
    endloop
  endfacet
  facet normal -0.773024 0.634377 0
    outer loop
      vertex -15.2942 -21.6666 2
      vertex -14.9062 -21.1938 22
      vertex -14.9062 -21.1938 2
    endloop
  endfacet
  facet normal -0.773024 0.634377 0
    outer loop
      vertex -14.9062 -21.1938 22
      vertex -15.2942 -21.6666 2
      vertex -15.2942 -21.6666 22
    endloop
  endfacet
  facet normal 0.290361 -0.956917 0
    outer loop
      vertex -12.0913 -26.4601 2
      vertex -11.506 -26.2825 22
      vertex -12.0913 -26.4601 22
    endloop
  endfacet
  facet normal 0.290361 -0.956917 0
    outer loop
      vertex -11.506 -26.2825 22
      vertex -12.0913 -26.4601 2
      vertex -11.506 -26.2825 2
    endloop
  endfacet
  facet normal 0.881932 -0.471377 0
    outer loop
      vertex -10.1058 -25.1334 22
      vertex -9.8175 -24.594 2
      vertex -9.8175 -24.594 22
    endloop
  endfacet
  facet normal 0.881932 -0.471377 0
    outer loop
      vertex -9.8175 -24.594 2
      vertex -10.1058 -25.1334 22
      vertex -10.1058 -25.1334 2
    endloop
  endfacet
  facet normal 0.634377 0.773024 -0
    outer loop
      vertex -10.4938 -21.1938 2
      vertex -10.9666 -20.8058 22
      vertex -10.4938 -21.1938 22
    endloop
  endfacet
  facet normal 0.634377 0.773024 0
    outer loop
      vertex -10.9666 -20.8058 22
      vertex -10.4938 -21.1938 2
      vertex -10.9666 -20.8058 2
    endloop
  endfacet
  facet normal -0.881932 -0.471377 0
    outer loop
      vertex -15.2942 -25.1334 2
      vertex -15.5825 -24.594 22
      vertex -15.5825 -24.594 2
    endloop
  endfacet
  facet normal -0.881932 -0.471377 0
    outer loop
      vertex -15.5825 -24.594 22
      vertex -15.2942 -25.1334 2
      vertex -15.2942 -25.1334 22
    endloop
  endfacet
  facet normal 0.773024 -0.634377 0
    outer loop
      vertex -10.4938 -25.6062 22
      vertex -10.1058 -25.1334 2
      vertex -10.1058 -25.1334 22
    endloop
  endfacet
  facet normal 0.773024 -0.634377 0
    outer loop
      vertex -10.1058 -25.1334 2
      vertex -10.4938 -25.6062 22
      vertex -10.4938 -25.6062 2
    endloop
  endfacet
  facet normal 0.0979334 -0.995193 0
    outer loop
      vertex -12.7 -26.52 2
      vertex -12.0913 -26.4601 22
      vertex -12.7 -26.52 22
    endloop
  endfacet
  facet normal 0.0979334 -0.995193 0
    outer loop
      vertex -12.0913 -26.4601 22
      vertex -12.7 -26.52 2
      vertex -12.0913 -26.4601 2
    endloop
  endfacet
  facet normal -0.634377 -0.773024 0
    outer loop
      vertex -14.9062 -25.6062 2
      vertex -14.4334 -25.9942 22
      vertex -14.9062 -25.6062 22
    endloop
  endfacet
  facet normal -0.634377 -0.773024 -0
    outer loop
      vertex -14.4334 -25.9942 22
      vertex -14.9062 -25.6062 2
      vertex -14.4334 -25.9942 2
    endloop
  endfacet
  facet normal -0.773024 -0.634377 0
    outer loop
      vertex -14.9062 -25.6062 2
      vertex -15.2942 -25.1334 22
      vertex -15.2942 -25.1334 2
    endloop
  endfacet
  facet normal -0.773024 -0.634377 0
    outer loop
      vertex -15.2942 -25.1334 22
      vertex -14.9062 -25.6062 2
      vertex -14.9062 -25.6062 22
    endloop
  endfacet
  facet normal 0.471377 -0.881932 0
    outer loop
      vertex -11.506 -26.2825 2
      vertex -10.9666 -25.9942 22
      vertex -11.506 -26.2825 22
    endloop
  endfacet
  facet normal 0.471377 -0.881932 0
    outer loop
      vertex -10.9666 -25.9942 22
      vertex -11.506 -26.2825 2
      vertex -10.9666 -25.9942 2
    endloop
  endfacet
  facet normal -0.995177 0.0980953 0
    outer loop
      vertex -15.82 -23.4 2
      vertex -15.76 -22.7913 22
      vertex -15.76 -22.7913 2
    endloop
  endfacet
  facet normal -0.995177 0.0980953 0
    outer loop
      vertex -15.76 -22.7913 22
      vertex -15.82 -23.4 2
      vertex -15.82 -23.4 22
    endloop
  endfacet
  facet normal -0.0980953 0.995177 0
    outer loop
      vertex -12.7 -20.28 2
      vertex -13.3087 -20.34 22
      vertex -12.7 -20.28 22
    endloop
  endfacet
  facet normal -0.0980953 0.995177 0
    outer loop
      vertex -13.3087 -20.34 22
      vertex -12.7 -20.28 2
      vertex -13.3087 -20.34 2
    endloop
  endfacet
  facet normal -0.0979334 -0.995193 0
    outer loop
      vertex -13.3087 -26.4601 2
      vertex -12.7 -26.52 22
      vertex -13.3087 -26.4601 22
    endloop
  endfacet
  facet normal -0.0979334 -0.995193 -0
    outer loop
      vertex -12.7 -26.52 22
      vertex -13.3087 -26.4601 2
      vertex -12.7 -26.52 2
    endloop
  endfacet
  facet normal -0.471377 -0.881932 0
    outer loop
      vertex -14.4334 -25.9942 2
      vertex -13.894 -26.2825 22
      vertex -14.4334 -25.9942 22
    endloop
  endfacet
  facet normal -0.471377 -0.881932 -0
    outer loop
      vertex -13.894 -26.2825 22
      vertex -14.4334 -25.9942 2
      vertex -13.894 -26.2825 2
    endloop
  endfacet
  facet normal 0.471259 -0.881995 0
    outer loop
      vertex -13.5334 -22.1528 2
      vertex -13.274 -22.0142 22
      vertex -13.5334 -22.1528 22
    endloop
  endfacet
  facet normal 0.471259 -0.881995 0
    outer loop
      vertex -13.274 -22.0142 22
      vertex -13.5334 -22.1528 2
      vertex -13.274 -22.0142 2
    endloop
  endfacet
  facet normal -0.956904 -0.290404 0
    outer loop
      vertex -11.2288 -23.1074 2
      vertex -11.3142 -22.826 22
      vertex -11.3142 -22.826 2
    endloop
  endfacet
  facet normal -0.956904 -0.290404 0
    outer loop
      vertex -11.3142 -22.826 22
      vertex -11.2288 -23.1074 2
      vertex -11.2288 -23.1074 22
    endloop
  endfacet
  facet normal -0.995191 -0.0979545 0
    outer loop
      vertex -11.2 -23.4 2
      vertex -11.2288 -23.1074 22
      vertex -11.2288 -23.1074 2
    endloop
  endfacet
  facet normal -0.995191 -0.0979545 0
    outer loop
      vertex -11.2288 -23.1074 22
      vertex -11.2 -23.4 2
      vertex -11.2 -23.4 22
    endloop
  endfacet
  facet normal -0.881995 -0.471259 0
    outer loop
      vertex -11.3142 -22.826 2
      vertex -11.4528 -22.5666 22
      vertex -11.4528 -22.5666 2
    endloop
  endfacet
  facet normal -0.881995 -0.471259 0
    outer loop
      vertex -11.4528 -22.5666 22
      vertex -11.3142 -22.826 2
      vertex -11.3142 -22.826 22
    endloop
  endfacet
  facet normal 0.956904 0.290404 0
    outer loop
      vertex -14.0858 -23.974 22
      vertex -14.1712 -23.6926 2
      vertex -14.1712 -23.6926 22
    endloop
  endfacet
  facet normal 0.956904 0.290404 0
    outer loop
      vertex -14.1712 -23.6926 2
      vertex -14.0858 -23.974 22
      vertex -14.0858 -23.974 2
    endloop
  endfacet
  facet normal -0.471259 0.881995 0
    outer loop
      vertex -11.8666 -24.6472 2
      vertex -12.126 -24.7858 22
      vertex -11.8666 -24.6472 22
    endloop
  endfacet
  facet normal -0.471259 0.881995 0
    outer loop
      vertex -12.126 -24.7858 22
      vertex -11.8666 -24.6472 2
      vertex -12.126 -24.7858 2
    endloop
  endfacet
  facet normal 0.881995 -0.471259 0
    outer loop
      vertex -14.0858 -22.826 22
      vertex -13.9472 -22.5666 2
      vertex -13.9472 -22.5666 22
    endloop
  endfacet
  facet normal 0.881995 -0.471259 0
    outer loop
      vertex -13.9472 -22.5666 2
      vertex -14.0858 -22.826 22
      vertex -14.0858 -22.826 2
    endloop
  endfacet
  facet normal -0.773078 -0.634311 0
    outer loop
      vertex -11.4528 -22.5666 2
      vertex -11.6393 -22.3393 22
      vertex -11.6393 -22.3393 2
    endloop
  endfacet
  facet normal -0.773078 -0.634311 0
    outer loop
      vertex -11.6393 -22.3393 22
      vertex -11.4528 -22.5666 2
      vertex -11.4528 -22.5666 22
    endloop
  endfacet
  facet normal -0.956904 0.290404 0
    outer loop
      vertex -11.3142 -23.974 2
      vertex -11.2288 -23.6926 22
      vertex -11.2288 -23.6926 2
    endloop
  endfacet
  facet normal -0.956904 0.290404 0
    outer loop
      vertex -11.2288 -23.6926 22
      vertex -11.3142 -23.974 2
      vertex -11.3142 -23.974 22
    endloop
  endfacet
  facet normal 0.881995 0.471259 0
    outer loop
      vertex -13.9472 -24.2334 22
      vertex -14.0858 -23.974 2
      vertex -14.0858 -23.974 22
    endloop
  endfacet
  facet normal 0.881995 0.471259 0
    outer loop
      vertex -14.0858 -23.974 2
      vertex -13.9472 -24.2334 22
      vertex -13.9472 -24.2334 2
    endloop
  endfacet
  facet normal -0.995191 0.0979545 0
    outer loop
      vertex -11.2288 -23.6926 2
      vertex -11.2 -23.4 22
      vertex -11.2 -23.4 2
    endloop
  endfacet
  facet normal -0.995191 0.0979545 0
    outer loop
      vertex -11.2 -23.4 22
      vertex -11.2288 -23.6926 2
      vertex -11.2288 -23.6926 22
    endloop
  endfacet
  facet normal -0.471259 -0.881995 0
    outer loop
      vertex -12.126 -22.0142 2
      vertex -11.8666 -22.1528 22
      vertex -12.126 -22.0142 22
    endloop
  endfacet
  facet normal -0.471259 -0.881995 -0
    outer loop
      vertex -11.8666 -22.1528 22
      vertex -12.126 -22.0142 2
      vertex -11.8666 -22.1528 2
    endloop
  endfacet
  facet normal -0.0979545 -0.995191 0
    outer loop
      vertex -12.7 -21.9 2
      vertex -12.4074 -21.9288 22
      vertex -12.7 -21.9 22
    endloop
  endfacet
  facet normal -0.0979545 -0.995191 -0
    outer loop
      vertex -12.4074 -21.9288 22
      vertex -12.7 -21.9 2
      vertex -12.4074 -21.9288 2
    endloop
  endfacet
  facet normal -0.634311 -0.773078 0
    outer loop
      vertex -11.8666 -22.1528 2
      vertex -11.6393 -22.3393 22
      vertex -11.8666 -22.1528 22
    endloop
  endfacet
  facet normal -0.634311 -0.773078 -0
    outer loop
      vertex -11.6393 -22.3393 22
      vertex -11.8666 -22.1528 2
      vertex -11.6393 -22.3393 2
    endloop
  endfacet
  facet normal -0.881995 0.471259 0
    outer loop
      vertex -11.4528 -24.2334 2
      vertex -11.3142 -23.974 22
      vertex -11.3142 -23.974 2
    endloop
  endfacet
  facet normal -0.881995 0.471259 0
    outer loop
      vertex -11.3142 -23.974 22
      vertex -11.4528 -24.2334 2
      vertex -11.4528 -24.2334 22
    endloop
  endfacet
  facet normal -0.0979545 0.995191 0
    outer loop
      vertex -12.4074 -24.8712 2
      vertex -12.7 -24.9 22
      vertex -12.4074 -24.8712 22
    endloop
  endfacet
  facet normal -0.0979545 0.995191 0
    outer loop
      vertex -12.7 -24.9 22
      vertex -12.4074 -24.8712 2
      vertex -12.7 -24.9 2
    endloop
  endfacet
  facet normal 0.471259 0.881995 -0
    outer loop
      vertex -13.274 -24.7858 2
      vertex -13.5334 -24.6472 22
      vertex -13.274 -24.7858 22
    endloop
  endfacet
  facet normal 0.471259 0.881995 0
    outer loop
      vertex -13.5334 -24.6472 22
      vertex -13.274 -24.7858 2
      vertex -13.5334 -24.6472 2
    endloop
  endfacet
  facet normal 0.290404 0.956904 -0
    outer loop
      vertex -12.9926 -24.8712 2
      vertex -13.274 -24.7858 22
      vertex -12.9926 -24.8712 22
    endloop
  endfacet
  facet normal 0.290404 0.956904 0
    outer loop
      vertex -13.274 -24.7858 22
      vertex -12.9926 -24.8712 2
      vertex -13.274 -24.7858 2
    endloop
  endfacet
  facet normal -0.773078 0.634311 0
    outer loop
      vertex -11.6393 -24.4607 2
      vertex -11.4528 -24.2334 22
      vertex -11.4528 -24.2334 2
    endloop
  endfacet
  facet normal -0.773078 0.634311 0
    outer loop
      vertex -11.4528 -24.2334 22
      vertex -11.6393 -24.4607 2
      vertex -11.6393 -24.4607 22
    endloop
  endfacet
  facet normal 0.995191 -0.0979545 0
    outer loop
      vertex -14.2 -23.4 22
      vertex -14.1712 -23.1074 2
      vertex -14.1712 -23.1074 22
    endloop
  endfacet
  facet normal 0.995191 -0.0979545 0
    outer loop
      vertex -14.1712 -23.1074 2
      vertex -14.2 -23.4 22
      vertex -14.2 -23.4 2
    endloop
  endfacet
  facet normal -0.634311 0.773078 0
    outer loop
      vertex -11.6393 -24.4607 2
      vertex -11.8666 -24.6472 22
      vertex -11.6393 -24.4607 22
    endloop
  endfacet
  facet normal -0.634311 0.773078 0
    outer loop
      vertex -11.8666 -24.6472 22
      vertex -11.6393 -24.4607 2
      vertex -11.8666 -24.6472 2
    endloop
  endfacet
  facet normal 0.773078 -0.634311 0
    outer loop
      vertex -13.9472 -22.5666 22
      vertex -13.7607 -22.3393 2
      vertex -13.7607 -22.3393 22
    endloop
  endfacet
  facet normal 0.773078 -0.634311 0
    outer loop
      vertex -13.7607 -22.3393 2
      vertex -13.9472 -22.5666 22
      vertex -13.9472 -22.5666 2
    endloop
  endfacet
  facet normal -0.290404 -0.956904 0
    outer loop
      vertex -12.4074 -21.9288 2
      vertex -12.126 -22.0142 22
      vertex -12.4074 -21.9288 22
    endloop
  endfacet
  facet normal -0.290404 -0.956904 -0
    outer loop
      vertex -12.126 -22.0142 22
      vertex -12.4074 -21.9288 2
      vertex -12.126 -22.0142 2
    endloop
  endfacet
  facet normal 0.634311 -0.773078 0
    outer loop
      vertex -13.7607 -22.3393 2
      vertex -13.5334 -22.1528 22
      vertex -13.7607 -22.3393 22
    endloop
  endfacet
  facet normal 0.634311 -0.773078 0
    outer loop
      vertex -13.5334 -22.1528 22
      vertex -13.7607 -22.3393 2
      vertex -13.5334 -22.1528 2
    endloop
  endfacet
  facet normal 0.0979545 -0.995191 0
    outer loop
      vertex -12.9926 -21.9288 2
      vertex -12.7 -21.9 22
      vertex -12.9926 -21.9288 22
    endloop
  endfacet
  facet normal 0.0979545 -0.995191 0
    outer loop
      vertex -12.7 -21.9 22
      vertex -12.9926 -21.9288 2
      vertex -12.7 -21.9 2
    endloop
  endfacet
  facet normal 0.290404 -0.956904 0
    outer loop
      vertex -13.274 -22.0142 2
      vertex -12.9926 -21.9288 22
      vertex -13.274 -22.0142 22
    endloop
  endfacet
  facet normal 0.290404 -0.956904 0
    outer loop
      vertex -12.9926 -21.9288 22
      vertex -13.274 -22.0142 2
      vertex -12.9926 -21.9288 2
    endloop
  endfacet
  facet normal 0.773078 0.634311 0
    outer loop
      vertex -13.7607 -24.4607 22
      vertex -13.9472 -24.2334 2
      vertex -13.9472 -24.2334 22
    endloop
  endfacet
  facet normal 0.773078 0.634311 0
    outer loop
      vertex -13.9472 -24.2334 2
      vertex -13.7607 -24.4607 22
      vertex -13.7607 -24.4607 2
    endloop
  endfacet
  facet normal 0.0979545 0.995191 -0
    outer loop
      vertex -12.7 -24.9 2
      vertex -12.9926 -24.8712 22
      vertex -12.7 -24.9 22
    endloop
  endfacet
  facet normal 0.0979545 0.995191 0
    outer loop
      vertex -12.9926 -24.8712 22
      vertex -12.7 -24.9 2
      vertex -12.9926 -24.8712 2
    endloop
  endfacet
  facet normal 0.995191 0.0979545 0
    outer loop
      vertex -14.1712 -23.6926 22
      vertex -14.2 -23.4 2
      vertex -14.2 -23.4 22
    endloop
  endfacet
  facet normal 0.995191 0.0979545 0
    outer loop
      vertex -14.2 -23.4 2
      vertex -14.1712 -23.6926 22
      vertex -14.1712 -23.6926 2
    endloop
  endfacet
  facet normal 0.634311 0.773078 -0
    outer loop
      vertex -13.5334 -24.6472 2
      vertex -13.7607 -24.4607 22
      vertex -13.5334 -24.6472 22
    endloop
  endfacet
  facet normal 0.634311 0.773078 0
    outer loop
      vertex -13.7607 -24.4607 22
      vertex -13.5334 -24.6472 2
      vertex -13.7607 -24.4607 2
    endloop
  endfacet
  facet normal -0.290404 0.956904 0
    outer loop
      vertex -12.126 -24.7858 2
      vertex -12.4074 -24.8712 22
      vertex -12.126 -24.7858 22
    endloop
  endfacet
  facet normal -0.290404 0.956904 0
    outer loop
      vertex -12.4074 -24.8712 22
      vertex -12.126 -24.7858 2
      vertex -12.4074 -24.8712 2
    endloop
  endfacet
  facet normal 0.956904 -0.290404 0
    outer loop
      vertex -14.1712 -23.1074 22
      vertex -14.0858 -22.826 2
      vertex -14.0858 -22.826 22
    endloop
  endfacet
  facet normal 0.956904 -0.290404 0
    outer loop
      vertex -14.0858 -22.826 2
      vertex -14.1712 -23.1074 22
      vertex -14.1712 -23.1074 2
    endloop
  endfacet
  facet normal -0.95694 0.290286 0
    outer loop
      vertex 9.63995 24.0087 11.2719
      vertex 9.8175 24.594 22
      vertex 9.8175 24.594 11.1229
    endloop
  endfacet
  facet normal -0.95694 0.290286 0
    outer loop
      vertex 9.8175 24.594 22
      vertex 9.63995 24.0087 11.2719
      vertex 9.63995 24.0087 22
    endloop
  endfacet
  facet normal 0.956963 0.290212 0
    outer loop
      vertex 15.76 24.0087 22
      vertex 15.5825 24.594 2
      vertex 15.5825 24.594 22
    endloop
  endfacet
  facet normal 0.956963 0.290212 0
    outer loop
      vertex 15.5825 24.594 2
      vertex 15.76 24.0087 22
      vertex 15.76 24.0087 2
    endloop
  endfacet
  facet normal 0.995177 0.0980953 0
    outer loop
      vertex 15.82 23.4 22
      vertex 15.76 24.0087 2
      vertex 15.76 24.0087 22
    endloop
  endfacet
  facet normal 0.995177 0.0980953 0
    outer loop
      vertex 15.76 24.0087 2
      vertex 15.82 23.4 22
      vertex 15.82 23.4 2
    endloop
  endfacet
  facet normal 0.881932 0.471377 0
    outer loop
      vertex 15.5825 24.594 22
      vertex 15.2942 25.1334 2
      vertex 15.2942 25.1334 22
    endloop
  endfacet
  facet normal 0.881932 0.471377 0
    outer loop
      vertex 15.2942 25.1334 2
      vertex 15.5825 24.594 22
      vertex 15.5825 24.594 2
    endloop
  endfacet
  facet normal 0.995177 -0.0980953 0
    outer loop
      vertex 15.76 22.7913 22
      vertex 15.82 23.4 2
      vertex 15.82 23.4 22
    endloop
  endfacet
  facet normal 0.995177 -0.0980953 0
    outer loop
      vertex 15.82 23.4 2
      vertex 15.76 22.7913 22
      vertex 15.76 22.7913 2
    endloop
  endfacet
  facet normal -0.634377 0.773024 0
    outer loop
      vertex 10.9666 25.9942 11
      vertex 10.4938 25.6062 22
      vertex 10.9666 25.9942 22
    endloop
  endfacet
  facet normal -0.634377 0.773024 0
    outer loop
      vertex 10.4938 25.6062 22
      vertex 10.9666 25.9942 11
      vertex 10.4938 25.6062 11
    endloop
  endfacet
  facet normal 0.773024 0.634377 0
    outer loop
      vertex 15.2942 25.1334 22
      vertex 14.9062 25.6062 2
      vertex 14.9062 25.6062 22
    endloop
  endfacet
  facet normal 0.773024 0.634377 0
    outer loop
      vertex 14.9062 25.6062 2
      vertex 15.2942 25.1334 22
      vertex 15.2942 25.1334 2
    endloop
  endfacet
  facet normal -0.881962 0.471321 -0.000316848
    outer loop
      vertex 9.8175 24.594 11.1229
      vertex 10.1058 25.1334 11
      vertex 9.96397 24.868 11
    endloop
  endfacet
  facet normal -0.881932 0.471377 0
    outer loop
      vertex 10.1058 25.1334 11
      vertex 9.8175 24.594 11.1229
      vertex 10.1058 25.1334 22
    endloop
  endfacet
  facet normal -0.881932 0.471377 0
    outer loop
      vertex 10.1058 25.1334 22
      vertex 9.8175 24.594 11.1229
      vertex 9.8175 24.594 22
    endloop
  endfacet
  facet normal -0.290361 0.956917 0
    outer loop
      vertex 12.0913 26.4601 2
      vertex 11.506 26.2825 22
      vertex 12.0913 26.4601 22
    endloop
  endfacet
  facet normal -0.290361 0.956917 0
    outer loop
      vertex 11.506 26.2825 22
      vertex 12.0913 26.4601 2
      vertex 11.506 26.2825 2
    endloop
  endfacet
  facet normal 0.956963 -0.290212 0
    outer loop
      vertex 15.5825 22.206 22
      vertex 15.76 22.7913 2
      vertex 15.76 22.7913 22
    endloop
  endfacet
  facet normal 0.956963 -0.290212 0
    outer loop
      vertex 15.76 22.7913 2
      vertex 15.5825 22.206 22
      vertex 15.5825 22.206 2
    endloop
  endfacet
  facet normal -0.471377 0.881932 2.21174e-06
    outer loop
      vertex 11.506 26.2825 22
      vertex 11.25 26.1457 11
      vertex 10.9666 25.9942 22
    endloop
  endfacet
  facet normal -0.471303 0.881971 0
    outer loop
      vertex 11.506 26.2825 2
      vertex 11.25 26.1457 11
      vertex 11.506 26.2825 22
    endloop
  endfacet
  facet normal -0.471303 0.881971 0
    outer loop
      vertex 11.25 26.1457 11
      vertex 11.506 26.2825 2
      vertex 11.25 26.1457 2
    endloop
  endfacet
  facet normal -0.471444 0.881896 0
    outer loop
      vertex 10.9666 25.9942 22
      vertex 11.25 26.1457 11
      vertex 10.9666 25.9942 11
    endloop
  endfacet
  facet normal 0.634377 -0.773024 0
    outer loop
      vertex 14.4334 20.8058 2
      vertex 14.9062 21.1938 22
      vertex 14.4334 20.8058 22
    endloop
  endfacet
  facet normal 0.634377 -0.773024 0
    outer loop
      vertex 14.9062 21.1938 22
      vertex 14.4334 20.8058 2
      vertex 14.9062 21.1938 2
    endloop
  endfacet
  facet normal -0.95694 -0.290286 -0
    outer loop
      vertex 9.8175 22.206 22
      vertex 9.63995 22.7913 11.2719
      vertex 9.8175 22.206 11.1229
    endloop
  endfacet
  facet normal -0.95694 -0.290286 0
    outer loop
      vertex 9.63995 22.7913 11.2719
      vertex 9.8175 22.206 22
      vertex 9.63995 22.7913 22
    endloop
  endfacet
  facet normal -0.995185 -0.0980144 -0
    outer loop
      vertex 9.63995 22.7913 22
      vertex 9.58 23.4 11.3222
      vertex 9.63995 22.7913 11.2719
    endloop
  endfacet
  facet normal -0.995185 -0.0980144 0
    outer loop
      vertex 9.58 23.4 11.3222
      vertex 9.63995 22.7913 22
      vertex 9.58 23.4 22
    endloop
  endfacet
  facet normal 0.471377 0.881932 -0
    outer loop
      vertex 14.4334 25.9942 2
      vertex 13.894 26.2825 22
      vertex 14.4334 25.9942 22
    endloop
  endfacet
  facet normal 0.471377 0.881932 0
    outer loop
      vertex 13.894 26.2825 22
      vertex 14.4334 25.9942 2
      vertex 13.894 26.2825 2
    endloop
  endfacet
  facet normal 0.290361 0.956917 -0
    outer loop
      vertex 13.894 26.2825 2
      vertex 13.3087 26.4601 22
      vertex 13.894 26.2825 22
    endloop
  endfacet
  facet normal 0.290361 0.956917 0
    outer loop
      vertex 13.3087 26.4601 22
      vertex 13.894 26.2825 2
      vertex 13.3087 26.4601 2
    endloop
  endfacet
  facet normal -0.290212 -0.956963 0
    outer loop
      vertex 11.506 20.5175 2
      vertex 12.0913 20.34 22
      vertex 11.506 20.5175 22
    endloop
  endfacet
  facet normal -0.290212 -0.956963 -0
    outer loop
      vertex 12.0913 20.34 22
      vertex 11.506 20.5175 2
      vertex 12.0913 20.34 2
    endloop
  endfacet
  facet normal 0.0979334 0.995193 -0
    outer loop
      vertex 13.3087 26.4601 2
      vertex 12.7 26.52 22
      vertex 13.3087 26.4601 22
    endloop
  endfacet
  facet normal 0.0979334 0.995193 0
    outer loop
      vertex 12.7 26.52 22
      vertex 13.3087 26.4601 2
      vertex 12.7 26.52 2
    endloop
  endfacet
  facet normal 0 0 1
    outer loop
      vertex 14.2 23.4 22
      vertex 15.82 23.4 22
      vertex 15.76 24.0087 22
    endloop
  endfacet
  facet normal 0 0 1
    outer loop
      vertex 14.1712 23.6926 22
      vertex 15.76 24.0087 22
      vertex 15.5825 24.594 22
    endloop
  endfacet
  facet normal 0 0 1
    outer loop
      vertex 15.82 23.4 22
      vertex 14.2 23.4 22
      vertex 15.76 22.7913 22
    endloop
  endfacet
  facet normal 0 0 1
    outer loop
      vertex 14.0858 23.974 22
      vertex 15.5825 24.594 22
      vertex 15.2942 25.1334 22
    endloop
  endfacet
  facet normal -0 0 1
    outer loop
      vertex 14.1712 23.1074 22
      vertex 15.76 22.7913 22
      vertex 14.2 23.4 22
    endloop
  endfacet
  facet normal 0 0 1
    outer loop
      vertex 13.9472 24.2334 22
      vertex 15.2942 25.1334 22
      vertex 14.9062 25.6062 22
    endloop
  endfacet
  facet normal 0 0 1
    outer loop
      vertex 15.76 22.7913 22
      vertex 14.1712 23.1074 22
      vertex 15.5825 22.206 22
    endloop
  endfacet
  facet normal 0 0 1
    outer loop
      vertex 13.7607 24.4607 22
      vertex 14.9062 25.6062 22
      vertex 14.4334 25.9942 22
    endloop
  endfacet
  facet normal -0 0 1
    outer loop
      vertex 14.0858 22.826 22
      vertex 15.5825 22.206 22
      vertex 14.1712 23.1074 22
    endloop
  endfacet
  facet normal 0 0 1
    outer loop
      vertex 15.5825 22.206 22
      vertex 14.0858 22.826 22
      vertex 15.2942 21.6666 22
    endloop
  endfacet
  facet normal 0 0 1
    outer loop
      vertex 15.76 24.0087 22
      vertex 14.1712 23.6926 22
      vertex 14.2 23.4 22
    endloop
  endfacet
  facet normal 0 0 1
    outer loop
      vertex 15.5825 24.594 22
      vertex 14.0858 23.974 22
      vertex 14.1712 23.6926 22
    endloop
  endfacet
  facet normal 0 0 1
    outer loop
      vertex 15.2942 25.1334 22
      vertex 13.9472 24.2334 22
      vertex 14.0858 23.974 22
    endloop
  endfacet
  facet normal 0 0 1
    outer loop
      vertex 13.5334 24.6472 22
      vertex 14.4334 25.9942 22
      vertex 13.894 26.2825 22
    endloop
  endfacet
  facet normal 0 0 1
    outer loop
      vertex 14.9062 25.6062 22
      vertex 13.7607 24.4607 22
      vertex 13.9472 24.2334 22
    endloop
  endfacet
  facet normal 0 0 1
    outer loop
      vertex 14.4334 25.9942 22
      vertex 13.5334 24.6472 22
      vertex 13.7607 24.4607 22
    endloop
  endfacet
  facet normal 0 0 1
    outer loop
      vertex 13.274 24.7858 22
      vertex 13.894 26.2825 22
      vertex 13.3087 26.4601 22
    endloop
  endfacet
  facet normal 0 0 1
    outer loop
      vertex 13.894 26.2825 22
      vertex 13.274 24.7858 22
      vertex 13.5334 24.6472 22
    endloop
  endfacet
  facet normal 0 0 1
    outer loop
      vertex 13.3087 26.4601 22
      vertex 12.9926 24.8712 22
      vertex 13.274 24.7858 22
    endloop
  endfacet
  facet normal 0 0 1
    outer loop
      vertex 12.7 26.52 22
      vertex 12.9926 24.8712 22
      vertex 13.3087 26.4601 22
    endloop
  endfacet
  facet normal 0 0 1
    outer loop
      vertex 12.7 26.52 22
      vertex 12.7 24.9 22
      vertex 12.9926 24.8712 22
    endloop
  endfacet
  facet normal 0 0 1
    outer loop
      vertex 12.7 26.52 22
      vertex 12.4074 24.8712 22
      vertex 12.7 24.9 22
    endloop
  endfacet
  facet normal -0 0 1
    outer loop
      vertex 12.0913 26.4601 22
      vertex 12.4074 24.8712 22
      vertex 12.7 26.52 22
    endloop
  endfacet
  facet normal 0 0 1
    outer loop
      vertex 12.4074 24.8712 22
      vertex 12.0913 26.4601 22
      vertex 12.126 24.7858 22
    endloop
  endfacet
  facet normal -0 0 1
    outer loop
      vertex 11.506 26.2825 22
      vertex 12.126 24.7858 22
      vertex 12.0913 26.4601 22
    endloop
  endfacet
  facet normal 0 0 1
    outer loop
      vertex 12.126 24.7858 22
      vertex 11.506 26.2825 22
      vertex 11.8666 24.6472 22
    endloop
  endfacet
  facet normal -0 0 1
    outer loop
      vertex 10.9666 25.9942 22
      vertex 11.8666 24.6472 22
      vertex 11.506 26.2825 22
    endloop
  endfacet
  facet normal 0 0 1
    outer loop
      vertex 11.8666 24.6472 22
      vertex 10.9666 25.9942 22
      vertex 11.6393 24.4607 22
    endloop
  endfacet
  facet normal -0 0 1
    outer loop
      vertex 10.4938 25.6062 22
      vertex 11.6393 24.4607 22
      vertex 10.9666 25.9942 22
    endloop
  endfacet
  facet normal 0 0 1
    outer loop
      vertex 11.6393 24.4607 22
      vertex 10.4938 25.6062 22
      vertex 11.4528 24.2334 22
    endloop
  endfacet
  facet normal 0 0 1
    outer loop
      vertex 11.4528 24.2334 22
      vertex 10.1058 25.1334 22
      vertex 11.3142 23.974 22
    endloop
  endfacet
  facet normal -0 0 1
    outer loop
      vertex 10.1058 25.1334 22
      vertex 11.4528 24.2334 22
      vertex 10.4938 25.6062 22
    endloop
  endfacet
  facet normal -0 0 1
    outer loop
      vertex 13.9472 22.5666 22
      vertex 15.2942 21.6666 22
      vertex 14.0858 22.826 22
    endloop
  endfacet
  facet normal 0 0 1
    outer loop
      vertex 15.2942 21.6666 22
      vertex 13.9472 22.5666 22
      vertex 14.9062 21.1938 22
    endloop
  endfacet
  facet normal -0 0 1
    outer loop
      vertex 13.7607 22.3393 22
      vertex 14.9062 21.1938 22
      vertex 13.9472 22.5666 22
    endloop
  endfacet
  facet normal 0 0 1
    outer loop
      vertex 14.9062 21.1938 22
      vertex 13.7607 22.3393 22
      vertex 14.4334 20.8058 22
    endloop
  endfacet
  facet normal -0 0 1
    outer loop
      vertex 13.5334 22.1528 22
      vertex 14.4334 20.8058 22
      vertex 13.7607 22.3393 22
    endloop
  endfacet
  facet normal 0 0 1
    outer loop
      vertex 14.4334 20.8058 22
      vertex 13.5334 22.1528 22
      vertex 13.894 20.5175 22
    endloop
  endfacet
  facet normal -0 0 1
    outer loop
      vertex 13.274 22.0142 22
      vertex 13.894 20.5175 22
      vertex 13.5334 22.1528 22
    endloop
  endfacet
  facet normal 0 0 1
    outer loop
      vertex 13.894 20.5175 22
      vertex 13.274 22.0142 22
      vertex 13.3087 20.34 22
    endloop
  endfacet
  facet normal -0 0 1
    outer loop
      vertex 12.9926 21.9288 22
      vertex 13.3087 20.34 22
      vertex 13.274 22.0142 22
    endloop
  endfacet
  facet normal -0 0 1
    outer loop
      vertex 12.7 21.9 22
      vertex 13.3087 20.34 22
      vertex 12.9926 21.9288 22
    endloop
  endfacet
  facet normal 0 0 1
    outer loop
      vertex 12.7 21.9 22
      vertex 12.7 20.28 22
      vertex 13.3087 20.34 22
    endloop
  endfacet
  facet normal 0 0 1
    outer loop
      vertex 12.4074 21.9288 22
      vertex 12.7 20.28 22
      vertex 12.7 21.9 22
    endloop
  endfacet
  facet normal 0 0 1
    outer loop
      vertex 12.0913 20.34 22
      vertex 12.4074 21.9288 22
      vertex 12.126 22.0142 22
    endloop
  endfacet
  facet normal 0 0 1
    outer loop
      vertex 12.4074 21.9288 22
      vertex 12.0913 20.34 22
      vertex 12.7 20.28 22
    endloop
  endfacet
  facet normal 0 0 1
    outer loop
      vertex 11.506 20.5175 22
      vertex 12.126 22.0142 22
      vertex 11.8666 22.1528 22
    endloop
  endfacet
  facet normal 0 0 1
    outer loop
      vertex 10.9666 20.8058 22
      vertex 11.8666 22.1528 22
      vertex 11.6393 22.3393 22
    endloop
  endfacet
  facet normal 0 0 1
    outer loop
      vertex 12.126 22.0142 22
      vertex 11.506 20.5175 22
      vertex 12.0913 20.34 22
    endloop
  endfacet
  facet normal 0 0 1
    outer loop
      vertex 10.4938 21.1938 22
      vertex 11.6393 22.3393 22
      vertex 11.4528 22.5666 22
    endloop
  endfacet
  facet normal 0 0 1
    outer loop
      vertex 10.1058 21.6666 22
      vertex 11.4528 22.5666 22
      vertex 11.3142 22.826 22
    endloop
  endfacet
  facet normal 0 0 1
    outer loop
      vertex 9.8175 22.206 22
      vertex 11.3142 22.826 22
      vertex 11.2288 23.1074 22
    endloop
  endfacet
  facet normal 0 0 1
    outer loop
      vertex 11.8666 22.1528 22
      vertex 10.9666 20.8058 22
      vertex 11.506 20.5175 22
    endloop
  endfacet
  facet normal 0 0 1
    outer loop
      vertex 9.63995 22.7913 22
      vertex 11.2288 23.1074 22
      vertex 11.2 23.4 22
    endloop
  endfacet
  facet normal -0 0 1
    outer loop
      vertex 9.8175 24.594 22
      vertex 11.3142 23.974 22
      vertex 10.1058 25.1334 22
    endloop
  endfacet
  facet normal 0 0 1
    outer loop
      vertex 11.3142 23.974 22
      vertex 9.8175 24.594 22
      vertex 11.2288 23.6926 22
    endloop
  endfacet
  facet normal 0 0 1
    outer loop
      vertex 11.6393 22.3393 22
      vertex 10.4938 21.1938 22
      vertex 10.9666 20.8058 22
    endloop
  endfacet
  facet normal -0 0 1
    outer loop
      vertex 9.63995 24.0087 22
      vertex 11.2288 23.6926 22
      vertex 9.8175 24.594 22
    endloop
  endfacet
  facet normal 0 0 1
    outer loop
      vertex 11.4528 22.5666 22
      vertex 10.1058 21.6666 22
      vertex 10.4938 21.1938 22
    endloop
  endfacet
  facet normal 0 0 1
    outer loop
      vertex 11.2288 23.6926 22
      vertex 9.63995 24.0087 22
      vertex 11.2 23.4 22
    endloop
  endfacet
  facet normal 0 0 1
    outer loop
      vertex 11.3142 22.826 22
      vertex 9.8175 22.206 22
      vertex 10.1058 21.6666 22
    endloop
  endfacet
  facet normal 0 0 1
    outer loop
      vertex 9.58 23.4 22
      vertex 11.2 23.4 22
      vertex 9.63995 24.0087 22
    endloop
  endfacet
  facet normal 0 0 1
    outer loop
      vertex 11.2288 23.1074 22
      vertex 9.63995 22.7913 22
      vertex 9.8175 22.206 22
    endloop
  endfacet
  facet normal 0 0 1
    outer loop
      vertex 11.2 23.4 22
      vertex 9.58 23.4 22
      vertex 9.63995 22.7913 22
    endloop
  endfacet
  facet normal -0.773024 0.634377 0
    outer loop
      vertex 10.1058 25.1334 11
      vertex 10.4938 25.6062 22
      vertex 10.4938 25.6062 11
    endloop
  endfacet
  facet normal -0.773024 0.634377 0
    outer loop
      vertex 10.4938 25.6062 22
      vertex 10.1058 25.1334 11
      vertex 10.1058 25.1334 22
    endloop
  endfacet
  facet normal 0.290212 -0.956963 0
    outer loop
      vertex 13.3087 20.34 2
      vertex 13.894 20.5175 22
      vertex 13.3087 20.34 22
    endloop
  endfacet
  facet normal 0.290212 -0.956963 0
    outer loop
      vertex 13.894 20.5175 22
      vertex 13.3087 20.34 2
      vertex 13.894 20.5175 2
    endloop
  endfacet
  facet normal 0.881932 -0.471377 0
    outer loop
      vertex 15.2942 21.6666 22
      vertex 15.5825 22.206 2
      vertex 15.5825 22.206 22
    endloop
  endfacet
  facet normal 0.881932 -0.471377 0
    outer loop
      vertex 15.5825 22.206 2
      vertex 15.2942 21.6666 22
      vertex 15.2942 21.6666 2
    endloop
  endfacet
  facet normal 0.634377 0.773024 -0
    outer loop
      vertex 14.9062 25.6062 2
      vertex 14.4334 25.9942 22
      vertex 14.9062 25.6062 22
    endloop
  endfacet
  facet normal 0.634377 0.773024 0
    outer loop
      vertex 14.4334 25.9942 22
      vertex 14.9062 25.6062 2
      vertex 14.4334 25.9942 2
    endloop
  endfacet
  facet normal -0.881962 -0.471321 -0.000316848
    outer loop
      vertex 10.1058 21.6666 11
      vertex 9.8175 22.206 11.1229
      vertex 9.96397 21.932 11
    endloop
  endfacet
  facet normal -0.881932 -0.471377 0
    outer loop
      vertex 9.8175 22.206 11.1229
      vertex 10.1058 21.6666 11
      vertex 10.1058 21.6666 22
    endloop
  endfacet
  facet normal -0.881932 -0.471377 0
    outer loop
      vertex 9.8175 22.206 11.1229
      vertex 10.1058 21.6666 22
      vertex 9.8175 22.206 22
    endloop
  endfacet
  facet normal 0.773024 -0.634377 0
    outer loop
      vertex 14.9062 21.1938 22
      vertex 15.2942 21.6666 2
      vertex 15.2942 21.6666 22
    endloop
  endfacet
  facet normal 0.773024 -0.634377 0
    outer loop
      vertex 15.2942 21.6666 2
      vertex 14.9062 21.1938 22
      vertex 14.9062 21.1938 2
    endloop
  endfacet
  facet normal 0.0980953 -0.995177 0
    outer loop
      vertex 12.7 20.28 2
      vertex 13.3087 20.34 22
      vertex 12.7 20.28 22
    endloop
  endfacet
  facet normal 0.0980953 -0.995177 0
    outer loop
      vertex 13.3087 20.34 22
      vertex 12.7 20.28 2
      vertex 13.3087 20.34 2
    endloop
  endfacet
  facet normal -0.634377 -0.773024 0
    outer loop
      vertex 10.4938 21.1938 11
      vertex 10.9666 20.8058 22
      vertex 10.4938 21.1938 22
    endloop
  endfacet
  facet normal -0.634377 -0.773024 -0
    outer loop
      vertex 10.9666 20.8058 22
      vertex 10.4938 21.1938 11
      vertex 10.9666 20.8058 11
    endloop
  endfacet
  facet normal -0.773024 -0.634377 0
    outer loop
      vertex 10.4938 21.1938 11
      vertex 10.1058 21.6666 22
      vertex 10.1058 21.6666 11
    endloop
  endfacet
  facet normal -0.773024 -0.634377 0
    outer loop
      vertex 10.1058 21.6666 22
      vertex 10.4938 21.1938 11
      vertex 10.4938 21.1938 22
    endloop
  endfacet
  facet normal 0.471377 -0.881932 0
    outer loop
      vertex 13.894 20.5175 2
      vertex 14.4334 20.8058 22
      vertex 13.894 20.5175 22
    endloop
  endfacet
  facet normal 0.471377 -0.881932 0
    outer loop
      vertex 14.4334 20.8058 22
      vertex 13.894 20.5175 2
      vertex 14.4334 20.8058 2
    endloop
  endfacet
  facet normal -0.995185 0.0980144 0
    outer loop
      vertex 9.58 23.4 11.3222
      vertex 9.63995 24.0087 22
      vertex 9.63995 24.0087 11.2719
    endloop
  endfacet
  facet normal -0.995185 0.0980144 0
    outer loop
      vertex 9.63995 24.0087 22
      vertex 9.58 23.4 11.3222
      vertex 9.58 23.4 22
    endloop
  endfacet
  facet normal -0.0979334 0.995193 0
    outer loop
      vertex 12.7 26.52 2
      vertex 12.0913 26.4601 22
      vertex 12.7 26.52 22
    endloop
  endfacet
  facet normal -0.0979334 0.995193 0
    outer loop
      vertex 12.0913 26.4601 22
      vertex 12.7 26.52 2
      vertex 12.0913 26.4601 2
    endloop
  endfacet
  facet normal -0.0980953 -0.995177 0
    outer loop
      vertex 12.0913 20.34 2
      vertex 12.7 20.28 22
      vertex 12.0913 20.34 22
    endloop
  endfacet
  facet normal -0.0980953 -0.995177 -0
    outer loop
      vertex 12.7 20.28 22
      vertex 12.0913 20.34 2
      vertex 12.7 20.28 2
    endloop
  endfacet
  facet normal -0.471444 -0.881896 0
    outer loop
      vertex 11.25 20.6543 11
      vertex 10.9666 20.8058 22
      vertex 10.9666 20.8058 11
    endloop
  endfacet
  facet normal -0.471377 -0.881932 2.21174e-06
    outer loop
      vertex 10.9666 20.8058 22
      vertex 11.25 20.6543 11
      vertex 11.506 20.5175 22
    endloop
  endfacet
  facet normal -0.471303 -0.881971 0
    outer loop
      vertex 11.506 20.5175 2
      vertex 11.25 20.6543 11
      vertex 11.25 20.6543 2
    endloop
  endfacet
  facet normal -0.471303 -0.881971 0
    outer loop
      vertex 11.25 20.6543 11
      vertex 11.506 20.5175 2
      vertex 11.506 20.5175 22
    endloop
  endfacet
  facet normal 0.471259 -0.881995 0
    outer loop
      vertex 11.8666 24.6472 2
      vertex 12.126 24.7858 22
      vertex 11.8666 24.6472 22
    endloop
  endfacet
  facet normal 0.471259 -0.881995 0
    outer loop
      vertex 12.126 24.7858 22
      vertex 11.8666 24.6472 2
      vertex 12.126 24.7858 2
    endloop
  endfacet
  facet normal -0.956904 -0.290404 0
    outer loop
      vertex 14.1712 23.6926 2
      vertex 14.0858 23.974 22
      vertex 14.0858 23.974 2
    endloop
  endfacet
  facet normal -0.956904 -0.290404 0
    outer loop
      vertex 14.0858 23.974 22
      vertex 14.1712 23.6926 2
      vertex 14.1712 23.6926 22
    endloop
  endfacet
  facet normal -0.995191 -0.0979545 0
    outer loop
      vertex 14.2 23.4 2
      vertex 14.1712 23.6926 22
      vertex 14.1712 23.6926 2
    endloop
  endfacet
  facet normal -0.995191 -0.0979545 0
    outer loop
      vertex 14.1712 23.6926 22
      vertex 14.2 23.4 2
      vertex 14.2 23.4 22
    endloop
  endfacet
  facet normal -0.881995 -0.471259 0
    outer loop
      vertex 14.0858 23.974 2
      vertex 13.9472 24.2334 22
      vertex 13.9472 24.2334 2
    endloop
  endfacet
  facet normal -0.881995 -0.471259 0
    outer loop
      vertex 13.9472 24.2334 22
      vertex 14.0858 23.974 2
      vertex 14.0858 23.974 22
    endloop
  endfacet
  facet normal 0.95684 0.290616 0
    outer loop
      vertex 11.2288 23.1074 22
      vertex 11.25 23.0376 11
      vertex 11.2288 23.1074 11
    endloop
  endfacet
  facet normal 0.956904 0.290404 1.47149e-06
    outer loop
      vertex 11.3142 22.826 22
      vertex 11.25 23.0376 11
      vertex 11.2288 23.1074 22
    endloop
  endfacet
  facet normal 0.956925 0.290334 -0
    outer loop
      vertex 11.3142 22.826 2
      vertex 11.25 23.0376 11
      vertex 11.3142 22.826 22
    endloop
  endfacet
  facet normal 0.956925 0.290334 0
    outer loop
      vertex 11.25 23.0376 11
      vertex 11.3142 22.826 2
      vertex 11.25 23.0376 2
    endloop
  endfacet
  facet normal -0.471259 0.881995 0
    outer loop
      vertex 13.5334 22.1528 2
      vertex 13.274 22.0142 22
      vertex 13.5334 22.1528 22
    endloop
  endfacet
  facet normal -0.471259 0.881995 0
    outer loop
      vertex 13.274 22.0142 22
      vertex 13.5334 22.1528 2
      vertex 13.274 22.0142 2
    endloop
  endfacet
  facet normal 0.881995 -0.471259 0
    outer loop
      vertex 11.3142 23.974 22
      vertex 11.4528 24.2334 2
      vertex 11.4528 24.2334 22
    endloop
  endfacet
  facet normal 0.881995 -0.471259 0
    outer loop
      vertex 11.4528 24.2334 2
      vertex 11.3142 23.974 22
      vertex 11.3142 23.974 2
    endloop
  endfacet
  facet normal -0.773078 -0.634311 0
    outer loop
      vertex 13.9472 24.2334 2
      vertex 13.7607 24.4607 22
      vertex 13.7607 24.4607 2
    endloop
  endfacet
  facet normal -0.773078 -0.634311 0
    outer loop
      vertex 13.7607 24.4607 22
      vertex 13.9472 24.2334 2
      vertex 13.9472 24.2334 22
    endloop
  endfacet
  facet normal -0.956904 0.290404 0
    outer loop
      vertex 14.0858 22.826 2
      vertex 14.1712 23.1074 22
      vertex 14.1712 23.1074 2
    endloop
  endfacet
  facet normal -0.956904 0.290404 0
    outer loop
      vertex 14.1712 23.1074 22
      vertex 14.0858 22.826 2
      vertex 14.0858 22.826 22
    endloop
  endfacet
  facet normal 0.881995 0.471259 0
    outer loop
      vertex 11.4528 22.5666 22
      vertex 11.3142 22.826 2
      vertex 11.3142 22.826 22
    endloop
  endfacet
  facet normal 0.881995 0.471259 0
    outer loop
      vertex 11.3142 22.826 2
      vertex 11.4528 22.5666 22
      vertex 11.4528 22.5666 2
    endloop
  endfacet
  facet normal -0.995191 0.0979545 0
    outer loop
      vertex 14.1712 23.1074 2
      vertex 14.2 23.4 22
      vertex 14.2 23.4 2
    endloop
  endfacet
  facet normal -0.995191 0.0979545 0
    outer loop
      vertex 14.2 23.4 22
      vertex 14.1712 23.1074 2
      vertex 14.1712 23.1074 22
    endloop
  endfacet
  facet normal -0.471259 -0.881995 0
    outer loop
      vertex 13.274 24.7858 2
      vertex 13.5334 24.6472 22
      vertex 13.274 24.7858 22
    endloop
  endfacet
  facet normal -0.471259 -0.881995 -0
    outer loop
      vertex 13.5334 24.6472 22
      vertex 13.274 24.7858 2
      vertex 13.5334 24.6472 2
    endloop
  endfacet
  facet normal -0.0979545 -0.995191 0
    outer loop
      vertex 12.7 24.9 2
      vertex 12.9926 24.8712 22
      vertex 12.7 24.9 22
    endloop
  endfacet
  facet normal -0.0979545 -0.995191 -0
    outer loop
      vertex 12.9926 24.8712 22
      vertex 12.7 24.9 2
      vertex 12.9926 24.8712 2
    endloop
  endfacet
  facet normal -0.634311 -0.773078 0
    outer loop
      vertex 13.5334 24.6472 2
      vertex 13.7607 24.4607 22
      vertex 13.5334 24.6472 22
    endloop
  endfacet
  facet normal -0.634311 -0.773078 -0
    outer loop
      vertex 13.7607 24.4607 22
      vertex 13.5334 24.6472 2
      vertex 13.7607 24.4607 2
    endloop
  endfacet
  facet normal -0.881995 0.471259 0
    outer loop
      vertex 13.9472 22.5666 2
      vertex 14.0858 22.826 22
      vertex 14.0858 22.826 2
    endloop
  endfacet
  facet normal -0.881995 0.471259 0
    outer loop
      vertex 14.0858 22.826 22
      vertex 13.9472 22.5666 2
      vertex 13.9472 22.5666 22
    endloop
  endfacet
  facet normal -0.0979545 0.995191 0
    outer loop
      vertex 12.9926 21.9288 2
      vertex 12.7 21.9 22
      vertex 12.9926 21.9288 22
    endloop
  endfacet
  facet normal -0.0979545 0.995191 0
    outer loop
      vertex 12.7 21.9 22
      vertex 12.9926 21.9288 2
      vertex 12.7 21.9 2
    endloop
  endfacet
  facet normal 0.471259 0.881995 -0
    outer loop
      vertex 12.126 22.0142 2
      vertex 11.8666 22.1528 22
      vertex 12.126 22.0142 22
    endloop
  endfacet
  facet normal 0.471259 0.881995 0
    outer loop
      vertex 11.8666 22.1528 22
      vertex 12.126 22.0142 2
      vertex 11.8666 22.1528 2
    endloop
  endfacet
  facet normal 0.290404 0.956904 -0
    outer loop
      vertex 12.4074 21.9288 2
      vertex 12.126 22.0142 22
      vertex 12.4074 21.9288 22
    endloop
  endfacet
  facet normal 0.290404 0.956904 0
    outer loop
      vertex 12.126 22.0142 22
      vertex 12.4074 21.9288 2
      vertex 12.126 22.0142 2
    endloop
  endfacet
  facet normal -0.773078 0.634311 0
    outer loop
      vertex 13.7607 22.3393 2
      vertex 13.9472 22.5666 22
      vertex 13.9472 22.5666 2
    endloop
  endfacet
  facet normal -0.773078 0.634311 0
    outer loop
      vertex 13.9472 22.5666 22
      vertex 13.7607 22.3393 2
      vertex 13.7607 22.3393 22
    endloop
  endfacet
  facet normal 0.995191 -0.0979545 0
    outer loop
      vertex 11.2 23.4 22
      vertex 11.2288 23.6926 11
      vertex 11.2288 23.6926 22
    endloop
  endfacet
  facet normal 0.995191 -0.0979545 0
    outer loop
      vertex 11.2288 23.6926 11
      vertex 11.2 23.4 22
      vertex 11.2 23.4 11
    endloop
  endfacet
  facet normal -0.634311 0.773078 0
    outer loop
      vertex 13.7607 22.3393 2
      vertex 13.5334 22.1528 22
      vertex 13.7607 22.3393 22
    endloop
  endfacet
  facet normal -0.634311 0.773078 0
    outer loop
      vertex 13.5334 22.1528 22
      vertex 13.7607 22.3393 2
      vertex 13.5334 22.1528 2
    endloop
  endfacet
  facet normal 0.773078 -0.634311 0
    outer loop
      vertex 11.4528 24.2334 22
      vertex 11.6393 24.4607 2
      vertex 11.6393 24.4607 22
    endloop
  endfacet
  facet normal 0.773078 -0.634311 0
    outer loop
      vertex 11.6393 24.4607 2
      vertex 11.4528 24.2334 22
      vertex 11.4528 24.2334 2
    endloop
  endfacet
  facet normal -0.290404 -0.956904 0
    outer loop
      vertex 12.9926 24.8712 2
      vertex 13.274 24.7858 22
      vertex 12.9926 24.8712 22
    endloop
  endfacet
  facet normal -0.290404 -0.956904 -0
    outer loop
      vertex 13.274 24.7858 22
      vertex 12.9926 24.8712 2
      vertex 13.274 24.7858 2
    endloop
  endfacet
  facet normal 0.634311 -0.773078 0
    outer loop
      vertex 11.6393 24.4607 2
      vertex 11.8666 24.6472 22
      vertex 11.6393 24.4607 22
    endloop
  endfacet
  facet normal 0.634311 -0.773078 0
    outer loop
      vertex 11.8666 24.6472 22
      vertex 11.6393 24.4607 2
      vertex 11.8666 24.6472 2
    endloop
  endfacet
  facet normal 0.0979545 -0.995191 0
    outer loop
      vertex 12.4074 24.8712 2
      vertex 12.7 24.9 22
      vertex 12.4074 24.8712 22
    endloop
  endfacet
  facet normal 0.0979545 -0.995191 0
    outer loop
      vertex 12.7 24.9 22
      vertex 12.4074 24.8712 2
      vertex 12.7 24.9 2
    endloop
  endfacet
  facet normal 0.290404 -0.956904 0
    outer loop
      vertex 12.126 24.7858 2
      vertex 12.4074 24.8712 22
      vertex 12.126 24.7858 22
    endloop
  endfacet
  facet normal 0.290404 -0.956904 0
    outer loop
      vertex 12.4074 24.8712 22
      vertex 12.126 24.7858 2
      vertex 12.4074 24.8712 2
    endloop
  endfacet
  facet normal 0.773078 0.634311 0
    outer loop
      vertex 11.6393 22.3393 22
      vertex 11.4528 22.5666 2
      vertex 11.4528 22.5666 22
    endloop
  endfacet
  facet normal 0.773078 0.634311 0
    outer loop
      vertex 11.4528 22.5666 2
      vertex 11.6393 22.3393 22
      vertex 11.6393 22.3393 2
    endloop
  endfacet
  facet normal 0.0979545 0.995191 -0
    outer loop
      vertex 12.7 21.9 2
      vertex 12.4074 21.9288 22
      vertex 12.7 21.9 22
    endloop
  endfacet
  facet normal 0.0979545 0.995191 0
    outer loop
      vertex 12.4074 21.9288 22
      vertex 12.7 21.9 2
      vertex 12.4074 21.9288 2
    endloop
  endfacet
  facet normal 0.995191 0.0979545 0
    outer loop
      vertex 11.2288 23.1074 22
      vertex 11.2 23.4 11
      vertex 11.2 23.4 22
    endloop
  endfacet
  facet normal 0.995191 0.0979545 0
    outer loop
      vertex 11.2 23.4 11
      vertex 11.2288 23.1074 22
      vertex 11.2288 23.1074 11
    endloop
  endfacet
  facet normal 0.634311 0.773078 -0
    outer loop
      vertex 11.8666 22.1528 2
      vertex 11.6393 22.3393 22
      vertex 11.8666 22.1528 22
    endloop
  endfacet
  facet normal 0.634311 0.773078 0
    outer loop
      vertex 11.6393 22.3393 22
      vertex 11.8666 22.1528 2
      vertex 11.6393 22.3393 2
    endloop
  endfacet
  facet normal -0.290404 0.956904 0
    outer loop
      vertex 13.274 22.0142 2
      vertex 12.9926 21.9288 22
      vertex 13.274 22.0142 22
    endloop
  endfacet
  facet normal -0.290404 0.956904 0
    outer loop
      vertex 12.9926 21.9288 22
      vertex 13.274 22.0142 2
      vertex 12.9926 21.9288 2
    endloop
  endfacet
  facet normal 0.956925 -0.290334 0
    outer loop
      vertex 11.3142 23.974 22
      vertex 11.25 23.7624 11
      vertex 11.3142 23.974 2
    endloop
  endfacet
  facet normal 0.956904 -0.290404 1.47149e-06
    outer loop
      vertex 11.2288 23.6926 22
      vertex 11.25 23.7624 11
      vertex 11.3142 23.974 22
    endloop
  endfacet
  facet normal 0.95684 -0.290616 0
    outer loop
      vertex 11.25 23.7624 11
      vertex 11.2288 23.6926 22
      vertex 11.2288 23.6926 11
    endloop
  endfacet
  facet normal 0.956925 -0.290334 0
    outer loop
      vertex 11.3142 23.974 2
      vertex 11.25 23.7624 11
      vertex 11.25 23.7624 2
    endloop
  endfacet
  facet normal -0.956963 0.290212 0
    outer loop
      vertex -15.76 24.0087 2
      vertex -15.5825 24.594 22
      vertex -15.5825 24.594 2
    endloop
  endfacet
  facet normal -0.956963 0.290212 0
    outer loop
      vertex -15.5825 24.594 22
      vertex -15.76 24.0087 2
      vertex -15.76 24.0087 22
    endloop
  endfacet
  facet normal 0.95694 0.290286 -0
    outer loop
      vertex -9.63995 24.0087 11.2719
      vertex -9.8175 24.594 22
      vertex -9.63995 24.0087 22
    endloop
  endfacet
  facet normal 0.95694 0.290286 0
    outer loop
      vertex -9.8175 24.594 22
      vertex -9.63995 24.0087 11.2719
      vertex -9.8175 24.594 11.1229
    endloop
  endfacet
  facet normal 0.995185 0.0980144 -0
    outer loop
      vertex -9.58 23.4 11.3222
      vertex -9.63995 24.0087 22
      vertex -9.58 23.4 22
    endloop
  endfacet
  facet normal 0.995185 0.0980144 0
    outer loop
      vertex -9.63995 24.0087 22
      vertex -9.58 23.4 11.3222
      vertex -9.63995 24.0087 11.2719
    endloop
  endfacet
  facet normal 0.881932 0.471377 0
    outer loop
      vertex -9.8175 24.594 11.1229
      vertex -10.1058 25.1334 11
      vertex -10.1058 25.1334 22
    endloop
  endfacet
  facet normal 0.881932 0.471377 -0
    outer loop
      vertex -9.8175 24.594 11.1229
      vertex -10.1058 25.1334 22
      vertex -9.8175 24.594 22
    endloop
  endfacet
  facet normal 0.881962 0.471321 -0.000316848
    outer loop
      vertex -10.1058 25.1334 11
      vertex -9.8175 24.594 11.1229
      vertex -9.96397 24.868 11
    endloop
  endfacet
  facet normal 0.995185 -0.0980144 0
    outer loop
      vertex -9.63995 22.7913 22
      vertex -9.58 23.4 11.3222
      vertex -9.58 23.4 22
    endloop
  endfacet
  facet normal 0.995185 -0.0980144 0
    outer loop
      vertex -9.58 23.4 11.3222
      vertex -9.63995 22.7913 22
      vertex -9.63995 22.7913 11.2719
    endloop
  endfacet
  facet normal -0.634377 0.773024 0
    outer loop
      vertex -14.4334 25.9942 2
      vertex -14.9062 25.6062 22
      vertex -14.4334 25.9942 22
    endloop
  endfacet
  facet normal -0.634377 0.773024 0
    outer loop
      vertex -14.9062 25.6062 22
      vertex -14.4334 25.9942 2
      vertex -14.9062 25.6062 2
    endloop
  endfacet
  facet normal 0.773024 0.634377 0
    outer loop
      vertex -10.1058 25.1334 22
      vertex -10.4938 25.6062 11
      vertex -10.4938 25.6062 22
    endloop
  endfacet
  facet normal 0.773024 0.634377 0
    outer loop
      vertex -10.4938 25.6062 11
      vertex -10.1058 25.1334 22
      vertex -10.1058 25.1334 11
    endloop
  endfacet
  facet normal -0.881932 0.471377 0
    outer loop
      vertex -15.5825 24.594 2
      vertex -15.2942 25.1334 22
      vertex -15.2942 25.1334 2
    endloop
  endfacet
  facet normal -0.881932 0.471377 0
    outer loop
      vertex -15.2942 25.1334 22
      vertex -15.5825 24.594 2
      vertex -15.5825 24.594 22
    endloop
  endfacet
  facet normal -0.290361 0.956917 0
    outer loop
      vertex -13.3087 26.4601 2
      vertex -13.894 26.2825 22
      vertex -13.3087 26.4601 22
    endloop
  endfacet
  facet normal -0.290361 0.956917 0
    outer loop
      vertex -13.894 26.2825 22
      vertex -13.3087 26.4601 2
      vertex -13.894 26.2825 2
    endloop
  endfacet
  facet normal 0.95694 -0.290286 0
    outer loop
      vertex -9.8175 22.206 22
      vertex -9.63995 22.7913 11.2719
      vertex -9.63995 22.7913 22
    endloop
  endfacet
  facet normal 0.95694 -0.290286 0
    outer loop
      vertex -9.63995 22.7913 11.2719
      vertex -9.8175 22.206 22
      vertex -9.8175 22.206 11.1229
    endloop
  endfacet
  facet normal -0.471377 0.881932 0
    outer loop
      vertex -13.894 26.2825 2
      vertex -14.4334 25.9942 22
      vertex -13.894 26.2825 22
    endloop
  endfacet
  facet normal -0.471377 0.881932 0
    outer loop
      vertex -14.4334 25.9942 22
      vertex -13.894 26.2825 2
      vertex -14.4334 25.9942 2
    endloop
  endfacet
  facet normal 0.634377 -0.773024 0
    outer loop
      vertex -10.9666 20.8058 11
      vertex -10.4938 21.1938 22
      vertex -10.9666 20.8058 22
    endloop
  endfacet
  facet normal 0.634377 -0.773024 0
    outer loop
      vertex -10.4938 21.1938 22
      vertex -10.9666 20.8058 11
      vertex -10.4938 21.1938 11
    endloop
  endfacet
  facet normal -0.956963 -0.290212 0
    outer loop
      vertex -15.5825 22.206 2
      vertex -15.76 22.7913 22
      vertex -15.76 22.7913 2
    endloop
  endfacet
  facet normal -0.956963 -0.290212 0
    outer loop
      vertex -15.76 22.7913 22
      vertex -15.5825 22.206 2
      vertex -15.5825 22.206 22
    endloop
  endfacet
  facet normal -0.995177 -0.0980953 0
    outer loop
      vertex -15.76 22.7913 2
      vertex -15.82 23.4 22
      vertex -15.82 23.4 2
    endloop
  endfacet
  facet normal -0.995177 -0.0980953 0
    outer loop
      vertex -15.82 23.4 22
      vertex -15.76 22.7913 2
      vertex -15.76 22.7913 22
    endloop
  endfacet
  facet normal 0.471444 0.881896 0
    outer loop
      vertex -11.25 26.1457 11
      vertex -10.9666 25.9942 22
      vertex -10.9666 25.9942 11
    endloop
  endfacet
  facet normal 0.471377 0.881932 2.21174e-06
    outer loop
      vertex -10.9666 25.9942 22
      vertex -11.25 26.1457 11
      vertex -11.506 26.2825 22
    endloop
  endfacet
  facet normal 0.471303 0.881971 0
    outer loop
      vertex -11.506 26.2825 2
      vertex -11.25 26.1457 11
      vertex -11.25 26.1457 2
    endloop
  endfacet
  facet normal 0.471303 0.881971 0
    outer loop
      vertex -11.25 26.1457 11
      vertex -11.506 26.2825 2
      vertex -11.506 26.2825 22
    endloop
  endfacet
  facet normal 0.290361 0.956917 -0
    outer loop
      vertex -11.506 26.2825 2
      vertex -12.0913 26.4601 22
      vertex -11.506 26.2825 22
    endloop
  endfacet
  facet normal 0.290361 0.956917 0
    outer loop
      vertex -12.0913 26.4601 22
      vertex -11.506 26.2825 2
      vertex -12.0913 26.4601 2
    endloop
  endfacet
  facet normal -0.290212 -0.956963 0
    outer loop
      vertex -13.894 20.5175 2
      vertex -13.3087 20.34 22
      vertex -13.894 20.5175 22
    endloop
  endfacet
  facet normal -0.290212 -0.956963 -0
    outer loop
      vertex -13.3087 20.34 22
      vertex -13.894 20.5175 2
      vertex -13.3087 20.34 2
    endloop
  endfacet
  facet normal 0.0979334 0.995193 -0
    outer loop
      vertex -12.0913 26.4601 2
      vertex -12.7 26.52 22
      vertex -12.0913 26.4601 22
    endloop
  endfacet
  facet normal 0.0979334 0.995193 0
    outer loop
      vertex -12.7 26.52 22
      vertex -12.0913 26.4601 2
      vertex -12.7 26.52 2
    endloop
  endfacet
  facet normal 0 0 1
    outer loop
      vertex -11.2 23.4 22
      vertex -9.58 23.4 22
      vertex -9.63995 24.0087 22
    endloop
  endfacet
  facet normal 0 0 1
    outer loop
      vertex -11.2288 23.6926 22
      vertex -9.63995 24.0087 22
      vertex -9.8175 24.594 22
    endloop
  endfacet
  facet normal 0 0 1
    outer loop
      vertex -9.58 23.4 22
      vertex -11.2 23.4 22
      vertex -9.63995 22.7913 22
    endloop
  endfacet
  facet normal 0 0 1
    outer loop
      vertex -11.3142 23.974 22
      vertex -9.8175 24.594 22
      vertex -10.1058 25.1334 22
    endloop
  endfacet
  facet normal -0 0 1
    outer loop
      vertex -11.2288 23.1074 22
      vertex -9.63995 22.7913 22
      vertex -11.2 23.4 22
    endloop
  endfacet
  facet normal 0 0 1
    outer loop
      vertex -11.4528 24.2334 22
      vertex -10.1058 25.1334 22
      vertex -10.4938 25.6062 22
    endloop
  endfacet
  facet normal 0 0 1
    outer loop
      vertex -9.63995 22.7913 22
      vertex -11.2288 23.1074 22
      vertex -9.8175 22.206 22
    endloop
  endfacet
  facet normal 0 0 1
    outer loop
      vertex -11.6393 24.4607 22
      vertex -10.4938 25.6062 22
      vertex -10.9666 25.9942 22
    endloop
  endfacet
  facet normal -0 0 1
    outer loop
      vertex -11.3142 22.826 22
      vertex -9.8175 22.206 22
      vertex -11.2288 23.1074 22
    endloop
  endfacet
  facet normal 0 0 1
    outer loop
      vertex -9.8175 22.206 22
      vertex -11.3142 22.826 22
      vertex -10.1058 21.6666 22
    endloop
  endfacet
  facet normal 0 0 1
    outer loop
      vertex -9.63995 24.0087 22
      vertex -11.2288 23.6926 22
      vertex -11.2 23.4 22
    endloop
  endfacet
  facet normal 0 0 1
    outer loop
      vertex -9.8175 24.594 22
      vertex -11.3142 23.974 22
      vertex -11.2288 23.6926 22
    endloop
  endfacet
  facet normal 0 0 1
    outer loop
      vertex -10.1058 25.1334 22
      vertex -11.4528 24.2334 22
      vertex -11.3142 23.974 22
    endloop
  endfacet
  facet normal 0 0 1
    outer loop
      vertex -11.8666 24.6472 22
      vertex -10.9666 25.9942 22
      vertex -11.506 26.2825 22
    endloop
  endfacet
  facet normal 0 0 1
    outer loop
      vertex -10.4938 25.6062 22
      vertex -11.6393 24.4607 22
      vertex -11.4528 24.2334 22
    endloop
  endfacet
  facet normal 0 0 1
    outer loop
      vertex -10.9666 25.9942 22
      vertex -11.8666 24.6472 22
      vertex -11.6393 24.4607 22
    endloop
  endfacet
  facet normal 0 0 1
    outer loop
      vertex -12.126 24.7858 22
      vertex -11.506 26.2825 22
      vertex -12.0913 26.4601 22
    endloop
  endfacet
  facet normal 0 0 1
    outer loop
      vertex -11.506 26.2825 22
      vertex -12.126 24.7858 22
      vertex -11.8666 24.6472 22
    endloop
  endfacet
  facet normal 0 0 1
    outer loop
      vertex -12.0913 26.4601 22
      vertex -12.4074 24.8712 22
      vertex -12.126 24.7858 22
    endloop
  endfacet
  facet normal 0 0 1
    outer loop
      vertex -12.7 26.52 22
      vertex -12.4074 24.8712 22
      vertex -12.0913 26.4601 22
    endloop
  endfacet
  facet normal 0 0 1
    outer loop
      vertex -12.7 26.52 22
      vertex -12.7 24.9 22
      vertex -12.4074 24.8712 22
    endloop
  endfacet
  facet normal 0 0 1
    outer loop
      vertex -12.7 26.52 22
      vertex -12.9926 24.8712 22
      vertex -12.7 24.9 22
    endloop
  endfacet
  facet normal -0 0 1
    outer loop
      vertex -13.3087 26.4601 22
      vertex -12.9926 24.8712 22
      vertex -12.7 26.52 22
    endloop
  endfacet
  facet normal 0 0 1
    outer loop
      vertex -12.9926 24.8712 22
      vertex -13.3087 26.4601 22
      vertex -13.274 24.7858 22
    endloop
  endfacet
  facet normal -0 0 1
    outer loop
      vertex -13.894 26.2825 22
      vertex -13.274 24.7858 22
      vertex -13.3087 26.4601 22
    endloop
  endfacet
  facet normal 0 0 1
    outer loop
      vertex -13.274 24.7858 22
      vertex -13.894 26.2825 22
      vertex -13.5334 24.6472 22
    endloop
  endfacet
  facet normal -0 0 1
    outer loop
      vertex -14.4334 25.9942 22
      vertex -13.5334 24.6472 22
      vertex -13.894 26.2825 22
    endloop
  endfacet
  facet normal 0 0 1
    outer loop
      vertex -13.5334 24.6472 22
      vertex -14.4334 25.9942 22
      vertex -13.7607 24.4607 22
    endloop
  endfacet
  facet normal -0 0 1
    outer loop
      vertex -14.9062 25.6062 22
      vertex -13.7607 24.4607 22
      vertex -14.4334 25.9942 22
    endloop
  endfacet
  facet normal 0 0 1
    outer loop
      vertex -13.7607 24.4607 22
      vertex -14.9062 25.6062 22
      vertex -13.9472 24.2334 22
    endloop
  endfacet
  facet normal 0 0 1
    outer loop
      vertex -13.9472 24.2334 22
      vertex -15.2942 25.1334 22
      vertex -14.0858 23.974 22
    endloop
  endfacet
  facet normal -0 0 1
    outer loop
      vertex -15.2942 25.1334 22
      vertex -13.9472 24.2334 22
      vertex -14.9062 25.6062 22
    endloop
  endfacet
  facet normal -0 0 1
    outer loop
      vertex -11.4528 22.5666 22
      vertex -10.1058 21.6666 22
      vertex -11.3142 22.826 22
    endloop
  endfacet
  facet normal 0 0 1
    outer loop
      vertex -10.1058 21.6666 22
      vertex -11.4528 22.5666 22
      vertex -10.4938 21.1938 22
    endloop
  endfacet
  facet normal -0 0 1
    outer loop
      vertex -11.6393 22.3393 22
      vertex -10.4938 21.1938 22
      vertex -11.4528 22.5666 22
    endloop
  endfacet
  facet normal 0 0 1
    outer loop
      vertex -10.4938 21.1938 22
      vertex -11.6393 22.3393 22
      vertex -10.9666 20.8058 22
    endloop
  endfacet
  facet normal -0 0 1
    outer loop
      vertex -11.8666 22.1528 22
      vertex -10.9666 20.8058 22
      vertex -11.6393 22.3393 22
    endloop
  endfacet
  facet normal 0 0 1
    outer loop
      vertex -10.9666 20.8058 22
      vertex -11.8666 22.1528 22
      vertex -11.506 20.5175 22
    endloop
  endfacet
  facet normal -0 0 1
    outer loop
      vertex -12.126 22.0142 22
      vertex -11.506 20.5175 22
      vertex -11.8666 22.1528 22
    endloop
  endfacet
  facet normal 0 0 1
    outer loop
      vertex -11.506 20.5175 22
      vertex -12.126 22.0142 22
      vertex -12.0913 20.34 22
    endloop
  endfacet
  facet normal -0 0 1
    outer loop
      vertex -12.4074 21.9288 22
      vertex -12.0913 20.34 22
      vertex -12.126 22.0142 22
    endloop
  endfacet
  facet normal -0 0 1
    outer loop
      vertex -12.7 21.9 22
      vertex -12.0913 20.34 22
      vertex -12.4074 21.9288 22
    endloop
  endfacet
  facet normal 0 0 1
    outer loop
      vertex -12.7 21.9 22
      vertex -12.7 20.28 22
      vertex -12.0913 20.34 22
    endloop
  endfacet
  facet normal 0 0 1
    outer loop
      vertex -12.9926 21.9288 22
      vertex -12.7 20.28 22
      vertex -12.7 21.9 22
    endloop
  endfacet
  facet normal 0 0 1
    outer loop
      vertex -13.3087 20.34 22
      vertex -12.9926 21.9288 22
      vertex -13.274 22.0142 22
    endloop
  endfacet
  facet normal 0 0 1
    outer loop
      vertex -12.9926 21.9288 22
      vertex -13.3087 20.34 22
      vertex -12.7 20.28 22
    endloop
  endfacet
  facet normal 0 0 1
    outer loop
      vertex -13.894 20.5175 22
      vertex -13.274 22.0142 22
      vertex -13.5334 22.1528 22
    endloop
  endfacet
  facet normal 0 0 1
    outer loop
      vertex -14.4334 20.8058 22
      vertex -13.5334 22.1528 22
      vertex -13.7607 22.3393 22
    endloop
  endfacet
  facet normal 0 0 1
    outer loop
      vertex -13.274 22.0142 22
      vertex -13.894 20.5175 22
      vertex -13.3087 20.34 22
    endloop
  endfacet
  facet normal 0 0 1
    outer loop
      vertex -14.9062 21.1938 22
      vertex -13.7607 22.3393 22
      vertex -13.9472 22.5666 22
    endloop
  endfacet
  facet normal 0 0 1
    outer loop
      vertex -15.2942 21.6666 22
      vertex -13.9472 22.5666 22
      vertex -14.0858 22.826 22
    endloop
  endfacet
  facet normal 0 0 1
    outer loop
      vertex -15.5825 22.206 22
      vertex -14.0858 22.826 22
      vertex -14.1712 23.1074 22
    endloop
  endfacet
  facet normal 0 0 1
    outer loop
      vertex -13.5334 22.1528 22
      vertex -14.4334 20.8058 22
      vertex -13.894 20.5175 22
    endloop
  endfacet
  facet normal 0 0 1
    outer loop
      vertex -15.76 22.7913 22
      vertex -14.1712 23.1074 22
      vertex -14.2 23.4 22
    endloop
  endfacet
  facet normal -0 0 1
    outer loop
      vertex -15.5825 24.594 22
      vertex -14.0858 23.974 22
      vertex -15.2942 25.1334 22
    endloop
  endfacet
  facet normal 0 0 1
    outer loop
      vertex -14.0858 23.974 22
      vertex -15.5825 24.594 22
      vertex -14.1712 23.6926 22
    endloop
  endfacet
  facet normal 0 0 1
    outer loop
      vertex -13.7607 22.3393 22
      vertex -14.9062 21.1938 22
      vertex -14.4334 20.8058 22
    endloop
  endfacet
  facet normal -0 0 1
    outer loop
      vertex -15.76 24.0087 22
      vertex -14.1712 23.6926 22
      vertex -15.5825 24.594 22
    endloop
  endfacet
  facet normal 0 0 1
    outer loop
      vertex -13.9472 22.5666 22
      vertex -15.2942 21.6666 22
      vertex -14.9062 21.1938 22
    endloop
  endfacet
  facet normal 0 0 1
    outer loop
      vertex -14.1712 23.6926 22
      vertex -15.76 24.0087 22
      vertex -14.2 23.4 22
    endloop
  endfacet
  facet normal 0 0 1
    outer loop
      vertex -14.0858 22.826 22
      vertex -15.5825 22.206 22
      vertex -15.2942 21.6666 22
    endloop
  endfacet
  facet normal 0 0 1
    outer loop
      vertex -15.82 23.4 22
      vertex -14.2 23.4 22
      vertex -15.76 24.0087 22
    endloop
  endfacet
  facet normal 0 0 1
    outer loop
      vertex -14.1712 23.1074 22
      vertex -15.76 22.7913 22
      vertex -15.5825 22.206 22
    endloop
  endfacet
  facet normal 0 0 1
    outer loop
      vertex -14.2 23.4 22
      vertex -15.82 23.4 22
      vertex -15.76 22.7913 22
    endloop
  endfacet
  facet normal -0.773024 0.634377 0
    outer loop
      vertex -15.2942 25.1334 2
      vertex -14.9062 25.6062 22
      vertex -14.9062 25.6062 2
    endloop
  endfacet
  facet normal -0.773024 0.634377 0
    outer loop
      vertex -14.9062 25.6062 22
      vertex -15.2942 25.1334 2
      vertex -15.2942 25.1334 22
    endloop
  endfacet
  facet normal 0.290212 -0.956963 0
    outer loop
      vertex -12.0913 20.34 2
      vertex -11.506 20.5175 22
      vertex -12.0913 20.34 22
    endloop
  endfacet
  facet normal 0.290212 -0.956963 0
    outer loop
      vertex -11.506 20.5175 22
      vertex -12.0913 20.34 2
      vertex -11.506 20.5175 2
    endloop
  endfacet
  facet normal 0.881932 -0.471377 0
    outer loop
      vertex -10.1058 21.6666 22
      vertex -9.8175 22.206 11.1229
      vertex -9.8175 22.206 22
    endloop
  endfacet
  facet normal 0.881932 -0.471377 0
    outer loop
      vertex -10.1058 21.6666 11
      vertex -9.8175 22.206 11.1229
      vertex -10.1058 21.6666 22
    endloop
  endfacet
  facet normal 0.881962 -0.471321 -0.000316848
    outer loop
      vertex -9.8175 22.206 11.1229
      vertex -10.1058 21.6666 11
      vertex -9.96397 21.932 11
    endloop
  endfacet
  facet normal 0.634377 0.773024 -0
    outer loop
      vertex -10.4938 25.6062 11
      vertex -10.9666 25.9942 22
      vertex -10.4938 25.6062 22
    endloop
  endfacet
  facet normal 0.634377 0.773024 0
    outer loop
      vertex -10.9666 25.9942 22
      vertex -10.4938 25.6062 11
      vertex -10.9666 25.9942 11
    endloop
  endfacet
  facet normal -0.881932 -0.471377 0
    outer loop
      vertex -15.2942 21.6666 2
      vertex -15.5825 22.206 22
      vertex -15.5825 22.206 2
    endloop
  endfacet
  facet normal -0.881932 -0.471377 0
    outer loop
      vertex -15.5825 22.206 22
      vertex -15.2942 21.6666 2
      vertex -15.2942 21.6666 22
    endloop
  endfacet
  facet normal 0.773024 -0.634377 0
    outer loop
      vertex -10.4938 21.1938 22
      vertex -10.1058 21.6666 11
      vertex -10.1058 21.6666 22
    endloop
  endfacet
  facet normal 0.773024 -0.634377 0
    outer loop
      vertex -10.1058 21.6666 11
      vertex -10.4938 21.1938 22
      vertex -10.4938 21.1938 11
    endloop
  endfacet
  facet normal 0.0980953 -0.995177 0
    outer loop
      vertex -12.7 20.28 2
      vertex -12.0913 20.34 22
      vertex -12.7 20.28 22
    endloop
  endfacet
  facet normal 0.0980953 -0.995177 0
    outer loop
      vertex -12.0913 20.34 22
      vertex -12.7 20.28 2
      vertex -12.0913 20.34 2
    endloop
  endfacet
  facet normal -0.634377 -0.773024 0
    outer loop
      vertex -14.9062 21.1938 2
      vertex -14.4334 20.8058 22
      vertex -14.9062 21.1938 22
    endloop
  endfacet
  facet normal -0.634377 -0.773024 -0
    outer loop
      vertex -14.4334 20.8058 22
      vertex -14.9062 21.1938 2
      vertex -14.4334 20.8058 2
    endloop
  endfacet
  facet normal -0.773024 -0.634377 0
    outer loop
      vertex -14.9062 21.1938 2
      vertex -15.2942 21.6666 22
      vertex -15.2942 21.6666 2
    endloop
  endfacet
  facet normal -0.773024 -0.634377 0
    outer loop
      vertex -15.2942 21.6666 22
      vertex -14.9062 21.1938 2
      vertex -14.9062 21.1938 22
    endloop
  endfacet
  facet normal 0.471377 -0.881932 2.21174e-06
    outer loop
      vertex -11.506 20.5175 22
      vertex -11.25 20.6543 11
      vertex -10.9666 20.8058 22
    endloop
  endfacet
  facet normal 0.471303 -0.881971 0
    outer loop
      vertex -11.506 20.5175 2
      vertex -11.25 20.6543 11
      vertex -11.506 20.5175 22
    endloop
  endfacet
  facet normal 0.471303 -0.881971 0
    outer loop
      vertex -11.25 20.6543 11
      vertex -11.506 20.5175 2
      vertex -11.25 20.6543 2
    endloop
  endfacet
  facet normal 0.471444 -0.881896 0
    outer loop
      vertex -10.9666 20.8058 22
      vertex -11.25 20.6543 11
      vertex -10.9666 20.8058 11
    endloop
  endfacet
  facet normal -0.995177 0.0980953 0
    outer loop
      vertex -15.82 23.4 2
      vertex -15.76 24.0087 22
      vertex -15.76 24.0087 2
    endloop
  endfacet
  facet normal -0.995177 0.0980953 0
    outer loop
      vertex -15.76 24.0087 22
      vertex -15.82 23.4 2
      vertex -15.82 23.4 22
    endloop
  endfacet
  facet normal -0.0979334 0.995193 0
    outer loop
      vertex -12.7 26.52 2
      vertex -13.3087 26.4601 22
      vertex -12.7 26.52 22
    endloop
  endfacet
  facet normal -0.0979334 0.995193 0
    outer loop
      vertex -13.3087 26.4601 22
      vertex -12.7 26.52 2
      vertex -13.3087 26.4601 2
    endloop
  endfacet
  facet normal -0.0980953 -0.995177 0
    outer loop
      vertex -13.3087 20.34 2
      vertex -12.7 20.28 22
      vertex -13.3087 20.34 22
    endloop
  endfacet
  facet normal -0.0980953 -0.995177 -0
    outer loop
      vertex -12.7 20.28 22
      vertex -13.3087 20.34 2
      vertex -12.7 20.28 2
    endloop
  endfacet
  facet normal -0.471377 -0.881932 0
    outer loop
      vertex -14.4334 20.8058 2
      vertex -13.894 20.5175 22
      vertex -14.4334 20.8058 22
    endloop
  endfacet
  facet normal -0.471377 -0.881932 -0
    outer loop
      vertex -13.894 20.5175 22
      vertex -14.4334 20.8058 2
      vertex -13.894 20.5175 2
    endloop
  endfacet
  facet normal 0.471259 -0.881995 0
    outer loop
      vertex -13.5334 24.6472 2
      vertex -13.274 24.7858 22
      vertex -13.5334 24.6472 22
    endloop
  endfacet
  facet normal 0.471259 -0.881995 0
    outer loop
      vertex -13.274 24.7858 22
      vertex -13.5334 24.6472 2
      vertex -13.274 24.7858 2
    endloop
  endfacet
  facet normal -0.956925 -0.290334 -0
    outer loop
      vertex -11.25 23.7624 11
      vertex -11.3142 23.974 2
      vertex -11.25 23.7624 2
    endloop
  endfacet
  facet normal -0.956925 -0.290334 0
    outer loop
      vertex -11.3142 23.974 2
      vertex -11.25 23.7624 11
      vertex -11.3142 23.974 22
    endloop
  endfacet
  facet normal -0.95684 -0.290616 -0
    outer loop
      vertex -11.2288 23.6926 22
      vertex -11.25 23.7624 11
      vertex -11.2288 23.6926 11
    endloop
  endfacet
  facet normal -0.956904 -0.290404 1.47149e-06
    outer loop
      vertex -11.25 23.7624 11
      vertex -11.2288 23.6926 22
      vertex -11.3142 23.974 22
    endloop
  endfacet
  facet normal -0.995191 -0.0979545 0
    outer loop
      vertex -11.2 23.4 11
      vertex -11.2288 23.6926 22
      vertex -11.2288 23.6926 11
    endloop
  endfacet
  facet normal -0.995191 -0.0979545 0
    outer loop
      vertex -11.2288 23.6926 22
      vertex -11.2 23.4 11
      vertex -11.2 23.4 22
    endloop
  endfacet
  facet normal -0.881995 -0.471259 0
    outer loop
      vertex -11.3142 23.974 2
      vertex -11.4528 24.2334 22
      vertex -11.4528 24.2334 2
    endloop
  endfacet
  facet normal -0.881995 -0.471259 0
    outer loop
      vertex -11.4528 24.2334 22
      vertex -11.3142 23.974 2
      vertex -11.3142 23.974 22
    endloop
  endfacet
  facet normal 0.956904 0.290404 0
    outer loop
      vertex -14.0858 22.826 22
      vertex -14.1712 23.1074 2
      vertex -14.1712 23.1074 22
    endloop
  endfacet
  facet normal 0.956904 0.290404 0
    outer loop
      vertex -14.1712 23.1074 2
      vertex -14.0858 22.826 22
      vertex -14.0858 22.826 2
    endloop
  endfacet
  facet normal -0.471259 0.881995 0
    outer loop
      vertex -11.8666 22.1528 2
      vertex -12.126 22.0142 22
      vertex -11.8666 22.1528 22
    endloop
  endfacet
  facet normal -0.471259 0.881995 0
    outer loop
      vertex -12.126 22.0142 22
      vertex -11.8666 22.1528 2
      vertex -12.126 22.0142 2
    endloop
  endfacet
  facet normal 0.881995 -0.471259 0
    outer loop
      vertex -14.0858 23.974 22
      vertex -13.9472 24.2334 2
      vertex -13.9472 24.2334 22
    endloop
  endfacet
  facet normal 0.881995 -0.471259 0
    outer loop
      vertex -13.9472 24.2334 2
      vertex -14.0858 23.974 22
      vertex -14.0858 23.974 2
    endloop
  endfacet
  facet normal -0.773078 -0.634311 0
    outer loop
      vertex -11.4528 24.2334 2
      vertex -11.6393 24.4607 22
      vertex -11.6393 24.4607 2
    endloop
  endfacet
  facet normal -0.773078 -0.634311 0
    outer loop
      vertex -11.6393 24.4607 22
      vertex -11.4528 24.2334 2
      vertex -11.4528 24.2334 22
    endloop
  endfacet
  facet normal -0.956925 0.290334 0
    outer loop
      vertex -11.25 23.0376 2
      vertex -11.3142 22.826 2
      vertex -11.25 23.0376 11
    endloop
  endfacet
  facet normal -0.95684 0.290616 0
    outer loop
      vertex -11.25 23.0376 11
      vertex -11.2288 23.1074 22
      vertex -11.2288 23.1074 11
    endloop
  endfacet
  facet normal -0.956925 0.290334 0
    outer loop
      vertex -11.3142 22.826 22
      vertex -11.25 23.0376 11
      vertex -11.3142 22.826 2
    endloop
  endfacet
  facet normal -0.956904 0.290404 1.47149e-06
    outer loop
      vertex -11.25 23.0376 11
      vertex -11.3142 22.826 22
      vertex -11.2288 23.1074 22
    endloop
  endfacet
  facet normal 0.881995 0.471259 0
    outer loop
      vertex -13.9472 22.5666 22
      vertex -14.0858 22.826 2
      vertex -14.0858 22.826 22
    endloop
  endfacet
  facet normal 0.881995 0.471259 0
    outer loop
      vertex -14.0858 22.826 2
      vertex -13.9472 22.5666 22
      vertex -13.9472 22.5666 2
    endloop
  endfacet
  facet normal -0.995191 0.0979545 0
    outer loop
      vertex -11.2288 23.1074 11
      vertex -11.2 23.4 22
      vertex -11.2 23.4 11
    endloop
  endfacet
  facet normal -0.995191 0.0979545 0
    outer loop
      vertex -11.2 23.4 22
      vertex -11.2288 23.1074 11
      vertex -11.2288 23.1074 22
    endloop
  endfacet
  facet normal -0.471259 -0.881995 0
    outer loop
      vertex -12.126 24.7858 2
      vertex -11.8666 24.6472 22
      vertex -12.126 24.7858 22
    endloop
  endfacet
  facet normal -0.471259 -0.881995 -0
    outer loop
      vertex -11.8666 24.6472 22
      vertex -12.126 24.7858 2
      vertex -11.8666 24.6472 2
    endloop
  endfacet
  facet normal -0.0979545 -0.995191 0
    outer loop
      vertex -12.7 24.9 2
      vertex -12.4074 24.8712 22
      vertex -12.7 24.9 22
    endloop
  endfacet
  facet normal -0.0979545 -0.995191 -0
    outer loop
      vertex -12.4074 24.8712 22
      vertex -12.7 24.9 2
      vertex -12.4074 24.8712 2
    endloop
  endfacet
  facet normal -0.634311 -0.773078 0
    outer loop
      vertex -11.8666 24.6472 2
      vertex -11.6393 24.4607 22
      vertex -11.8666 24.6472 22
    endloop
  endfacet
  facet normal -0.634311 -0.773078 -0
    outer loop
      vertex -11.6393 24.4607 22
      vertex -11.8666 24.6472 2
      vertex -11.6393 24.4607 2
    endloop
  endfacet
  facet normal -0.881995 0.471259 0
    outer loop
      vertex -11.4528 22.5666 2
      vertex -11.3142 22.826 22
      vertex -11.3142 22.826 2
    endloop
  endfacet
  facet normal -0.881995 0.471259 0
    outer loop
      vertex -11.3142 22.826 22
      vertex -11.4528 22.5666 2
      vertex -11.4528 22.5666 22
    endloop
  endfacet
  facet normal -0.0979545 0.995191 0
    outer loop
      vertex -12.4074 21.9288 2
      vertex -12.7 21.9 22
      vertex -12.4074 21.9288 22
    endloop
  endfacet
  facet normal -0.0979545 0.995191 0
    outer loop
      vertex -12.7 21.9 22
      vertex -12.4074 21.9288 2
      vertex -12.7 21.9 2
    endloop
  endfacet
  facet normal 0.471259 0.881995 -0
    outer loop
      vertex -13.274 22.0142 2
      vertex -13.5334 22.1528 22
      vertex -13.274 22.0142 22
    endloop
  endfacet
  facet normal 0.471259 0.881995 0
    outer loop
      vertex -13.5334 22.1528 22
      vertex -13.274 22.0142 2
      vertex -13.5334 22.1528 2
    endloop
  endfacet
  facet normal 0.290404 0.956904 -0
    outer loop
      vertex -12.9926 21.9288 2
      vertex -13.274 22.0142 22
      vertex -12.9926 21.9288 22
    endloop
  endfacet
  facet normal 0.290404 0.956904 0
    outer loop
      vertex -13.274 22.0142 22
      vertex -12.9926 21.9288 2
      vertex -13.274 22.0142 2
    endloop
  endfacet
  facet normal -0.773078 0.634311 0
    outer loop
      vertex -11.6393 22.3393 2
      vertex -11.4528 22.5666 22
      vertex -11.4528 22.5666 2
    endloop
  endfacet
  facet normal -0.773078 0.634311 0
    outer loop
      vertex -11.4528 22.5666 22
      vertex -11.6393 22.3393 2
      vertex -11.6393 22.3393 22
    endloop
  endfacet
  facet normal 0.995191 -0.0979545 0
    outer loop
      vertex -14.2 23.4 22
      vertex -14.1712 23.6926 2
      vertex -14.1712 23.6926 22
    endloop
  endfacet
  facet normal 0.995191 -0.0979545 0
    outer loop
      vertex -14.1712 23.6926 2
      vertex -14.2 23.4 22
      vertex -14.2 23.4 2
    endloop
  endfacet
  facet normal -0.634311 0.773078 0
    outer loop
      vertex -11.6393 22.3393 2
      vertex -11.8666 22.1528 22
      vertex -11.6393 22.3393 22
    endloop
  endfacet
  facet normal -0.634311 0.773078 0
    outer loop
      vertex -11.8666 22.1528 22
      vertex -11.6393 22.3393 2
      vertex -11.8666 22.1528 2
    endloop
  endfacet
  facet normal 0.773078 -0.634311 0
    outer loop
      vertex -13.9472 24.2334 22
      vertex -13.7607 24.4607 2
      vertex -13.7607 24.4607 22
    endloop
  endfacet
  facet normal 0.773078 -0.634311 0
    outer loop
      vertex -13.7607 24.4607 2
      vertex -13.9472 24.2334 22
      vertex -13.9472 24.2334 2
    endloop
  endfacet
  facet normal -0.290404 -0.956904 0
    outer loop
      vertex -12.4074 24.8712 2
      vertex -12.126 24.7858 22
      vertex -12.4074 24.8712 22
    endloop
  endfacet
  facet normal -0.290404 -0.956904 -0
    outer loop
      vertex -12.126 24.7858 22
      vertex -12.4074 24.8712 2
      vertex -12.126 24.7858 2
    endloop
  endfacet
  facet normal 0.634311 -0.773078 0
    outer loop
      vertex -13.7607 24.4607 2
      vertex -13.5334 24.6472 22
      vertex -13.7607 24.4607 22
    endloop
  endfacet
  facet normal 0.634311 -0.773078 0
    outer loop
      vertex -13.5334 24.6472 22
      vertex -13.7607 24.4607 2
      vertex -13.5334 24.6472 2
    endloop
  endfacet
  facet normal 0.0979545 -0.995191 0
    outer loop
      vertex -12.9926 24.8712 2
      vertex -12.7 24.9 22
      vertex -12.9926 24.8712 22
    endloop
  endfacet
  facet normal 0.0979545 -0.995191 0
    outer loop
      vertex -12.7 24.9 22
      vertex -12.9926 24.8712 2
      vertex -12.7 24.9 2
    endloop
  endfacet
  facet normal 0.290404 -0.956904 0
    outer loop
      vertex -13.274 24.7858 2
      vertex -12.9926 24.8712 22
      vertex -13.274 24.7858 22
    endloop
  endfacet
  facet normal 0.290404 -0.956904 0
    outer loop
      vertex -12.9926 24.8712 22
      vertex -13.274 24.7858 2
      vertex -12.9926 24.8712 2
    endloop
  endfacet
  facet normal 0.773078 0.634311 0
    outer loop
      vertex -13.7607 22.3393 22
      vertex -13.9472 22.5666 2
      vertex -13.9472 22.5666 22
    endloop
  endfacet
  facet normal 0.773078 0.634311 0
    outer loop
      vertex -13.9472 22.5666 2
      vertex -13.7607 22.3393 22
      vertex -13.7607 22.3393 2
    endloop
  endfacet
  facet normal 0.0979545 0.995191 -0
    outer loop
      vertex -12.7 21.9 2
      vertex -12.9926 21.9288 22
      vertex -12.7 21.9 22
    endloop
  endfacet
  facet normal 0.0979545 0.995191 0
    outer loop
      vertex -12.9926 21.9288 22
      vertex -12.7 21.9 2
      vertex -12.9926 21.9288 2
    endloop
  endfacet
  facet normal 0.995191 0.0979545 0
    outer loop
      vertex -14.1712 23.1074 22
      vertex -14.2 23.4 2
      vertex -14.2 23.4 22
    endloop
  endfacet
  facet normal 0.995191 0.0979545 0
    outer loop
      vertex -14.2 23.4 2
      vertex -14.1712 23.1074 22
      vertex -14.1712 23.1074 2
    endloop
  endfacet
  facet normal 0.634311 0.773078 -0
    outer loop
      vertex -13.5334 22.1528 2
      vertex -13.7607 22.3393 22
      vertex -13.5334 22.1528 22
    endloop
  endfacet
  facet normal 0.634311 0.773078 0
    outer loop
      vertex -13.7607 22.3393 22
      vertex -13.5334 22.1528 2
      vertex -13.7607 22.3393 2
    endloop
  endfacet
  facet normal -0.290404 0.956904 0
    outer loop
      vertex -12.126 22.0142 2
      vertex -12.4074 21.9288 22
      vertex -12.126 22.0142 22
    endloop
  endfacet
  facet normal -0.290404 0.956904 0
    outer loop
      vertex -12.4074 21.9288 22
      vertex -12.126 22.0142 2
      vertex -12.4074 21.9288 2
    endloop
  endfacet
  facet normal 0.956904 -0.290404 0
    outer loop
      vertex -14.1712 23.6926 22
      vertex -14.0858 23.974 2
      vertex -14.0858 23.974 22
    endloop
  endfacet
  facet normal 0.956904 -0.290404 0
    outer loop
      vertex -14.0858 23.974 2
      vertex -14.1712 23.6926 22
      vertex -14.1712 23.6926 2
    endloop
  endfacet
  facet normal -0.956917 0.290361 0
    outer loop
      vertex 20.4399 23.8087 2
      vertex 20.6175 24.394 10
      vertex 20.6175 24.394 2
    endloop
  endfacet
  facet normal -0.956917 0.290361 0
    outer loop
      vertex 20.6175 24.394 10
      vertex 20.4399 23.8087 2
      vertex 20.4399 23.8087 10
    endloop
  endfacet
  facet normal 0.956917 0.290361 0
    outer loop
      vertex 26.5601 23.8087 10
      vertex 26.3825 24.394 2
      vertex 26.3825 24.394 10
    endloop
  endfacet
  facet normal 0.956917 0.290361 0
    outer loop
      vertex 26.3825 24.394 2
      vertex 26.5601 23.8087 10
      vertex 26.5601 23.8087 2
    endloop
  endfacet
  facet normal 0.995193 0.0979334 0
    outer loop
      vertex 26.62 23.2 10
      vertex 26.5601 23.8087 2
      vertex 26.5601 23.8087 10
    endloop
  endfacet
  facet normal 0.995193 0.0979334 0
    outer loop
      vertex 26.5601 23.8087 2
      vertex 26.62 23.2 10
      vertex 26.62 23.2 2
    endloop
  endfacet
  facet normal 0.881932 0.471377 0
    outer loop
      vertex 26.3825 24.394 10
      vertex 26.0942 24.9334 2
      vertex 26.0942 24.9334 10
    endloop
  endfacet
  facet normal 0.881932 0.471377 0
    outer loop
      vertex 26.0942 24.9334 2
      vertex 26.3825 24.394 10
      vertex 26.3825 24.394 2
    endloop
  endfacet
  facet normal 0.995193 -0.0979334 0
    outer loop
      vertex 26.5601 22.5913 10
      vertex 26.62 23.2 2
      vertex 26.62 23.2 10
    endloop
  endfacet
  facet normal 0.995193 -0.0979334 0
    outer loop
      vertex 26.62 23.2 2
      vertex 26.5601 22.5913 10
      vertex 26.5601 22.5913 2
    endloop
  endfacet
  facet normal -0.634377 0.773024 0
    outer loop
      vertex 21.7666 25.7942 2
      vertex 21.2938 25.4062 10
      vertex 21.7666 25.7942 10
    endloop
  endfacet
  facet normal -0.634377 0.773024 0
    outer loop
      vertex 21.2938 25.4062 10
      vertex 21.7666 25.7942 2
      vertex 21.2938 25.4062 2
    endloop
  endfacet
  facet normal 0.773024 0.634377 0
    outer loop
      vertex 26.0942 24.9334 10
      vertex 25.7062 25.4062 2
      vertex 25.7062 25.4062 10
    endloop
  endfacet
  facet normal 0.773024 0.634377 0
    outer loop
      vertex 25.7062 25.4062 2
      vertex 26.0942 24.9334 10
      vertex 26.0942 24.9334 2
    endloop
  endfacet
  facet normal -0.881932 0.471377 0
    outer loop
      vertex 20.6175 24.394 2
      vertex 20.9058 24.9334 10
      vertex 20.9058 24.9334 2
    endloop
  endfacet
  facet normal -0.881932 0.471377 0
    outer loop
      vertex 20.9058 24.9334 10
      vertex 20.6175 24.394 2
      vertex 20.6175 24.394 10
    endloop
  endfacet
  facet normal -0.290212 0.956963 0
    outer loop
      vertex 22.8913 26.26 2
      vertex 22.306 26.0825 10
      vertex 22.8913 26.26 10
    endloop
  endfacet
  facet normal -0.290212 0.956963 0
    outer loop
      vertex 22.306 26.0825 10
      vertex 22.8913 26.26 2
      vertex 22.306 26.0825 2
    endloop
  endfacet
  facet normal 0.956917 -0.290361 0
    outer loop
      vertex 26.3825 22.006 10
      vertex 26.5601 22.5913 2
      vertex 26.5601 22.5913 10
    endloop
  endfacet
  facet normal 0.956917 -0.290361 0
    outer loop
      vertex 26.5601 22.5913 2
      vertex 26.3825 22.006 10
      vertex 26.3825 22.006 2
    endloop
  endfacet
  facet normal -0.471377 0.881932 0
    outer loop
      vertex 22.306 26.0825 2
      vertex 21.7666 25.7942 10
      vertex 22.306 26.0825 10
    endloop
  endfacet
  facet normal -0.471377 0.881932 0
    outer loop
      vertex 21.7666 25.7942 10
      vertex 22.306 26.0825 2
      vertex 21.7666 25.7942 2
    endloop
  endfacet
  facet normal 0.634377 -0.773024 0
    outer loop
      vertex 25.2334 20.6058 2
      vertex 25.7062 20.9938 10
      vertex 25.2334 20.6058 10
    endloop
  endfacet
  facet normal 0.634377 -0.773024 0
    outer loop
      vertex 25.7062 20.9938 10
      vertex 25.2334 20.6058 2
      vertex 25.7062 20.9938 2
    endloop
  endfacet
  facet normal -0.956917 -0.290361 0
    outer loop
      vertex 20.6175 22.006 2
      vertex 20.4399 22.5913 10
      vertex 20.4399 22.5913 2
    endloop
  endfacet
  facet normal -0.956917 -0.290361 0
    outer loop
      vertex 20.4399 22.5913 10
      vertex 20.6175 22.006 2
      vertex 20.6175 22.006 10
    endloop
  endfacet
  facet normal -0.995193 -0.0979334 0
    outer loop
      vertex 20.4399 22.5913 2
      vertex 20.38 23.2 10
      vertex 20.38 23.2 2
    endloop
  endfacet
  facet normal -0.995193 -0.0979334 0
    outer loop
      vertex 20.38 23.2 10
      vertex 20.4399 22.5913 2
      vertex 20.4399 22.5913 10
    endloop
  endfacet
  facet normal 0.471377 0.881932 -0
    outer loop
      vertex 25.2334 25.7942 2
      vertex 24.694 26.0825 10
      vertex 25.2334 25.7942 10
    endloop
  endfacet
  facet normal 0.471377 0.881932 0
    outer loop
      vertex 24.694 26.0825 10
      vertex 25.2334 25.7942 2
      vertex 24.694 26.0825 2
    endloop
  endfacet
  facet normal 0.290212 0.956963 -0
    outer loop
      vertex 24.694 26.0825 2
      vertex 24.1087 26.26 10
      vertex 24.694 26.0825 10
    endloop
  endfacet
  facet normal 0.290212 0.956963 0
    outer loop
      vertex 24.1087 26.26 10
      vertex 24.694 26.0825 2
      vertex 24.1087 26.26 2
    endloop
  endfacet
  facet normal -0.290361 -0.956917 0
    outer loop
      vertex 22.306 20.3175 2
      vertex 22.8913 20.1399 10
      vertex 22.306 20.3175 10
    endloop
  endfacet
  facet normal -0.290361 -0.956917 -0
    outer loop
      vertex 22.8913 20.1399 10
      vertex 22.306 20.3175 2
      vertex 22.8913 20.1399 2
    endloop
  endfacet
  facet normal 0.0980953 0.995177 -0
    outer loop
      vertex 24.1087 26.26 2
      vertex 23.5 26.32 10
      vertex 24.1087 26.26 10
    endloop
  endfacet
  facet normal 0.0980953 0.995177 0
    outer loop
      vertex 23.5 26.32 10
      vertex 24.1087 26.26 2
      vertex 23.5 26.32 2
    endloop
  endfacet
  facet normal 0 0 1
    outer loop
      vertex 25 23.2 10
      vertex 26.62 23.2 10
      vertex 26.5601 23.8087 10
    endloop
  endfacet
  facet normal 0 0 1
    outer loop
      vertex 24.9712 23.4926 10
      vertex 26.5601 23.8087 10
      vertex 26.3825 24.394 10
    endloop
  endfacet
  facet normal 0 0 1
    outer loop
      vertex 26.62 23.2 10
      vertex 25 23.2 10
      vertex 26.5601 22.5913 10
    endloop
  endfacet
  facet normal 0 0 1
    outer loop
      vertex 24.8858 23.774 10
      vertex 26.3825 24.394 10
      vertex 26.0942 24.9334 10
    endloop
  endfacet
  facet normal -0 0 1
    outer loop
      vertex 24.9712 22.9074 10
      vertex 26.5601 22.5913 10
      vertex 25 23.2 10
    endloop
  endfacet
  facet normal 0 0 1
    outer loop
      vertex 24.7472 24.0334 10
      vertex 26.0942 24.9334 10
      vertex 25.7062 25.4062 10
    endloop
  endfacet
  facet normal 0 0 1
    outer loop
      vertex 26.5601 22.5913 10
      vertex 24.9712 22.9074 10
      vertex 26.3825 22.006 10
    endloop
  endfacet
  facet normal 0 0 1
    outer loop
      vertex 24.5607 24.2607 10
      vertex 25.7062 25.4062 10
      vertex 25.2334 25.7942 10
    endloop
  endfacet
  facet normal -0 0 1
    outer loop
      vertex 24.8858 22.626 10
      vertex 26.3825 22.006 10
      vertex 24.9712 22.9074 10
    endloop
  endfacet
  facet normal 0 0 1
    outer loop
      vertex 26.3825 22.006 10
      vertex 24.8858 22.626 10
      vertex 26.0942 21.4666 10
    endloop
  endfacet
  facet normal 0 0 1
    outer loop
      vertex 26.5601 23.8087 10
      vertex 24.9712 23.4926 10
      vertex 25 23.2 10
    endloop
  endfacet
  facet normal 0 0 1
    outer loop
      vertex 26.3825 24.394 10
      vertex 24.8858 23.774 10
      vertex 24.9712 23.4926 10
    endloop
  endfacet
  facet normal 0 0 1
    outer loop
      vertex 26.0942 24.9334 10
      vertex 24.7472 24.0334 10
      vertex 24.8858 23.774 10
    endloop
  endfacet
  facet normal 0 0 1
    outer loop
      vertex 24.3334 24.4472 10
      vertex 25.2334 25.7942 10
      vertex 24.694 26.0825 10
    endloop
  endfacet
  facet normal 0 0 1
    outer loop
      vertex 25.7062 25.4062 10
      vertex 24.5607 24.2607 10
      vertex 24.7472 24.0334 10
    endloop
  endfacet
  facet normal 0 0 1
    outer loop
      vertex 25.2334 25.7942 10
      vertex 24.3334 24.4472 10
      vertex 24.5607 24.2607 10
    endloop
  endfacet
  facet normal 0 0 1
    outer loop
      vertex 24.074 24.5858 10
      vertex 24.694 26.0825 10
      vertex 24.1087 26.26 10
    endloop
  endfacet
  facet normal 0 0 1
    outer loop
      vertex 24.694 26.0825 10
      vertex 24.074 24.5858 10
      vertex 24.3334 24.4472 10
    endloop
  endfacet
  facet normal 0 0 1
    outer loop
      vertex 24.1087 26.26 10
      vertex 23.7926 24.6712 10
      vertex 24.074 24.5858 10
    endloop
  endfacet
  facet normal 0 0 1
    outer loop
      vertex 23.5 26.32 10
      vertex 23.7926 24.6712 10
      vertex 24.1087 26.26 10
    endloop
  endfacet
  facet normal 0 0 1
    outer loop
      vertex 23.5 26.32 10
      vertex 23.5 24.7 10
      vertex 23.7926 24.6712 10
    endloop
  endfacet
  facet normal 0 0 1
    outer loop
      vertex 23.5 26.32 10
      vertex 23.2074 24.6712 10
      vertex 23.5 24.7 10
    endloop
  endfacet
  facet normal -0 0 1
    outer loop
      vertex 22.8913 26.26 10
      vertex 23.2074 24.6712 10
      vertex 23.5 26.32 10
    endloop
  endfacet
  facet normal 0 0 1
    outer loop
      vertex 23.2074 24.6712 10
      vertex 22.8913 26.26 10
      vertex 22.926 24.5858 10
    endloop
  endfacet
  facet normal -0 0 1
    outer loop
      vertex 22.306 26.0825 10
      vertex 22.926 24.5858 10
      vertex 22.8913 26.26 10
    endloop
  endfacet
  facet normal 0 0 1
    outer loop
      vertex 22.926 24.5858 10
      vertex 22.306 26.0825 10
      vertex 22.6666 24.4472 10
    endloop
  endfacet
  facet normal -0 0 1
    outer loop
      vertex 21.7666 25.7942 10
      vertex 22.6666 24.4472 10
      vertex 22.306 26.0825 10
    endloop
  endfacet
  facet normal 0 0 1
    outer loop
      vertex 22.6666 24.4472 10
      vertex 21.7666 25.7942 10
      vertex 22.4393 24.2607 10
    endloop
  endfacet
  facet normal -0 0 1
    outer loop
      vertex 21.2938 25.4062 10
      vertex 22.4393 24.2607 10
      vertex 21.7666 25.7942 10
    endloop
  endfacet
  facet normal 0 0 1
    outer loop
      vertex 22.4393 24.2607 10
      vertex 21.2938 25.4062 10
      vertex 22.2528 24.0334 10
    endloop
  endfacet
  facet normal 0 0 1
    outer loop
      vertex 22.2528 24.0334 10
      vertex 20.9058 24.9334 10
      vertex 22.1142 23.774 10
    endloop
  endfacet
  facet normal -0 0 1
    outer loop
      vertex 20.9058 24.9334 10
      vertex 22.2528 24.0334 10
      vertex 21.2938 25.4062 10
    endloop
  endfacet
  facet normal -0 0 1
    outer loop
      vertex 24.7472 22.3666 10
      vertex 26.0942 21.4666 10
      vertex 24.8858 22.626 10
    endloop
  endfacet
  facet normal 0 0 1
    outer loop
      vertex 26.0942 21.4666 10
      vertex 24.7472 22.3666 10
      vertex 25.7062 20.9938 10
    endloop
  endfacet
  facet normal -0 0 1
    outer loop
      vertex 24.5607 22.1393 10
      vertex 25.7062 20.9938 10
      vertex 24.7472 22.3666 10
    endloop
  endfacet
  facet normal 0 0 1
    outer loop
      vertex 25.7062 20.9938 10
      vertex 24.5607 22.1393 10
      vertex 25.2334 20.6058 10
    endloop
  endfacet
  facet normal -0 0 1
    outer loop
      vertex 24.3334 21.9528 10
      vertex 25.2334 20.6058 10
      vertex 24.5607 22.1393 10
    endloop
  endfacet
  facet normal 0 0 1
    outer loop
      vertex 25.2334 20.6058 10
      vertex 24.3334 21.9528 10
      vertex 24.694 20.3175 10
    endloop
  endfacet
  facet normal -0 0 1
    outer loop
      vertex 24.074 21.8142 10
      vertex 24.694 20.3175 10
      vertex 24.3334 21.9528 10
    endloop
  endfacet
  facet normal 0 0 1
    outer loop
      vertex 24.694 20.3175 10
      vertex 24.074 21.8142 10
      vertex 24.1087 20.1399 10
    endloop
  endfacet
  facet normal -0 0 1
    outer loop
      vertex 23.7926 21.7288 10
      vertex 24.1087 20.1399 10
      vertex 24.074 21.8142 10
    endloop
  endfacet
  facet normal 0 0 1
    outer loop
      vertex 23.7926 21.7288 10
      vertex 23.7031 20.1 10
      vertex 24.1087 20.1399 10
    endloop
  endfacet
  facet normal -0 0 1
    outer loop
      vertex 23.5 21.7 10
      vertex 23.7031 20.1 10
      vertex 23.7926 21.7288 10
    endloop
  endfacet
  facet normal 0 0 1
    outer loop
      vertex 23.5 21.7 10
      vertex 23.2969 20.1 10
      vertex 23.7031 20.1 10
    endloop
  endfacet
  facet normal 0 0 1
    outer loop
      vertex 23.2074 21.7288 10
      vertex 23.2969 20.1 10
      vertex 23.5 21.7 10
    endloop
  endfacet
  facet normal 0 0 1
    outer loop
      vertex 22.8913 20.1399 10
      vertex 23.2074 21.7288 10
      vertex 22.926 21.8142 10
    endloop
  endfacet
  facet normal 0 0 1
    outer loop
      vertex 23.2074 21.7288 10
      vertex 22.8913 20.1399 10
      vertex 23.2969 20.1 10
    endloop
  endfacet
  facet normal 0 0 1
    outer loop
      vertex 22.306 20.3175 10
      vertex 22.926 21.8142 10
      vertex 22.6666 21.9528 10
    endloop
  endfacet
  facet normal 0 0 1
    outer loop
      vertex 21.7666 20.6058 10
      vertex 22.6666 21.9528 10
      vertex 22.4393 22.1393 10
    endloop
  endfacet
  facet normal 0 0 1
    outer loop
      vertex 22.926 21.8142 10
      vertex 22.306 20.3175 10
      vertex 22.8913 20.1399 10
    endloop
  endfacet
  facet normal 0 0 1
    outer loop
      vertex 21.2938 20.9938 10
      vertex 22.4393 22.1393 10
      vertex 22.2528 22.3666 10
    endloop
  endfacet
  facet normal 0 0 1
    outer loop
      vertex 20.9058 21.4666 10
      vertex 22.2528 22.3666 10
      vertex 22.1142 22.626 10
    endloop
  endfacet
  facet normal 0 0 1
    outer loop
      vertex 20.6175 22.006 10
      vertex 22.1142 22.626 10
      vertex 22.0288 22.9074 10
    endloop
  endfacet
  facet normal 0 0 1
    outer loop
      vertex 22.6666 21.9528 10
      vertex 21.7666 20.6058 10
      vertex 22.306 20.3175 10
    endloop
  endfacet
  facet normal 0 0 1
    outer loop
      vertex 20.4399 22.5913 10
      vertex 22.0288 22.9074 10
      vertex 22 23.2 10
    endloop
  endfacet
  facet normal -0 0 1
    outer loop
      vertex 20.6175 24.394 10
      vertex 22.1142 23.774 10
      vertex 20.9058 24.9334 10
    endloop
  endfacet
  facet normal 0 0 1
    outer loop
      vertex 22.1142 23.774 10
      vertex 20.6175 24.394 10
      vertex 22.0288 23.4926 10
    endloop
  endfacet
  facet normal 0 0 1
    outer loop
      vertex 22.4393 22.1393 10
      vertex 21.2938 20.9938 10
      vertex 21.7666 20.6058 10
    endloop
  endfacet
  facet normal -0 0 1
    outer loop
      vertex 20.4399 23.8087 10
      vertex 22.0288 23.4926 10
      vertex 20.6175 24.394 10
    endloop
  endfacet
  facet normal 0 0 1
    outer loop
      vertex 22.2528 22.3666 10
      vertex 20.9058 21.4666 10
      vertex 21.2938 20.9938 10
    endloop
  endfacet
  facet normal 0 0 1
    outer loop
      vertex 22.0288 23.4926 10
      vertex 20.4399 23.8087 10
      vertex 22 23.2 10
    endloop
  endfacet
  facet normal 0 0 1
    outer loop
      vertex 22.1142 22.626 10
      vertex 20.6175 22.006 10
      vertex 20.9058 21.4666 10
    endloop
  endfacet
  facet normal 0 0 1
    outer loop
      vertex 20.38 23.2 10
      vertex 22 23.2 10
      vertex 20.4399 23.8087 10
    endloop
  endfacet
  facet normal 0 0 1
    outer loop
      vertex 22.0288 22.9074 10
      vertex 20.4399 22.5913 10
      vertex 20.6175 22.006 10
    endloop
  endfacet
  facet normal 0 0 1
    outer loop
      vertex 22 23.2 10
      vertex 20.38 23.2 10
      vertex 20.4399 22.5913 10
    endloop
  endfacet
  facet normal -0.773024 0.634377 0
    outer loop
      vertex 20.9058 24.9334 2
      vertex 21.2938 25.4062 10
      vertex 21.2938 25.4062 2
    endloop
  endfacet
  facet normal -0.773024 0.634377 0
    outer loop
      vertex 21.2938 25.4062 10
      vertex 20.9058 24.9334 2
      vertex 20.9058 24.9334 10
    endloop
  endfacet
  facet normal 0.290361 -0.956917 0
    outer loop
      vertex 24.1087 20.1399 2
      vertex 24.694 20.3175 10
      vertex 24.1087 20.1399 10
    endloop
  endfacet
  facet normal 0.290361 -0.956917 0
    outer loop
      vertex 24.694 20.3175 10
      vertex 24.1087 20.1399 2
      vertex 24.694 20.3175 2
    endloop
  endfacet
  facet normal 0.881932 -0.471377 0
    outer loop
      vertex 26.0942 21.4666 10
      vertex 26.3825 22.006 2
      vertex 26.3825 22.006 10
    endloop
  endfacet
  facet normal 0.881932 -0.471377 0
    outer loop
      vertex 26.3825 22.006 2
      vertex 26.0942 21.4666 10
      vertex 26.0942 21.4666 2
    endloop
  endfacet
  facet normal 0.634377 0.773024 -0
    outer loop
      vertex 25.7062 25.4062 2
      vertex 25.2334 25.7942 10
      vertex 25.7062 25.4062 10
    endloop
  endfacet
  facet normal 0.634377 0.773024 0
    outer loop
      vertex 25.2334 25.7942 10
      vertex 25.7062 25.4062 2
      vertex 25.2334 25.7942 2
    endloop
  endfacet
  facet normal -0.881932 -0.471377 0
    outer loop
      vertex 20.9058 21.4666 2
      vertex 20.6175 22.006 10
      vertex 20.6175 22.006 2
    endloop
  endfacet
  facet normal -0.881932 -0.471377 0
    outer loop
      vertex 20.6175 22.006 10
      vertex 20.9058 21.4666 2
      vertex 20.9058 21.4666 10
    endloop
  endfacet
  facet normal 0.773024 -0.634377 0
    outer loop
      vertex 25.7062 20.9938 10
      vertex 26.0942 21.4666 2
      vertex 26.0942 21.4666 10
    endloop
  endfacet
  facet normal 0.773024 -0.634377 0
    outer loop
      vertex 26.0942 21.4666 2
      vertex 25.7062 20.9938 10
      vertex 25.7062 20.9938 2
    endloop
  endfacet
  facet normal 0.0979002 -0.995196 0
    outer loop
      vertex 23.7031 20.1 2
      vertex 24.1087 20.1399 10
      vertex 23.7031 20.1 10
    endloop
  endfacet
  facet normal 0.0979002 -0.995196 0
    outer loop
      vertex 24.1087 20.1399 10
      vertex 23.7031 20.1 2
      vertex 24.1087 20.1399 2
    endloop
  endfacet
  facet normal -0.634377 -0.773024 0
    outer loop
      vertex 21.2938 20.9938 2
      vertex 21.7666 20.6058 10
      vertex 21.2938 20.9938 10
    endloop
  endfacet
  facet normal -0.634377 -0.773024 -0
    outer loop
      vertex 21.7666 20.6058 10
      vertex 21.2938 20.9938 2
      vertex 21.7666 20.6058 2
    endloop
  endfacet
  facet normal 0.471377 -0.881932 0
    outer loop
      vertex 24.694 20.3175 2
      vertex 25.2334 20.6058 10
      vertex 24.694 20.3175 10
    endloop
  endfacet
  facet normal 0.471377 -0.881932 0
    outer loop
      vertex 25.2334 20.6058 10
      vertex 24.694 20.3175 2
      vertex 25.2334 20.6058 2
    endloop
  endfacet
  facet normal -0.773024 -0.634377 0
    outer loop
      vertex 21.2938 20.9938 2
      vertex 20.9058 21.4666 10
      vertex 20.9058 21.4666 2
    endloop
  endfacet
  facet normal -0.773024 -0.634377 0
    outer loop
      vertex 20.9058 21.4666 10
      vertex 21.2938 20.9938 2
      vertex 21.2938 20.9938 10
    endloop
  endfacet
  facet normal -0.995193 0.0979334 0
    outer loop
      vertex 20.38 23.2 2
      vertex 20.4399 23.8087 10
      vertex 20.4399 23.8087 2
    endloop
  endfacet
  facet normal -0.995193 0.0979334 0
    outer loop
      vertex 20.4399 23.8087 10
      vertex 20.38 23.2 2
      vertex 20.38 23.2 10
    endloop
  endfacet
  facet normal -0.0980953 0.995177 0
    outer loop
      vertex 23.5 26.32 2
      vertex 22.8913 26.26 10
      vertex 23.5 26.32 10
    endloop
  endfacet
  facet normal -0.0980953 0.995177 0
    outer loop
      vertex 22.8913 26.26 10
      vertex 23.5 26.32 2
      vertex 22.8913 26.26 2
    endloop
  endfacet
  facet normal -0.0979002 -0.995196 0
    outer loop
      vertex 22.8913 20.1399 2
      vertex 23.2969 20.1 10
      vertex 22.8913 20.1399 10
    endloop
  endfacet
  facet normal -0.0979002 -0.995196 -0
    outer loop
      vertex 23.2969 20.1 10
      vertex 22.8913 20.1399 2
      vertex 23.2969 20.1 2
    endloop
  endfacet
  facet normal -0.471377 -0.881932 0
    outer loop
      vertex 21.7666 20.6058 2
      vertex 22.306 20.3175 10
      vertex 21.7666 20.6058 10
    endloop
  endfacet
  facet normal -0.471377 -0.881932 -0
    outer loop
      vertex 22.306 20.3175 10
      vertex 21.7666 20.6058 2
      vertex 22.306 20.3175 2
    endloop
  endfacet
  facet normal 0.471259 -0.881995 0
    outer loop
      vertex 22.6666 24.4472 2
      vertex 22.926 24.5858 10
      vertex 22.6666 24.4472 10
    endloop
  endfacet
  facet normal 0.471259 -0.881995 0
    outer loop
      vertex 22.926 24.5858 10
      vertex 22.6666 24.4472 2
      vertex 22.926 24.5858 2
    endloop
  endfacet
  facet normal -0.956904 -0.290404 0
    outer loop
      vertex 24.9712 23.4926 2
      vertex 24.8858 23.774 10
      vertex 24.8858 23.774 2
    endloop
  endfacet
  facet normal -0.956904 -0.290404 0
    outer loop
      vertex 24.8858 23.774 10
      vertex 24.9712 23.4926 2
      vertex 24.9712 23.4926 10
    endloop
  endfacet
  facet normal -0.995191 -0.0979545 0
    outer loop
      vertex 25 23.2 2
      vertex 24.9712 23.4926 10
      vertex 24.9712 23.4926 2
    endloop
  endfacet
  facet normal -0.995191 -0.0979545 0
    outer loop
      vertex 24.9712 23.4926 10
      vertex 25 23.2 2
      vertex 25 23.2 10
    endloop
  endfacet
  facet normal -0.881995 -0.471259 0
    outer loop
      vertex 24.8858 23.774 2
      vertex 24.7472 24.0334 10
      vertex 24.7472 24.0334 2
    endloop
  endfacet
  facet normal -0.881995 -0.471259 0
    outer loop
      vertex 24.7472 24.0334 10
      vertex 24.8858 23.774 2
      vertex 24.8858 23.774 10
    endloop
  endfacet
  facet normal 0.956904 0.290404 0
    outer loop
      vertex 22.1142 22.626 10
      vertex 22.0288 22.9074 2
      vertex 22.0288 22.9074 10
    endloop
  endfacet
  facet normal 0.956904 0.290404 0
    outer loop
      vertex 22.0288 22.9074 2
      vertex 22.1142 22.626 10
      vertex 22.1142 22.626 2
    endloop
  endfacet
  facet normal -0.471259 0.881995 0
    outer loop
      vertex 24.3334 21.9528 2
      vertex 24.074 21.8142 10
      vertex 24.3334 21.9528 10
    endloop
  endfacet
  facet normal -0.471259 0.881995 0
    outer loop
      vertex 24.074 21.8142 10
      vertex 24.3334 21.9528 2
      vertex 24.074 21.8142 2
    endloop
  endfacet
  facet normal 0.881995 -0.471259 0
    outer loop
      vertex 22.1142 23.774 10
      vertex 22.2528 24.0334 2
      vertex 22.2528 24.0334 10
    endloop
  endfacet
  facet normal 0.881995 -0.471259 0
    outer loop
      vertex 22.2528 24.0334 2
      vertex 22.1142 23.774 10
      vertex 22.1142 23.774 2
    endloop
  endfacet
  facet normal -0.773078 -0.634311 0
    outer loop
      vertex 24.7472 24.0334 2
      vertex 24.5607 24.2607 10
      vertex 24.5607 24.2607 2
    endloop
  endfacet
  facet normal -0.773078 -0.634311 0
    outer loop
      vertex 24.5607 24.2607 10
      vertex 24.7472 24.0334 2
      vertex 24.7472 24.0334 10
    endloop
  endfacet
  facet normal -0.956904 0.290404 0
    outer loop
      vertex 24.8858 22.626 2
      vertex 24.9712 22.9074 10
      vertex 24.9712 22.9074 2
    endloop
  endfacet
  facet normal -0.956904 0.290404 0
    outer loop
      vertex 24.9712 22.9074 10
      vertex 24.8858 22.626 2
      vertex 24.8858 22.626 10
    endloop
  endfacet
  facet normal 0.881995 0.471259 0
    outer loop
      vertex 22.2528 22.3666 10
      vertex 22.1142 22.626 2
      vertex 22.1142 22.626 10
    endloop
  endfacet
  facet normal 0.881995 0.471259 0
    outer loop
      vertex 22.1142 22.626 2
      vertex 22.2528 22.3666 10
      vertex 22.2528 22.3666 2
    endloop
  endfacet
  facet normal -0.995191 0.0979545 0
    outer loop
      vertex 24.9712 22.9074 2
      vertex 25 23.2 10
      vertex 25 23.2 2
    endloop
  endfacet
  facet normal -0.995191 0.0979545 0
    outer loop
      vertex 25 23.2 10
      vertex 24.9712 22.9074 2
      vertex 24.9712 22.9074 10
    endloop
  endfacet
  facet normal -0.471259 -0.881995 0
    outer loop
      vertex 24.074 24.5858 2
      vertex 24.3334 24.4472 10
      vertex 24.074 24.5858 10
    endloop
  endfacet
  facet normal -0.471259 -0.881995 -0
    outer loop
      vertex 24.3334 24.4472 10
      vertex 24.074 24.5858 2
      vertex 24.3334 24.4472 2
    endloop
  endfacet
  facet normal -0.0979545 -0.995191 0
    outer loop
      vertex 23.5 24.7 2
      vertex 23.7926 24.6712 10
      vertex 23.5 24.7 10
    endloop
  endfacet
  facet normal -0.0979545 -0.995191 -0
    outer loop
      vertex 23.7926 24.6712 10
      vertex 23.5 24.7 2
      vertex 23.7926 24.6712 2
    endloop
  endfacet
  facet normal -0.634311 -0.773078 0
    outer loop
      vertex 24.3334 24.4472 2
      vertex 24.5607 24.2607 10
      vertex 24.3334 24.4472 10
    endloop
  endfacet
  facet normal -0.634311 -0.773078 -0
    outer loop
      vertex 24.5607 24.2607 10
      vertex 24.3334 24.4472 2
      vertex 24.5607 24.2607 2
    endloop
  endfacet
  facet normal -0.881995 0.471259 0
    outer loop
      vertex 24.7472 22.3666 2
      vertex 24.8858 22.626 10
      vertex 24.8858 22.626 2
    endloop
  endfacet
  facet normal -0.881995 0.471259 0
    outer loop
      vertex 24.8858 22.626 10
      vertex 24.7472 22.3666 2
      vertex 24.7472 22.3666 10
    endloop
  endfacet
  facet normal -0.0979545 0.995191 0
    outer loop
      vertex 23.7926 21.7288 2
      vertex 23.5 21.7 10
      vertex 23.7926 21.7288 10
    endloop
  endfacet
  facet normal -0.0979545 0.995191 0
    outer loop
      vertex 23.5 21.7 10
      vertex 23.7926 21.7288 2
      vertex 23.5 21.7 2
    endloop
  endfacet
  facet normal 0.471259 0.881995 -0
    outer loop
      vertex 22.926 21.8142 2
      vertex 22.6666 21.9528 10
      vertex 22.926 21.8142 10
    endloop
  endfacet
  facet normal 0.471259 0.881995 0
    outer loop
      vertex 22.6666 21.9528 10
      vertex 22.926 21.8142 2
      vertex 22.6666 21.9528 2
    endloop
  endfacet
  facet normal -0.773078 0.634311 0
    outer loop
      vertex 24.5607 22.1393 2
      vertex 24.7472 22.3666 10
      vertex 24.7472 22.3666 2
    endloop
  endfacet
  facet normal -0.773078 0.634311 0
    outer loop
      vertex 24.7472 22.3666 10
      vertex 24.5607 22.1393 2
      vertex 24.5607 22.1393 10
    endloop
  endfacet
  facet normal -0.634311 0.773078 0
    outer loop
      vertex 24.5607 22.1393 2
      vertex 24.3334 21.9528 10
      vertex 24.5607 22.1393 10
    endloop
  endfacet
  facet normal -0.634311 0.773078 0
    outer loop
      vertex 24.3334 21.9528 10
      vertex 24.5607 22.1393 2
      vertex 24.3334 21.9528 2
    endloop
  endfacet
  facet normal 0.773078 -0.634311 0
    outer loop
      vertex 22.2528 24.0334 10
      vertex 22.4393 24.2607 2
      vertex 22.4393 24.2607 10
    endloop
  endfacet
  facet normal 0.773078 -0.634311 0
    outer loop
      vertex 22.4393 24.2607 2
      vertex 22.2528 24.0334 10
      vertex 22.2528 24.0334 2
    endloop
  endfacet
  facet normal -0.290404 -0.956904 0
    outer loop
      vertex 23.7926 24.6712 2
      vertex 24.074 24.5858 10
      vertex 23.7926 24.6712 10
    endloop
  endfacet
  facet normal -0.290404 -0.956904 -0
    outer loop
      vertex 24.074 24.5858 10
      vertex 23.7926 24.6712 2
      vertex 24.074 24.5858 2
    endloop
  endfacet
  facet normal 0.634311 -0.773078 0
    outer loop
      vertex 22.4393 24.2607 2
      vertex 22.6666 24.4472 10
      vertex 22.4393 24.2607 10
    endloop
  endfacet
  facet normal 0.634311 -0.773078 0
    outer loop
      vertex 22.6666 24.4472 10
      vertex 22.4393 24.2607 2
      vertex 22.6666 24.4472 2
    endloop
  endfacet
  facet normal 0.0979545 -0.995191 0
    outer loop
      vertex 23.2074 24.6712 2
      vertex 23.5 24.7 10
      vertex 23.2074 24.6712 10
    endloop
  endfacet
  facet normal 0.0979545 -0.995191 0
    outer loop
      vertex 23.5 24.7 10
      vertex 23.2074 24.6712 2
      vertex 23.5 24.7 2
    endloop
  endfacet
  facet normal 0.290404 -0.956904 0
    outer loop
      vertex 22.926 24.5858 2
      vertex 23.2074 24.6712 10
      vertex 22.926 24.5858 10
    endloop
  endfacet
  facet normal 0.290404 -0.956904 0
    outer loop
      vertex 23.2074 24.6712 10
      vertex 22.926 24.5858 2
      vertex 23.2074 24.6712 2
    endloop
  endfacet
  facet normal 0.773078 0.634311 0
    outer loop
      vertex 22.4393 22.1393 10
      vertex 22.2528 22.3666 2
      vertex 22.2528 22.3666 10
    endloop
  endfacet
  facet normal 0.773078 0.634311 0
    outer loop
      vertex 22.2528 22.3666 2
      vertex 22.4393 22.1393 10
      vertex 22.4393 22.1393 2
    endloop
  endfacet
  facet normal 0.0979545 0.995191 -0
    outer loop
      vertex 23.5 21.7 2
      vertex 23.2074 21.7288 10
      vertex 23.5 21.7 10
    endloop
  endfacet
  facet normal 0.0979545 0.995191 0
    outer loop
      vertex 23.2074 21.7288 10
      vertex 23.5 21.7 2
      vertex 23.2074 21.7288 2
    endloop
  endfacet
  facet normal 0.290404 0.956904 -0
    outer loop
      vertex 23.2074 21.7288 2
      vertex 22.926 21.8142 10
      vertex 23.2074 21.7288 10
    endloop
  endfacet
  facet normal 0.290404 0.956904 0
    outer loop
      vertex 22.926 21.8142 10
      vertex 23.2074 21.7288 2
      vertex 22.926 21.8142 2
    endloop
  endfacet
  facet normal 0.995191 0.0979545 0
    outer loop
      vertex 22.0288 22.9074 10
      vertex 22 23.2 2
      vertex 22 23.2 10
    endloop
  endfacet
  facet normal 0.995191 0.0979545 0
    outer loop
      vertex 22 23.2 2
      vertex 22.0288 22.9074 10
      vertex 22.0288 22.9074 2
    endloop
  endfacet
  facet normal 0.634311 0.773078 -0
    outer loop
      vertex 22.6666 21.9528 2
      vertex 22.4393 22.1393 10
      vertex 22.6666 21.9528 10
    endloop
  endfacet
  facet normal 0.634311 0.773078 0
    outer loop
      vertex 22.4393 22.1393 10
      vertex 22.6666 21.9528 2
      vertex 22.4393 22.1393 2
    endloop
  endfacet
  facet normal -0.290404 0.956904 0
    outer loop
      vertex 24.074 21.8142 2
      vertex 23.7926 21.7288 10
      vertex 24.074 21.8142 10
    endloop
  endfacet
  facet normal -0.290404 0.956904 0
    outer loop
      vertex 23.7926 21.7288 10
      vertex 24.074 21.8142 2
      vertex 23.7926 21.7288 2
    endloop
  endfacet
  facet normal 0.956904 -0.290404 0
    outer loop
      vertex 22.0288 23.4926 10
      vertex 22.1142 23.774 2
      vertex 22.1142 23.774 10
    endloop
  endfacet
  facet normal 0.956904 -0.290404 0
    outer loop
      vertex 22.1142 23.774 2
      vertex 22.0288 23.4926 10
      vertex 22.0288 23.4926 2
    endloop
  endfacet
  facet normal 0.995191 -0.0979545 0
    outer loop
      vertex 22 23.2 10
      vertex 22.0288 23.4926 2
      vertex 22.0288 23.4926 10
    endloop
  endfacet
  facet normal 0.995191 -0.0979545 0
    outer loop
      vertex 22.0288 23.4926 2
      vertex 22 23.2 10
      vertex 22 23.2 2
    endloop
  endfacet
  facet normal -0.956917 0.290361 0
    outer loop
      vertex -26.5601 23.8087 2
      vertex -26.3825 24.394 10
      vertex -26.3825 24.394 2
    endloop
  endfacet
  facet normal -0.956917 0.290361 0
    outer loop
      vertex -26.3825 24.394 10
      vertex -26.5601 23.8087 2
      vertex -26.5601 23.8087 10
    endloop
  endfacet
  facet normal 0.956917 0.290361 0
    outer loop
      vertex -20.4399 23.8087 10
      vertex -20.6175 24.394 2
      vertex -20.6175 24.394 10
    endloop
  endfacet
  facet normal 0.956917 0.290361 0
    outer loop
      vertex -20.6175 24.394 2
      vertex -20.4399 23.8087 10
      vertex -20.4399 23.8087 2
    endloop
  endfacet
  facet normal 0.995193 0.0979334 0
    outer loop
      vertex -20.38 23.2 10
      vertex -20.4399 23.8087 2
      vertex -20.4399 23.8087 10
    endloop
  endfacet
  facet normal 0.995193 0.0979334 0
    outer loop
      vertex -20.4399 23.8087 2
      vertex -20.38 23.2 10
      vertex -20.38 23.2 2
    endloop
  endfacet
  facet normal 0.881932 0.471377 0
    outer loop
      vertex -20.6175 24.394 10
      vertex -20.9058 24.9334 2
      vertex -20.9058 24.9334 10
    endloop
  endfacet
  facet normal 0.881932 0.471377 0
    outer loop
      vertex -20.9058 24.9334 2
      vertex -20.6175 24.394 10
      vertex -20.6175 24.394 2
    endloop
  endfacet
  facet normal 0.995193 -0.0979334 0
    outer loop
      vertex -20.4399 22.5913 10
      vertex -20.38 23.2 2
      vertex -20.38 23.2 10
    endloop
  endfacet
  facet normal 0.995193 -0.0979334 0
    outer loop
      vertex -20.38 23.2 2
      vertex -20.4399 22.5913 10
      vertex -20.4399 22.5913 2
    endloop
  endfacet
  facet normal -0.634377 0.773024 0
    outer loop
      vertex -25.2334 25.7942 2
      vertex -25.7062 25.4062 10
      vertex -25.2334 25.7942 10
    endloop
  endfacet
  facet normal -0.634377 0.773024 0
    outer loop
      vertex -25.7062 25.4062 10
      vertex -25.2334 25.7942 2
      vertex -25.7062 25.4062 2
    endloop
  endfacet
  facet normal 0.773024 0.634377 0
    outer loop
      vertex -20.9058 24.9334 10
      vertex -21.2938 25.4062 2
      vertex -21.2938 25.4062 10
    endloop
  endfacet
  facet normal 0.773024 0.634377 0
    outer loop
      vertex -21.2938 25.4062 2
      vertex -20.9058 24.9334 10
      vertex -20.9058 24.9334 2
    endloop
  endfacet
  facet normal -0.881932 0.471377 0
    outer loop
      vertex -26.3825 24.394 2
      vertex -26.0942 24.9334 10
      vertex -26.0942 24.9334 2
    endloop
  endfacet
  facet normal -0.881932 0.471377 0
    outer loop
      vertex -26.0942 24.9334 10
      vertex -26.3825 24.394 2
      vertex -26.3825 24.394 10
    endloop
  endfacet
  facet normal -0.290212 0.956963 0
    outer loop
      vertex -24.1087 26.26 2
      vertex -24.694 26.0825 10
      vertex -24.1087 26.26 10
    endloop
  endfacet
  facet normal -0.290212 0.956963 0
    outer loop
      vertex -24.694 26.0825 10
      vertex -24.1087 26.26 2
      vertex -24.694 26.0825 2
    endloop
  endfacet
  facet normal 0.956917 -0.290361 0
    outer loop
      vertex -20.6175 22.006 10
      vertex -20.4399 22.5913 2
      vertex -20.4399 22.5913 10
    endloop
  endfacet
  facet normal 0.956917 -0.290361 0
    outer loop
      vertex -20.4399 22.5913 2
      vertex -20.6175 22.006 10
      vertex -20.6175 22.006 2
    endloop
  endfacet
  facet normal -0.471377 0.881932 0
    outer loop
      vertex -24.694 26.0825 2
      vertex -25.2334 25.7942 10
      vertex -24.694 26.0825 10
    endloop
  endfacet
  facet normal -0.471377 0.881932 0
    outer loop
      vertex -25.2334 25.7942 10
      vertex -24.694 26.0825 2
      vertex -25.2334 25.7942 2
    endloop
  endfacet
  facet normal 0.634377 -0.773024 0
    outer loop
      vertex -21.7666 20.6058 2
      vertex -21.2938 20.9938 10
      vertex -21.7666 20.6058 10
    endloop
  endfacet
  facet normal 0.634377 -0.773024 0
    outer loop
      vertex -21.2938 20.9938 10
      vertex -21.7666 20.6058 2
      vertex -21.2938 20.9938 2
    endloop
  endfacet
  facet normal -0.956917 -0.290361 0
    outer loop
      vertex -26.3825 22.006 2
      vertex -26.5601 22.5913 10
      vertex -26.5601 22.5913 2
    endloop
  endfacet
  facet normal -0.956917 -0.290361 0
    outer loop
      vertex -26.5601 22.5913 10
      vertex -26.3825 22.006 2
      vertex -26.3825 22.006 10
    endloop
  endfacet
  facet normal -0.995193 -0.0979334 0
    outer loop
      vertex -26.5601 22.5913 2
      vertex -26.62 23.2 10
      vertex -26.62 23.2 2
    endloop
  endfacet
  facet normal -0.995193 -0.0979334 0
    outer loop
      vertex -26.62 23.2 10
      vertex -26.5601 22.5913 2
      vertex -26.5601 22.5913 10
    endloop
  endfacet
  facet normal 0.471377 0.881932 -0
    outer loop
      vertex -21.7666 25.7942 2
      vertex -22.306 26.0825 10
      vertex -21.7666 25.7942 10
    endloop
  endfacet
  facet normal 0.471377 0.881932 0
    outer loop
      vertex -22.306 26.0825 10
      vertex -21.7666 25.7942 2
      vertex -22.306 26.0825 2
    endloop
  endfacet
  facet normal 0.290212 0.956963 -0
    outer loop
      vertex -22.306 26.0825 2
      vertex -22.8913 26.26 10
      vertex -22.306 26.0825 10
    endloop
  endfacet
  facet normal 0.290212 0.956963 0
    outer loop
      vertex -22.8913 26.26 10
      vertex -22.306 26.0825 2
      vertex -22.8913 26.26 2
    endloop
  endfacet
  facet normal -0.290361 -0.956917 0
    outer loop
      vertex -24.694 20.3175 2
      vertex -24.1087 20.1399 10
      vertex -24.694 20.3175 10
    endloop
  endfacet
  facet normal -0.290361 -0.956917 -0
    outer loop
      vertex -24.1087 20.1399 10
      vertex -24.694 20.3175 2
      vertex -24.1087 20.1399 2
    endloop
  endfacet
  facet normal 0.0980953 0.995177 -0
    outer loop
      vertex -22.8913 26.26 2
      vertex -23.5 26.32 10
      vertex -22.8913 26.26 10
    endloop
  endfacet
  facet normal 0.0980953 0.995177 0
    outer loop
      vertex -23.5 26.32 10
      vertex -22.8913 26.26 2
      vertex -23.5 26.32 2
    endloop
  endfacet
  facet normal 0 0 1
    outer loop
      vertex -22 23.2 10
      vertex -20.38 23.2 10
      vertex -20.4399 23.8087 10
    endloop
  endfacet
  facet normal 0 0 1
    outer loop
      vertex -22.0288 23.4926 10
      vertex -20.4399 23.8087 10
      vertex -20.6175 24.394 10
    endloop
  endfacet
  facet normal 0 0 1
    outer loop
      vertex -20.38 23.2 10
      vertex -22 23.2 10
      vertex -20.4399 22.5913 10
    endloop
  endfacet
  facet normal 0 0 1
    outer loop
      vertex -22.1142 23.774 10
      vertex -20.6175 24.394 10
      vertex -20.9058 24.9334 10
    endloop
  endfacet
  facet normal -0 0 1
    outer loop
      vertex -22.0288 22.9074 10
      vertex -20.4399 22.5913 10
      vertex -22 23.2 10
    endloop
  endfacet
  facet normal 0 0 1
    outer loop
      vertex -22.2528 24.0334 10
      vertex -20.9058 24.9334 10
      vertex -21.2938 25.4062 10
    endloop
  endfacet
  facet normal 0 0 1
    outer loop
      vertex -20.4399 22.5913 10
      vertex -22.0288 22.9074 10
      vertex -20.6175 22.006 10
    endloop
  endfacet
  facet normal 0 0 1
    outer loop
      vertex -22.4393 24.2607 10
      vertex -21.2938 25.4062 10
      vertex -21.7666 25.7942 10
    endloop
  endfacet
  facet normal -0 0 1
    outer loop
      vertex -22.1142 22.626 10
      vertex -20.6175 22.006 10
      vertex -22.0288 22.9074 10
    endloop
  endfacet
  facet normal 0 0 1
    outer loop
      vertex -20.6175 22.006 10
      vertex -22.1142 22.626 10
      vertex -20.9058 21.4666 10
    endloop
  endfacet
  facet normal 0 0 1
    outer loop
      vertex -20.4399 23.8087 10
      vertex -22.0288 23.4926 10
      vertex -22 23.2 10
    endloop
  endfacet
  facet normal 0 0 1
    outer loop
      vertex -20.6175 24.394 10
      vertex -22.1142 23.774 10
      vertex -22.0288 23.4926 10
    endloop
  endfacet
  facet normal 0 0 1
    outer loop
      vertex -20.9058 24.9334 10
      vertex -22.2528 24.0334 10
      vertex -22.1142 23.774 10
    endloop
  endfacet
  facet normal 0 0 1
    outer loop
      vertex -22.6666 24.4472 10
      vertex -21.7666 25.7942 10
      vertex -22.306 26.0825 10
    endloop
  endfacet
  facet normal 0 0 1
    outer loop
      vertex -21.2938 25.4062 10
      vertex -22.4393 24.2607 10
      vertex -22.2528 24.0334 10
    endloop
  endfacet
  facet normal 0 0 1
    outer loop
      vertex -21.7666 25.7942 10
      vertex -22.6666 24.4472 10
      vertex -22.4393 24.2607 10
    endloop
  endfacet
  facet normal 0 0 1
    outer loop
      vertex -22.926 24.5858 10
      vertex -22.306 26.0825 10
      vertex -22.8913 26.26 10
    endloop
  endfacet
  facet normal 0 0 1
    outer loop
      vertex -22.306 26.0825 10
      vertex -22.926 24.5858 10
      vertex -22.6666 24.4472 10
    endloop
  endfacet
  facet normal 0 0 1
    outer loop
      vertex -22.8913 26.26 10
      vertex -23.2074 24.6712 10
      vertex -22.926 24.5858 10
    endloop
  endfacet
  facet normal 0 0 1
    outer loop
      vertex -23.5 26.32 10
      vertex -23.2074 24.6712 10
      vertex -22.8913 26.26 10
    endloop
  endfacet
  facet normal 0 0 1
    outer loop
      vertex -23.5 26.32 10
      vertex -23.5 24.7 10
      vertex -23.2074 24.6712 10
    endloop
  endfacet
  facet normal 0 0 1
    outer loop
      vertex -23.5 26.32 10
      vertex -23.7926 24.6712 10
      vertex -23.5 24.7 10
    endloop
  endfacet
  facet normal -0 0 1
    outer loop
      vertex -24.1087 26.26 10
      vertex -23.7926 24.6712 10
      vertex -23.5 26.32 10
    endloop
  endfacet
  facet normal 0 0 1
    outer loop
      vertex -23.7926 24.6712 10
      vertex -24.1087 26.26 10
      vertex -24.074 24.5858 10
    endloop
  endfacet
  facet normal -0 0 1
    outer loop
      vertex -24.694 26.0825 10
      vertex -24.074 24.5858 10
      vertex -24.1087 26.26 10
    endloop
  endfacet
  facet normal 0 0 1
    outer loop
      vertex -24.074 24.5858 10
      vertex -24.694 26.0825 10
      vertex -24.3334 24.4472 10
    endloop
  endfacet
  facet normal -0 0 1
    outer loop
      vertex -25.2334 25.7942 10
      vertex -24.3334 24.4472 10
      vertex -24.694 26.0825 10
    endloop
  endfacet
  facet normal 0 0 1
    outer loop
      vertex -24.3334 24.4472 10
      vertex -25.2334 25.7942 10
      vertex -24.5607 24.2607 10
    endloop
  endfacet
  facet normal -0 0 1
    outer loop
      vertex -25.7062 25.4062 10
      vertex -24.5607 24.2607 10
      vertex -25.2334 25.7942 10
    endloop
  endfacet
  facet normal 0 0 1
    outer loop
      vertex -24.5607 24.2607 10
      vertex -25.7062 25.4062 10
      vertex -24.7472 24.0334 10
    endloop
  endfacet
  facet normal 0 0 1
    outer loop
      vertex -24.7472 24.0334 10
      vertex -26.0942 24.9334 10
      vertex -24.8858 23.774 10
    endloop
  endfacet
  facet normal -0 0 1
    outer loop
      vertex -26.0942 24.9334 10
      vertex -24.7472 24.0334 10
      vertex -25.7062 25.4062 10
    endloop
  endfacet
  facet normal -0 0 1
    outer loop
      vertex -22.2528 22.3666 10
      vertex -20.9058 21.4666 10
      vertex -22.1142 22.626 10
    endloop
  endfacet
  facet normal 0 0 1
    outer loop
      vertex -20.9058 21.4666 10
      vertex -22.2528 22.3666 10
      vertex -21.2938 20.9938 10
    endloop
  endfacet
  facet normal -0 0 1
    outer loop
      vertex -22.4393 22.1393 10
      vertex -21.2938 20.9938 10
      vertex -22.2528 22.3666 10
    endloop
  endfacet
  facet normal 0 0 1
    outer loop
      vertex -21.2938 20.9938 10
      vertex -22.4393 22.1393 10
      vertex -21.7666 20.6058 10
    endloop
  endfacet
  facet normal -0 0 1
    outer loop
      vertex -22.6666 21.9528 10
      vertex -21.7666 20.6058 10
      vertex -22.4393 22.1393 10
    endloop
  endfacet
  facet normal 0 0 1
    outer loop
      vertex -21.7666 20.6058 10
      vertex -22.6666 21.9528 10
      vertex -22.306 20.3175 10
    endloop
  endfacet
  facet normal -0 0 1
    outer loop
      vertex -22.926 21.8142 10
      vertex -22.306 20.3175 10
      vertex -22.6666 21.9528 10
    endloop
  endfacet
  facet normal 0 0 1
    outer loop
      vertex -22.306 20.3175 10
      vertex -22.926 21.8142 10
      vertex -22.8913 20.1399 10
    endloop
  endfacet
  facet normal -0 0 1
    outer loop
      vertex -23.2074 21.7288 10
      vertex -22.8913 20.1399 10
      vertex -22.926 21.8142 10
    endloop
  endfacet
  facet normal 0 0 1
    outer loop
      vertex -23.2074 21.7288 10
      vertex -23.2969 20.1 10
      vertex -22.8913 20.1399 10
    endloop
  endfacet
  facet normal -0 0 1
    outer loop
      vertex -23.5 21.7 10
      vertex -23.2969 20.1 10
      vertex -23.2074 21.7288 10
    endloop
  endfacet
  facet normal 0 0 1
    outer loop
      vertex -23.5 21.7 10
      vertex -23.7031 20.1 10
      vertex -23.2969 20.1 10
    endloop
  endfacet
  facet normal 0 0 1
    outer loop
      vertex -23.7926 21.7288 10
      vertex -23.7031 20.1 10
      vertex -23.5 21.7 10
    endloop
  endfacet
  facet normal 0 0 1
    outer loop
      vertex -24.1087 20.1399 10
      vertex -23.7926 21.7288 10
      vertex -24.074 21.8142 10
    endloop
  endfacet
  facet normal 0 0 1
    outer loop
      vertex -23.7926 21.7288 10
      vertex -24.1087 20.1399 10
      vertex -23.7031 20.1 10
    endloop
  endfacet
  facet normal 0 0 1
    outer loop
      vertex -24.694 20.3175 10
      vertex -24.074 21.8142 10
      vertex -24.3334 21.9528 10
    endloop
  endfacet
  facet normal 0 0 1
    outer loop
      vertex -25.2334 20.6058 10
      vertex -24.3334 21.9528 10
      vertex -24.5607 22.1393 10
    endloop
  endfacet
  facet normal 0 0 1
    outer loop
      vertex -24.074 21.8142 10
      vertex -24.694 20.3175 10
      vertex -24.1087 20.1399 10
    endloop
  endfacet
  facet normal 0 0 1
    outer loop
      vertex -25.7062 20.9938 10
      vertex -24.5607 22.1393 10
      vertex -24.7472 22.3666 10
    endloop
  endfacet
  facet normal 0 0 1
    outer loop
      vertex -26.0942 21.4666 10
      vertex -24.7472 22.3666 10
      vertex -24.8858 22.626 10
    endloop
  endfacet
  facet normal 0 0 1
    outer loop
      vertex -26.3825 22.006 10
      vertex -24.8858 22.626 10
      vertex -24.9712 22.9074 10
    endloop
  endfacet
  facet normal 0 0 1
    outer loop
      vertex -24.3334 21.9528 10
      vertex -25.2334 20.6058 10
      vertex -24.694 20.3175 10
    endloop
  endfacet
  facet normal 0 0 1
    outer loop
      vertex -26.5601 22.5913 10
      vertex -24.9712 22.9074 10
      vertex -25 23.2 10
    endloop
  endfacet
  facet normal -0 0 1
    outer loop
      vertex -26.3825 24.394 10
      vertex -24.8858 23.774 10
      vertex -26.0942 24.9334 10
    endloop
  endfacet
  facet normal 0 0 1
    outer loop
      vertex -24.8858 23.774 10
      vertex -26.3825 24.394 10
      vertex -24.9712 23.4926 10
    endloop
  endfacet
  facet normal 0 0 1
    outer loop
      vertex -24.5607 22.1393 10
      vertex -25.7062 20.9938 10
      vertex -25.2334 20.6058 10
    endloop
  endfacet
  facet normal -0 0 1
    outer loop
      vertex -26.5601 23.8087 10
      vertex -24.9712 23.4926 10
      vertex -26.3825 24.394 10
    endloop
  endfacet
  facet normal 0 0 1
    outer loop
      vertex -24.7472 22.3666 10
      vertex -26.0942 21.4666 10
      vertex -25.7062 20.9938 10
    endloop
  endfacet
  facet normal 0 0 1
    outer loop
      vertex -24.9712 23.4926 10
      vertex -26.5601 23.8087 10
      vertex -25 23.2 10
    endloop
  endfacet
  facet normal 0 0 1
    outer loop
      vertex -24.8858 22.626 10
      vertex -26.3825 22.006 10
      vertex -26.0942 21.4666 10
    endloop
  endfacet
  facet normal 0 0 1
    outer loop
      vertex -26.62 23.2 10
      vertex -25 23.2 10
      vertex -26.5601 23.8087 10
    endloop
  endfacet
  facet normal 0 0 1
    outer loop
      vertex -24.9712 22.9074 10
      vertex -26.5601 22.5913 10
      vertex -26.3825 22.006 10
    endloop
  endfacet
  facet normal 0 0 1
    outer loop
      vertex -25 23.2 10
      vertex -26.62 23.2 10
      vertex -26.5601 22.5913 10
    endloop
  endfacet
  facet normal -0.773024 0.634377 0
    outer loop
      vertex -26.0942 24.9334 2
      vertex -25.7062 25.4062 10
      vertex -25.7062 25.4062 2
    endloop
  endfacet
  facet normal -0.773024 0.634377 0
    outer loop
      vertex -25.7062 25.4062 10
      vertex -26.0942 24.9334 2
      vertex -26.0942 24.9334 10
    endloop
  endfacet
  facet normal 0.290361 -0.956917 0
    outer loop
      vertex -22.8913 20.1399 2
      vertex -22.306 20.3175 10
      vertex -22.8913 20.1399 10
    endloop
  endfacet
  facet normal 0.290361 -0.956917 0
    outer loop
      vertex -22.306 20.3175 10
      vertex -22.8913 20.1399 2
      vertex -22.306 20.3175 2
    endloop
  endfacet
  facet normal 0.881932 -0.471377 0
    outer loop
      vertex -20.9058 21.4666 10
      vertex -20.6175 22.006 2
      vertex -20.6175 22.006 10
    endloop
  endfacet
  facet normal 0.881932 -0.471377 0
    outer loop
      vertex -20.6175 22.006 2
      vertex -20.9058 21.4666 10
      vertex -20.9058 21.4666 2
    endloop
  endfacet
  facet normal 0.634377 0.773024 -0
    outer loop
      vertex -21.2938 25.4062 2
      vertex -21.7666 25.7942 10
      vertex -21.2938 25.4062 10
    endloop
  endfacet
  facet normal 0.634377 0.773024 0
    outer loop
      vertex -21.7666 25.7942 10
      vertex -21.2938 25.4062 2
      vertex -21.7666 25.7942 2
    endloop
  endfacet
  facet normal -0.881932 -0.471377 0
    outer loop
      vertex -26.0942 21.4666 2
      vertex -26.3825 22.006 10
      vertex -26.3825 22.006 2
    endloop
  endfacet
  facet normal -0.881932 -0.471377 0
    outer loop
      vertex -26.3825 22.006 10
      vertex -26.0942 21.4666 2
      vertex -26.0942 21.4666 10
    endloop
  endfacet
  facet normal 0.773024 -0.634377 0
    outer loop
      vertex -21.2938 20.9938 10
      vertex -20.9058 21.4666 2
      vertex -20.9058 21.4666 10
    endloop
  endfacet
  facet normal 0.773024 -0.634377 0
    outer loop
      vertex -20.9058 21.4666 2
      vertex -21.2938 20.9938 10
      vertex -21.2938 20.9938 2
    endloop
  endfacet
  facet normal 0.0979002 -0.995196 0
    outer loop
      vertex -23.2969 20.1 2
      vertex -22.8913 20.1399 10
      vertex -23.2969 20.1 10
    endloop
  endfacet
  facet normal 0.0979002 -0.995196 0
    outer loop
      vertex -22.8913 20.1399 10
      vertex -23.2969 20.1 2
      vertex -22.8913 20.1399 2
    endloop
  endfacet
  facet normal -0.634377 -0.773024 0
    outer loop
      vertex -25.7062 20.9938 2
      vertex -25.2334 20.6058 10
      vertex -25.7062 20.9938 10
    endloop
  endfacet
  facet normal -0.634377 -0.773024 -0
    outer loop
      vertex -25.2334 20.6058 10
      vertex -25.7062 20.9938 2
      vertex -25.2334 20.6058 2
    endloop
  endfacet
  facet normal 0.471377 -0.881932 0
    outer loop
      vertex -22.306 20.3175 2
      vertex -21.7666 20.6058 10
      vertex -22.306 20.3175 10
    endloop
  endfacet
  facet normal 0.471377 -0.881932 0
    outer loop
      vertex -21.7666 20.6058 10
      vertex -22.306 20.3175 2
      vertex -21.7666 20.6058 2
    endloop
  endfacet
  facet normal -0.773024 -0.634377 0
    outer loop
      vertex -25.7062 20.9938 2
      vertex -26.0942 21.4666 10
      vertex -26.0942 21.4666 2
    endloop
  endfacet
  facet normal -0.773024 -0.634377 0
    outer loop
      vertex -26.0942 21.4666 10
      vertex -25.7062 20.9938 2
      vertex -25.7062 20.9938 10
    endloop
  endfacet
  facet normal -0.995193 0.0979334 0
    outer loop
      vertex -26.62 23.2 2
      vertex -26.5601 23.8087 10
      vertex -26.5601 23.8087 2
    endloop
  endfacet
  facet normal -0.995193 0.0979334 0
    outer loop
      vertex -26.5601 23.8087 10
      vertex -26.62 23.2 2
      vertex -26.62 23.2 10
    endloop
  endfacet
  facet normal -0.0980953 0.995177 0
    outer loop
      vertex -23.5 26.32 2
      vertex -24.1087 26.26 10
      vertex -23.5 26.32 10
    endloop
  endfacet
  facet normal -0.0980953 0.995177 0
    outer loop
      vertex -24.1087 26.26 10
      vertex -23.5 26.32 2
      vertex -24.1087 26.26 2
    endloop
  endfacet
  facet normal -0.0979002 -0.995196 0
    outer loop
      vertex -24.1087 20.1399 2
      vertex -23.7031 20.1 10
      vertex -24.1087 20.1399 10
    endloop
  endfacet
  facet normal -0.0979002 -0.995196 -0
    outer loop
      vertex -23.7031 20.1 10
      vertex -24.1087 20.1399 2
      vertex -23.7031 20.1 2
    endloop
  endfacet
  facet normal -0.471377 -0.881932 0
    outer loop
      vertex -25.2334 20.6058 2
      vertex -24.694 20.3175 10
      vertex -25.2334 20.6058 10
    endloop
  endfacet
  facet normal -0.471377 -0.881932 -0
    outer loop
      vertex -24.694 20.3175 10
      vertex -25.2334 20.6058 2
      vertex -24.694 20.3175 2
    endloop
  endfacet
  facet normal 0.471259 -0.881995 0
    outer loop
      vertex -24.3334 24.4472 2
      vertex -24.074 24.5858 10
      vertex -24.3334 24.4472 10
    endloop
  endfacet
  facet normal 0.471259 -0.881995 0
    outer loop
      vertex -24.074 24.5858 10
      vertex -24.3334 24.4472 2
      vertex -24.074 24.5858 2
    endloop
  endfacet
  facet normal -0.956904 -0.290404 0
    outer loop
      vertex -22.0288 23.4926 2
      vertex -22.1142 23.774 10
      vertex -22.1142 23.774 2
    endloop
  endfacet
  facet normal -0.956904 -0.290404 0
    outer loop
      vertex -22.1142 23.774 10
      vertex -22.0288 23.4926 2
      vertex -22.0288 23.4926 10
    endloop
  endfacet
  facet normal -0.995191 -0.0979545 0
    outer loop
      vertex -22 23.2 2
      vertex -22.0288 23.4926 10
      vertex -22.0288 23.4926 2
    endloop
  endfacet
  facet normal -0.995191 -0.0979545 0
    outer loop
      vertex -22.0288 23.4926 10
      vertex -22 23.2 2
      vertex -22 23.2 10
    endloop
  endfacet
  facet normal -0.881995 -0.471259 0
    outer loop
      vertex -22.1142 23.774 2
      vertex -22.2528 24.0334 10
      vertex -22.2528 24.0334 2
    endloop
  endfacet
  facet normal -0.881995 -0.471259 0
    outer loop
      vertex -22.2528 24.0334 10
      vertex -22.1142 23.774 2
      vertex -22.1142 23.774 10
    endloop
  endfacet
  facet normal 0.956904 0.290404 0
    outer loop
      vertex -24.8858 22.626 10
      vertex -24.9712 22.9074 2
      vertex -24.9712 22.9074 10
    endloop
  endfacet
  facet normal 0.956904 0.290404 0
    outer loop
      vertex -24.9712 22.9074 2
      vertex -24.8858 22.626 10
      vertex -24.8858 22.626 2
    endloop
  endfacet
  facet normal -0.471259 0.881995 0
    outer loop
      vertex -22.6666 21.9528 2
      vertex -22.926 21.8142 10
      vertex -22.6666 21.9528 10
    endloop
  endfacet
  facet normal -0.471259 0.881995 0
    outer loop
      vertex -22.926 21.8142 10
      vertex -22.6666 21.9528 2
      vertex -22.926 21.8142 2
    endloop
  endfacet
  facet normal 0.881995 -0.471259 0
    outer loop
      vertex -24.8858 23.774 10
      vertex -24.7472 24.0334 2
      vertex -24.7472 24.0334 10
    endloop
  endfacet
  facet normal 0.881995 -0.471259 0
    outer loop
      vertex -24.7472 24.0334 2
      vertex -24.8858 23.774 10
      vertex -24.8858 23.774 2
    endloop
  endfacet
  facet normal -0.773078 -0.634311 0
    outer loop
      vertex -22.2528 24.0334 2
      vertex -22.4393 24.2607 10
      vertex -22.4393 24.2607 2
    endloop
  endfacet
  facet normal -0.773078 -0.634311 0
    outer loop
      vertex -22.4393 24.2607 10
      vertex -22.2528 24.0334 2
      vertex -22.2528 24.0334 10
    endloop
  endfacet
  facet normal -0.956904 0.290404 0
    outer loop
      vertex -22.1142 22.626 2
      vertex -22.0288 22.9074 10
      vertex -22.0288 22.9074 2
    endloop
  endfacet
  facet normal -0.956904 0.290404 0
    outer loop
      vertex -22.0288 22.9074 10
      vertex -22.1142 22.626 2
      vertex -22.1142 22.626 10
    endloop
  endfacet
  facet normal 0.881995 0.471259 0
    outer loop
      vertex -24.7472 22.3666 10
      vertex -24.8858 22.626 2
      vertex -24.8858 22.626 10
    endloop
  endfacet
  facet normal 0.881995 0.471259 0
    outer loop
      vertex -24.8858 22.626 2
      vertex -24.7472 22.3666 10
      vertex -24.7472 22.3666 2
    endloop
  endfacet
  facet normal -0.995191 0.0979545 0
    outer loop
      vertex -22.0288 22.9074 2
      vertex -22 23.2 10
      vertex -22 23.2 2
    endloop
  endfacet
  facet normal -0.995191 0.0979545 0
    outer loop
      vertex -22 23.2 10
      vertex -22.0288 22.9074 2
      vertex -22.0288 22.9074 10
    endloop
  endfacet
  facet normal -0.471259 -0.881995 0
    outer loop
      vertex -22.926 24.5858 2
      vertex -22.6666 24.4472 10
      vertex -22.926 24.5858 10
    endloop
  endfacet
  facet normal -0.471259 -0.881995 -0
    outer loop
      vertex -22.6666 24.4472 10
      vertex -22.926 24.5858 2
      vertex -22.6666 24.4472 2
    endloop
  endfacet
  facet normal -0.0979545 -0.995191 0
    outer loop
      vertex -23.5 24.7 2
      vertex -23.2074 24.6712 10
      vertex -23.5 24.7 10
    endloop
  endfacet
  facet normal -0.0979545 -0.995191 -0
    outer loop
      vertex -23.2074 24.6712 10
      vertex -23.5 24.7 2
      vertex -23.2074 24.6712 2
    endloop
  endfacet
  facet normal -0.634311 -0.773078 0
    outer loop
      vertex -22.6666 24.4472 2
      vertex -22.4393 24.2607 10
      vertex -22.6666 24.4472 10
    endloop
  endfacet
  facet normal -0.634311 -0.773078 -0
    outer loop
      vertex -22.4393 24.2607 10
      vertex -22.6666 24.4472 2
      vertex -22.4393 24.2607 2
    endloop
  endfacet
  facet normal -0.881995 0.471259 0
    outer loop
      vertex -22.2528 22.3666 2
      vertex -22.1142 22.626 10
      vertex -22.1142 22.626 2
    endloop
  endfacet
  facet normal -0.881995 0.471259 0
    outer loop
      vertex -22.1142 22.626 10
      vertex -22.2528 22.3666 2
      vertex -22.2528 22.3666 10
    endloop
  endfacet
  facet normal -0.0979545 0.995191 0
    outer loop
      vertex -23.2074 21.7288 2
      vertex -23.5 21.7 10
      vertex -23.2074 21.7288 10
    endloop
  endfacet
  facet normal -0.0979545 0.995191 0
    outer loop
      vertex -23.5 21.7 10
      vertex -23.2074 21.7288 2
      vertex -23.5 21.7 2
    endloop
  endfacet
  facet normal 0.471259 0.881995 -0
    outer loop
      vertex -24.074 21.8142 2
      vertex -24.3334 21.9528 10
      vertex -24.074 21.8142 10
    endloop
  endfacet
  facet normal 0.471259 0.881995 0
    outer loop
      vertex -24.3334 21.9528 10
      vertex -24.074 21.8142 2
      vertex -24.3334 21.9528 2
    endloop
  endfacet
  facet normal -0.773078 0.634311 0
    outer loop
      vertex -22.4393 22.1393 2
      vertex -22.2528 22.3666 10
      vertex -22.2528 22.3666 2
    endloop
  endfacet
  facet normal -0.773078 0.634311 0
    outer loop
      vertex -22.2528 22.3666 10
      vertex -22.4393 22.1393 2
      vertex -22.4393 22.1393 10
    endloop
  endfacet
  facet normal -0.634311 0.773078 0
    outer loop
      vertex -22.4393 22.1393 2
      vertex -22.6666 21.9528 10
      vertex -22.4393 22.1393 10
    endloop
  endfacet
  facet normal -0.634311 0.773078 0
    outer loop
      vertex -22.6666 21.9528 10
      vertex -22.4393 22.1393 2
      vertex -22.6666 21.9528 2
    endloop
  endfacet
  facet normal 0.773078 -0.634311 0
    outer loop
      vertex -24.7472 24.0334 10
      vertex -24.5607 24.2607 2
      vertex -24.5607 24.2607 10
    endloop
  endfacet
  facet normal 0.773078 -0.634311 0
    outer loop
      vertex -24.5607 24.2607 2
      vertex -24.7472 24.0334 10
      vertex -24.7472 24.0334 2
    endloop
  endfacet
  facet normal -0.290404 -0.956904 0
    outer loop
      vertex -23.2074 24.6712 2
      vertex -22.926 24.5858 10
      vertex -23.2074 24.6712 10
    endloop
  endfacet
  facet normal -0.290404 -0.956904 -0
    outer loop
      vertex -22.926 24.5858 10
      vertex -23.2074 24.6712 2
      vertex -22.926 24.5858 2
    endloop
  endfacet
  facet normal 0.634311 -0.773078 0
    outer loop
      vertex -24.5607 24.2607 2
      vertex -24.3334 24.4472 10
      vertex -24.5607 24.2607 10
    endloop
  endfacet
  facet normal 0.634311 -0.773078 0
    outer loop
      vertex -24.3334 24.4472 10
      vertex -24.5607 24.2607 2
      vertex -24.3334 24.4472 2
    endloop
  endfacet
  facet normal 0.0979545 -0.995191 0
    outer loop
      vertex -23.7926 24.6712 2
      vertex -23.5 24.7 10
      vertex -23.7926 24.6712 10
    endloop
  endfacet
  facet normal 0.0979545 -0.995191 0
    outer loop
      vertex -23.5 24.7 10
      vertex -23.7926 24.6712 2
      vertex -23.5 24.7 2
    endloop
  endfacet
  facet normal 0.290404 -0.956904 0
    outer loop
      vertex -24.074 24.5858 2
      vertex -23.7926 24.6712 10
      vertex -24.074 24.5858 10
    endloop
  endfacet
  facet normal 0.290404 -0.956904 0
    outer loop
      vertex -23.7926 24.6712 10
      vertex -24.074 24.5858 2
      vertex -23.7926 24.6712 2
    endloop
  endfacet
  facet normal 0.773078 0.634311 0
    outer loop
      vertex -24.5607 22.1393 10
      vertex -24.7472 22.3666 2
      vertex -24.7472 22.3666 10
    endloop
  endfacet
  facet normal 0.773078 0.634311 0
    outer loop
      vertex -24.7472 22.3666 2
      vertex -24.5607 22.1393 10
      vertex -24.5607 22.1393 2
    endloop
  endfacet
  facet normal 0.0979545 0.995191 -0
    outer loop
      vertex -23.5 21.7 2
      vertex -23.7926 21.7288 10
      vertex -23.5 21.7 10
    endloop
  endfacet
  facet normal 0.0979545 0.995191 0
    outer loop
      vertex -23.7926 21.7288 10
      vertex -23.5 21.7 2
      vertex -23.7926 21.7288 2
    endloop
  endfacet
  facet normal 0.290404 0.956904 -0
    outer loop
      vertex -23.7926 21.7288 2
      vertex -24.074 21.8142 10
      vertex -23.7926 21.7288 10
    endloop
  endfacet
  facet normal 0.290404 0.956904 0
    outer loop
      vertex -24.074 21.8142 10
      vertex -23.7926 21.7288 2
      vertex -24.074 21.8142 2
    endloop
  endfacet
  facet normal 0.995191 0.0979545 0
    outer loop
      vertex -24.9712 22.9074 10
      vertex -25 23.2 2
      vertex -25 23.2 10
    endloop
  endfacet
  facet normal 0.995191 0.0979545 0
    outer loop
      vertex -25 23.2 2
      vertex -24.9712 22.9074 10
      vertex -24.9712 22.9074 2
    endloop
  endfacet
  facet normal 0.634311 0.773078 -0
    outer loop
      vertex -24.3334 21.9528 2
      vertex -24.5607 22.1393 10
      vertex -24.3334 21.9528 10
    endloop
  endfacet
  facet normal 0.634311 0.773078 0
    outer loop
      vertex -24.5607 22.1393 10
      vertex -24.3334 21.9528 2
      vertex -24.5607 22.1393 2
    endloop
  endfacet
  facet normal -0.290404 0.956904 0
    outer loop
      vertex -22.926 21.8142 2
      vertex -23.2074 21.7288 10
      vertex -22.926 21.8142 10
    endloop
  endfacet
  facet normal -0.290404 0.956904 0
    outer loop
      vertex -23.2074 21.7288 10
      vertex -22.926 21.8142 2
      vertex -23.2074 21.7288 2
    endloop
  endfacet
  facet normal 0.956904 -0.290404 0
    outer loop
      vertex -24.9712 23.4926 10
      vertex -24.8858 23.774 2
      vertex -24.8858 23.774 10
    endloop
  endfacet
  facet normal 0.956904 -0.290404 0
    outer loop
      vertex -24.8858 23.774 2
      vertex -24.9712 23.4926 10
      vertex -24.9712 23.4926 2
    endloop
  endfacet
  facet normal 0.995191 -0.0979545 0
    outer loop
      vertex -25 23.2 10
      vertex -24.9712 23.4926 2
      vertex -24.9712 23.4926 10
    endloop
  endfacet
  facet normal 0.995191 -0.0979545 0
    outer loop
      vertex -24.9712 23.4926 2
      vertex -25 23.2 10
      vertex -25 23.2 2
    endloop
  endfacet
  facet normal -1 0 0
    outer loop
      vertex 33.5 -0.9 0.4
      vertex 33.5 20.1 2
      vertex 33.5 20.1 0.4
    endloop
  endfacet
  facet normal -1 -0 0
    outer loop
      vertex 33.5 20.1 2
      vertex 33.5 -0.9 0.4
      vertex 33.5 -0.9 2
    endloop
  endfacet
  facet normal 0 0 1
    outer loop
      vertex 33.5 20.1 0.4
      vertex 28 18.3 0.4
      vertex 33.5 -0.9 0.4
    endloop
  endfacet
  facet normal 0 0 1
    outer loop
      vertex 33.5 20.1 0.4
      vertex -28 18.3 0.4
      vertex 28 18.3 0.4
    endloop
  endfacet
  facet normal 0 0 1
    outer loop
      vertex -28 18.3 0.4
      vertex -33.5 20.1 0.4
      vertex -28 0.9 0.4
    endloop
  endfacet
  facet normal -0 0 1
    outer loop
      vertex -33.5 20.1 0.4
      vertex -28 18.3 0.4
      vertex 33.5 20.1 0.4
    endloop
  endfacet
  facet normal -0 0 1
    outer loop
      vertex 28 0.9 0.4
      vertex 33.5 -0.9 0.4
      vertex 28 18.3 0.4
    endloop
  endfacet
  facet normal -0 0 1
    outer loop
      vertex -28 0.9 0.4
      vertex 33.5 -0.9 0.4
      vertex 28 0.9 0.4
    endloop
  endfacet
  facet normal 0 0 1
    outer loop
      vertex -28 0.9 0.4
      vertex -33.5 -0.9 0.4
      vertex 33.5 -0.9 0.4
    endloop
  endfacet
  facet normal 0 0 1
    outer loop
      vertex -33.5 -0.9 0.4
      vertex -28 0.9 0.4
      vertex -33.5 20.1 0.4
    endloop
  endfacet
  facet normal 1 -0 0
    outer loop
      vertex -33.5 -0.9 2
      vertex -33.5 20.1 0.4
      vertex -33.5 20.1 2
    endloop
  endfacet
  facet normal 1 0 0
    outer loop
      vertex -33.5 20.1 0.4
      vertex -33.5 -0.9 2
      vertex -33.5 -0.9 0.4
    endloop
  endfacet
  facet normal 0 -1 0
    outer loop
      vertex 8.25 20.1 9.4
      vertex 8.25 20.1 8.4
      vertex 9.25 20.1 9.4
    endloop
  endfacet
  facet normal 0 -1 0
    outer loop
      vertex 9.25 20.1 10.2937
      vertex 9.24693 20.1 11.6017
      vertex 8.60414 20.1 10.8356
    endloop
  endfacet
  facet normal 0 -1 0
    outer loop
      vertex 9.24693 20.1 11.6017
      vertex 9.25 20.1 10.2937
      vertex 9.96397 20.1 11
    endloop
  endfacet
  facet normal 0 -1 0
    outer loop
      vertex 9.25 20.1 9.4
      vertex 9.96397 20.1 11
      vertex 9.25 20.1 10.2937
    endloop
  endfacet
  facet normal 0 -1 -0
    outer loop
      vertex 9.96397 20.1 11
      vertex 9.25 20.1 9.4
      vertex 11.25 20.1 11
    endloop
  endfacet
  facet normal 0 -1 0
    outer loop
      vertex 9.25 20.1 7.61739
      vertex 9.25 20.1 9.4
      vertex 8.25 20.1 8.4
    endloop
  endfacet
  facet normal 0 -1 0
    outer loop
      vertex 9.25 20.1 9.4
      vertex 9.25 20.1 7.61739
      vertex 11.25 20.1 11
    endloop
  endfacet
  facet normal 0 -1 0
    outer loop
      vertex 11.25 20.1 2
      vertex 9.25 20.1 7.61739
      vertex 9.25 20.1 2
    endloop
  endfacet
  facet normal 0 -1 0
    outer loop
      vertex 9.25 20.1 7.61739
      vertex 11.25 20.1 2
      vertex 11.25 20.1 11
    endloop
  endfacet
  facet normal 0 -1 0
    outer loop
      vertex -33.5 20.1 0.4
      vertex -23.7031 20.1 2
      vertex -33.5 20.1 2
    endloop
  endfacet
  facet normal 0 -1 -0
    outer loop
      vertex -23.7031 20.1 2
      vertex -33.5 20.1 0.4
      vertex -23.2969 20.1 2
    endloop
  endfacet
  facet normal 0 -1 -0
    outer loop
      vertex -23.2969 20.1 2
      vertex -33.5 20.1 0.4
      vertex -11.25 20.1 2
    endloop
  endfacet
  facet normal 0 -1 -0
    outer loop
      vertex -11.25 20.1 2
      vertex -33.5 20.1 0.4
      vertex -9.25 20.1 2
    endloop
  endfacet
  facet normal 0 -1 -0
    outer loop
      vertex -9.25 20.1 2
      vertex -33.5 20.1 0.4
      vertex 9.25 20.1 2
    endloop
  endfacet
  facet normal 0 -1 0
    outer loop
      vertex 33.5 20.1 0.4
      vertex 9.25 20.1 2
      vertex -33.5 20.1 0.4
    endloop
  endfacet
  facet normal 0 -1 0
    outer loop
      vertex 9.25 20.1 2
      vertex 33.5 20.1 0.4
      vertex 11.25 20.1 2
    endloop
  endfacet
  facet normal 0 -1 0
    outer loop
      vertex 11.25 20.1 2
      vertex 33.5 20.1 0.4
      vertex 23.2969 20.1 2
    endloop
  endfacet
  facet normal 0 -1 0
    outer loop
      vertex 23.2969 20.1 2
      vertex 33.5 20.1 0.4
      vertex 23.7031 20.1 2
    endloop
  endfacet
  facet normal 0 -1 0
    outer loop
      vertex 23.7031 20.1 2
      vertex 33.5 20.1 0.4
      vertex 33.5 20.1 2
    endloop
  endfacet
  facet normal 0 -1 0
    outer loop
      vertex -23.7031 20.1 2
      vertex -23.2969 20.1 10
      vertex -23.7031 20.1 10
    endloop
  endfacet
  facet normal 0 -1 -0
    outer loop
      vertex -23.2969 20.1 10
      vertex -23.7031 20.1 2
      vertex -23.2969 20.1 2
    endloop
  endfacet
  facet normal 0 -1 0
    outer loop
      vertex -9.25 20.1 9.4
      vertex -9.96397 20.1 11
      vertex -11.25 20.1 11
    endloop
  endfacet
  facet normal 0 -1 0
    outer loop
      vertex -9.96397 20.1 11
      vertex -9.25 20.1 10.2937
      vertex -8.60414 20.1 10.8356
    endloop
  endfacet
  facet normal 0 -1 0
    outer loop
      vertex -9.96397 20.1 11
      vertex -9.25 20.1 9.4
      vertex -9.25 20.1 10.2937
    endloop
  endfacet
  facet normal 0 -1 0
    outer loop
      vertex -9.25 20.1 9.4
      vertex -8.25 20.1 8.4
      vertex -8.25 20.1 9.4
    endloop
  endfacet
  facet normal 0 -1 0
    outer loop
      vertex -9.25 20.1 7.61739
      vertex -9.25 20.1 9.4
      vertex -11.25 20.1 11
    endloop
  endfacet
  facet normal 0 -1 0
    outer loop
      vertex -9.25 20.1 9.4
      vertex -9.25 20.1 7.61739
      vertex -8.25 20.1 8.4
    endloop
  endfacet
  facet normal 0 -1 0
    outer loop
      vertex -11.25 20.1 2
      vertex -9.25 20.1 7.61739
      vertex -11.25 20.1 11
    endloop
  endfacet
  facet normal 0 -1 -0
    outer loop
      vertex -9.25 20.1 7.61739
      vertex -11.25 20.1 2
      vertex -9.25 20.1 2
    endloop
  endfacet
  facet normal 0 -1 -0
    outer loop
      vertex -9.24693 20.1 11.6017
      vertex -9.96397 20.1 11
      vertex -8.60414 20.1 10.8356
    endloop
  endfacet
  facet normal 0 -1 0
    outer loop
      vertex 23.2969 20.1 2
      vertex 23.7031 20.1 10
      vertex 23.2969 20.1 10
    endloop
  endfacet
  facet normal 0 -1 -0
    outer loop
      vertex 23.7031 20.1 10
      vertex 23.2969 20.1 2
      vertex 23.7031 20.1 2
    endloop
  endfacet
  facet normal 0 1 -0
    outer loop
      vertex 33.5 -0.9 0.4
      vertex -33.5 -0.9 2
      vertex 33.5 -0.9 2
    endloop
  endfacet
  facet normal 0 1 0
    outer loop
      vertex -33.5 -0.9 2
      vertex 33.5 -0.9 0.4
      vertex -33.5 -0.9 0.4
    endloop
  endfacet
  facet normal -1 0 0
    outer loop
      vertex 28 0.9 0
      vertex 28 18.3 0.4
      vertex 28 18.3 0
    endloop
  endfacet
  facet normal -1 -0 0
    outer loop
      vertex 28 18.3 0.4
      vertex 28 0.9 0
      vertex 28 0.9 0.4
    endloop
  endfacet
  facet normal 1 -0 0
    outer loop
      vertex -28 0.9 0.4
      vertex -28 18.3 0
      vertex -28 18.3 0.4
    endloop
  endfacet
  facet normal 1 0 0
    outer loop
      vertex -28 18.3 0
      vertex -28 0.9 0.4
      vertex -28 0.9 0
    endloop
  endfacet
  facet normal 0 -1 0
    outer loop
      vertex -28 18.3 0
      vertex 28 18.3 0.4
      vertex -28 18.3 0.4
    endloop
  endfacet
  facet normal 0 -1 -0
    outer loop
      vertex 28 18.3 0.4
      vertex -28 18.3 0
      vertex 28 18.3 0
    endloop
  endfacet
  facet normal 0 1 -0
    outer loop
      vertex 28 0.9 0
      vertex -28 0.9 0.4
      vertex 28 0.9 0.4
    endloop
  endfacet
  facet normal 0 1 0
    outer loop
      vertex -28 0.9 0.4
      vertex 28 0.9 0
      vertex -28 0.9 0
    endloop
  endfacet
  facet normal -0.941532 0 0.336925
    outer loop
      vertex 4.60918 35.8531 7.79204
      vertex 4.65161 37.7142 7.91061
      vertex 4.60918 37.7189 7.79204
    endloop
  endfacet
  facet normal -0.941571 7.88659e-06 0.336815
    outer loop
      vertex 4.65161 37.7142 7.91061
      vertex 4.60918 35.8531 7.79204
      vertex 4.67034 37.7117 7.96297
    endloop
  endfacet
  facet normal -0.941544 0 0.336891
    outer loop
      vertex 4.67034 37.7117 7.96297
      vertex 4.60918 35.8531 7.79204
      vertex 4.67034 35.8448 7.96297
    endloop
  endfacet
  facet normal 0.671553 0 -0.740956
    outer loop
      vertex -4.20815 37.7634 9.80815
      vertex -4.07363 35.9171 9.93007
      vertex -4.20815 35.9022 9.80815
    endloop
  endfacet
  facet normal 0.671553 0 -0.740956
    outer loop
      vertex -4.07363 35.9171 9.93007
      vertex -4.20815 37.7634 9.80815
      vertex -4.07363 37.7783 9.93007
    endloop
  endfacet
  facet normal 0.857755 0 0.514058
    outer loop
      vertex -4.53155 37.7275 7.62792
      vertex -4.43822 35.8764 7.47219
      vertex -4.43822 37.7379 7.47219
    endloop
  endfacet
  facet normal 0.857755 0 0.514058
    outer loop
      vertex -4.43822 35.8764 7.47219
      vertex -4.53155 37.7275 7.62792
      vertex -4.53155 35.8637 7.62792
    endloop
  endfacet
  facet normal -0.998795 0 -0.0490777
    outer loop
      vertex 4.75 37.7009 8.5
      vertex 4.74109 35.8352 8.68133
      vertex 4.74109 37.7021 8.68133
    endloop
  endfacet
  facet normal -0.998795 0 -0.0490777
    outer loop
      vertex 4.74109 35.8352 8.68133
      vertex 4.75 37.7009 8.5
      vertex 4.75 35.834 8.5
    endloop
  endfacet
  facet normal 0.0490228 0 -0.998798
    outer loop
      vertex -3.08133 37.8724 10.3411
      vertex -2.9 36.0313 10.35
      vertex -3.08133 36.0157 10.3411
    endloop
  endfacet
  facet normal 0.0490228 0 -0.998798
    outer loop
      vertex -2.9 36.0313 10.35
      vertex -3.08133 37.8724 10.3411
      vertex -2.9 37.888 10.35
    endloop
  endfacet
  facet normal 0.146517 0 -0.989208
    outer loop
      vertex -3.26092 37.857 10.3145
      vertex -3.08133 36.0157 10.3411
      vertex -3.26092 36.0002 10.3145
    endloop
  endfacet
  facet normal 0.146517 0 -0.989208
    outer loop
      vertex -3.08133 36.0157 10.3411
      vertex -3.26092 37.857 10.3145
      vertex -3.08133 37.8724 10.3411
    endloop
  endfacet
  facet normal 0.671553 0 0.740956
    outer loop
      vertex -4.20815 37.7634 7.19185
      vertex -4.07363 35.9171 7.06993
      vertex -4.07363 37.7783 7.06993
    endloop
  endfacet
  facet normal 0.671553 0 0.740956
    outer loop
      vertex -4.07363 35.9171 7.06993
      vertex -4.20815 37.7634 7.19185
      vertex -4.20815 35.9022 7.19185
    endloop
  endfacet
  facet normal 0.336645 4.87136e-06 -0.941632
    outer loop
      vertex -3.60796 37.8271 10.2092
      vertex -3.43703 35.9851 10.2703
      vertex -3.54332 35.9759 10.2323
    endloop
  endfacet
  facet normal 0.336521 0 -0.941676
    outer loop
      vertex -3.60796 37.8271 10.2092
      vertex -3.54332 35.9759 10.2323
      vertex -3.60796 35.9688 10.2092
    endloop
  endfacet
  facet normal 0.336598 0 -0.941648
    outer loop
      vertex -3.43703 35.9851 10.2703
      vertex -3.60796 37.8271 10.2092
      vertex -3.43703 37.8418 10.2703
    endloop
  endfacet
  facet normal 0.903974 0 -0.427587
    outer loop
      vertex -4.53155 35.8637 9.37208
      vertex -4.60918 37.7189 9.20796
      vertex -4.53155 37.7275 9.37208
    endloop
  endfacet
  facet normal 0.903974 0 -0.427587
    outer loop
      vertex -4.60918 37.7189 9.20796
      vertex -4.53155 35.8637 9.37208
      vertex -4.60918 35.8531 9.20796
    endloop
  endfacet
  facet normal -0.970035 0 0.242963
    outer loop
      vertex 4.67034 35.8448 7.96297
      vertex 4.71445 37.7057 8.13908
      vertex 4.67034 37.7117 7.96297
    endloop
  endfacet
  facet normal -0.970035 0 0.242963
    outer loop
      vertex 4.71445 37.7057 8.13908
      vertex 4.67034 35.8448 7.96297
      vertex 4.71445 35.8388 8.13908
    endloop
  endfacet
  facet normal -0.146517 0 -0.989208
    outer loop
      vertex 3.08133 36.0157 10.3411
      vertex 3.26092 37.857 10.3145
      vertex 3.26092 36.0002 10.3145
    endloop
  endfacet
  facet normal -0.146517 0 -0.989208
    outer loop
      vertex 3.26092 37.857 10.3145
      vertex 3.08133 36.0157 10.3411
      vertex 3.08133 37.8724 10.3411
    endloop
  endfacet
  facet normal 0.146732 0 0.989176
    outer loop
      vertex -3.26092 37.857 6.68555
      vertex -3.08133 36.0157 6.65891
      vertex -3.08133 37.8724 6.65891
    endloop
  endfacet
  facet normal 0.146732 0 0.989176
    outer loop
      vertex -3.08133 36.0157 6.65891
      vertex -3.26092 37.857 6.68555
      vertex -3.26092 36.0002 6.68555
    endloop
  endfacet
  facet normal -0.427668 8.82666e-06 0.903936
    outer loop
      vertex 3.60796 35.9688 6.79082
      vertex 3.77208 37.8118 6.86845
      vertex 3.72465 37.817 6.84601
    endloop
  endfacet
  facet normal -0.427553 0 0.90399
    outer loop
      vertex 3.60796 35.9688 6.79082
      vertex 3.72465 37.817 6.84601
      vertex 3.60796 37.8271 6.79082
    endloop
  endfacet
  facet normal -0.427587 0 0.903974
    outer loop
      vertex 3.77208 37.8118 6.86845
      vertex 3.60796 35.9688 6.79082
      vertex 3.77208 35.9506 6.86845
    endloop
  endfacet
  facet normal -0.24343 0 -0.969919
    outer loop
      vertex 3.26092 36.0002 10.3145
      vertex 3.43703 37.8418 10.2703
      vertex 3.43703 35.9851 10.2703
    endloop
  endfacet
  facet normal -0.24343 0 -0.969919
    outer loop
      vertex 3.43703 37.8418 10.2703
      vertex 3.26092 36.0002 10.3145
      vertex 3.26092 37.857 10.3145
    endloop
  endfacet
  facet normal -0.514083 0 0.857741
    outer loop
      vertex 3.77208 35.9506 6.86845
      vertex 3.9278 37.7945 6.96178
      vertex 3.77208 37.8118 6.86845
    endloop
  endfacet
  facet normal -0.514083 0 0.857741
    outer loop
      vertex 3.9278 37.7945 6.96178
      vertex 3.77208 35.9506 6.86845
      vertex 3.9278 35.9333 6.96178
    endloop
  endfacet
  facet normal 0 0 1
    outer loop
      vertex 2.65936 36.052 6.65
      vertex 2.9 37.888 6.65
      vertex 2.79545 37.897 6.65
    endloop
  endfacet
  facet normal 0 0 1
    outer loop
      vertex 2.9 37.888 6.65
      vertex 2.65936 36.052 6.65
      vertex 2.9 36.0313 6.65
    endloop
  endfacet
  facet normal 0 0 1
    outer loop
      vertex 1.86457 37.9542 6.65
      vertex 2.65936 36.052 6.65
      vertex 2.79545 37.897 6.65
    endloop
  endfacet
  facet normal 0 0 1
    outer loop
      vertex 1.86457 37.9542 6.65
      vertex 1.7738 36.1065 6.65
      vertex 2.65936 36.052 6.65
    endloop
  endfacet
  facet normal 0 0 1
    outer loop
      vertex 0.932567 37.9886 6.65
      vertex 1.7738 36.1065 6.65
      vertex 1.86457 37.9542 6.65
    endloop
  endfacet
  facet normal 0 0 1
    outer loop
      vertex 0.932567 37.9886 6.65
      vertex 0.887165 36.1391 6.65
      vertex 1.7738 36.1065 6.65
    endloop
  endfacet
  facet normal 0 0 1
    outer loop
      vertex 0 38 6.65
      vertex 0.887165 36.1391 6.65
      vertex 0.932567 37.9886 6.65
    endloop
  endfacet
  facet normal 0 0 1
    outer loop
      vertex 0 38 6.65
      vertex 0 36.15 6.65
      vertex 0.887165 36.1391 6.65
    endloop
  endfacet
  facet normal 0 0 1
    outer loop
      vertex 0 38 6.65
      vertex -0.887165 36.1391 6.65
      vertex 0 36.15 6.65
    endloop
  endfacet
  facet normal -0 0 1
    outer loop
      vertex -0.932567 37.9886 6.65
      vertex -0.887165 36.1391 6.65
      vertex 0 38 6.65
    endloop
  endfacet
  facet normal 0 0 1
    outer loop
      vertex -0.932567 37.9886 6.65
      vertex -1.7738 36.1065 6.65
      vertex -0.887165 36.1391 6.65
    endloop
  endfacet
  facet normal -0 0 1
    outer loop
      vertex -1.86457 37.9542 6.65
      vertex -1.7738 36.1065 6.65
      vertex -0.932567 37.9886 6.65
    endloop
  endfacet
  facet normal 0 0 1
    outer loop
      vertex -1.86457 37.9542 6.65
      vertex -2.65936 36.052 6.65
      vertex -1.7738 36.1065 6.65
    endloop
  endfacet
  facet normal -0 0 1
    outer loop
      vertex -2.79545 37.897 6.65
      vertex -2.65936 36.052 6.65
      vertex -1.86457 37.9542 6.65
    endloop
  endfacet
  facet normal -0 0 1
    outer loop
      vertex -2.9 37.888 6.65
      vertex -2.65936 36.052 6.65
      vertex -2.79545 37.897 6.65
    endloop
  endfacet
  facet normal 0 0 1
    outer loop
      vertex -2.65936 36.052 6.65
      vertex -2.9 37.888 6.65
      vertex -2.9 36.0313 6.65
    endloop
  endfacet
  facet normal 0.989176 0 -0.146732
    outer loop
      vertex -4.71445 35.8388 8.86092
      vertex -4.74109 37.7021 8.68133
      vertex -4.71445 37.7057 8.86092
    endloop
  endfacet
  facet normal 0.989176 0 -0.146732
    outer loop
      vertex -4.74109 37.7021 8.68133
      vertex -4.71445 35.8388 8.86092
      vertex -4.74109 35.8352 8.68133
    endloop
  endfacet
  facet normal -0.336908 0 0.941537
    outer loop
      vertex 3.60796 37.8271 6.79082
      vertex 3.54332 35.9759 6.76769
      vertex 3.60796 35.9688 6.79082
    endloop
  endfacet
  facet normal -0.336891 0 0.941544
    outer loop
      vertex 3.43703 35.9851 6.72966
      vertex 3.60796 37.8271 6.79082
      vertex 3.43703 37.8418 6.72966
    endloop
  endfacet
  facet normal -0.336881 -1.09011e-06 0.941547
    outer loop
      vertex 3.60796 37.8271 6.79082
      vertex 3.43703 35.9851 6.72966
      vertex 3.54332 35.9759 6.76769
    endloop
  endfacet
  facet normal -0.0490228 0 -0.998798
    outer loop
      vertex 2.9 36.0313 10.35
      vertex 3.08133 37.8724 10.3411
      vertex 3.08133 36.0157 10.3411
    endloop
  endfacet
  facet normal -0.0490228 0 -0.998798
    outer loop
      vertex 3.08133 37.8724 10.3411
      vertex 2.9 36.0313 10.35
      vertex 2.9 37.888 10.35
    endloop
  endfacet
  facet normal 0.595682 0 0.80322
    outer loop
      vertex -4.07363 37.7783 7.06993
      vertex -3.9278 35.9333 6.96178
      vertex -3.9278 37.7945 6.96178
    endloop
  endfacet
  facet normal 0.595682 0 0.80322
    outer loop
      vertex -3.9278 35.9333 6.96178
      vertex -4.07363 37.7783 7.06993
      vertex -4.07363 35.9171 7.06993
    endloop
  endfacet
  facet normal -0.146732 0 0.989176
    outer loop
      vertex 3.08133 36.0157 6.65891
      vertex 3.26092 37.857 6.68555
      vertex 3.08133 37.8724 6.65891
    endloop
  endfacet
  facet normal -0.146732 0 0.989176
    outer loop
      vertex 3.26092 37.857 6.68555
      vertex 3.08133 36.0157 6.65891
      vertex 3.26092 36.0002 6.68555
    endloop
  endfacet
  facet normal 0.857741 0 -0.514083
    outer loop
      vertex -4.43822 35.8764 9.5278
      vertex -4.53155 37.7275 9.37208
      vertex -4.43822 37.7379 9.5278
    endloop
  endfacet
  facet normal 0.857741 0 -0.514083
    outer loop
      vertex -4.53155 37.7275 9.37208
      vertex -4.43822 35.8764 9.5278
      vertex -4.53155 35.8637 9.37208
    endloop
  endfacet
  facet normal 0.941571 7.88659e-06 0.336815
    outer loop
      vertex -4.60918 35.8531 7.79204
      vertex -4.65161 37.7142 7.91061
      vertex -4.67034 37.7117 7.96297
    endloop
  endfacet
  facet normal 0.941532 0 0.336925
    outer loop
      vertex -4.65161 37.7142 7.91061
      vertex -4.60918 35.8531 7.79204
      vertex -4.60918 37.7189 7.79204
    endloop
  endfacet
  facet normal 0.941544 0 0.336891
    outer loop
      vertex -4.60918 35.8531 7.79204
      vertex -4.67034 37.7117 7.96297
      vertex -4.67034 35.8448 7.96297
    endloop
  endfacet
  facet normal -0.970035 0 -0.242963
    outer loop
      vertex 4.71445 37.7057 8.86092
      vertex 4.67034 35.8448 9.03703
      vertex 4.67034 37.7117 9.03703
    endloop
  endfacet
  facet normal -0.970035 0 -0.242963
    outer loop
      vertex 4.67034 35.8448 9.03703
      vertex 4.71445 37.7057 8.86092
      vertex 4.71445 35.8388 8.86092
    endloop
  endfacet
  facet normal 0 0 -1
    outer loop
      vertex 2.65936 36.052 10.35
      vertex 2.9 37.888 10.35
      vertex 2.9 36.0313 10.35
    endloop
  endfacet
  facet normal -0 0 -1
    outer loop
      vertex 2.9 37.888 10.35
      vertex 2.65936 36.052 10.35
      vertex 2.79545 37.897 10.35
    endloop
  endfacet
  facet normal 0 0 -1
    outer loop
      vertex 2.65936 36.052 10.35
      vertex 1.86457 37.9542 10.35
      vertex 2.79545 37.897 10.35
    endloop
  endfacet
  facet normal 0 0 -1
    outer loop
      vertex 1.7738 36.1065 10.35
      vertex 1.86457 37.9542 10.35
      vertex 2.65936 36.052 10.35
    endloop
  endfacet
  facet normal 0 0 -1
    outer loop
      vertex 1.7738 36.1065 10.35
      vertex 0.932567 37.9886 10.35
      vertex 1.86457 37.9542 10.35
    endloop
  endfacet
  facet normal 0 0 -1
    outer loop
      vertex 0.887165 36.1391 10.35
      vertex 0.932567 37.9886 10.35
      vertex 1.7738 36.1065 10.35
    endloop
  endfacet
  facet normal 0 0 -1
    outer loop
      vertex 0 36.15 10.35
      vertex 0.932567 37.9886 10.35
      vertex 0.887165 36.1391 10.35
    endloop
  endfacet
  facet normal 0 0 -1
    outer loop
      vertex 0 36.15 10.35
      vertex 0 38 10.35
      vertex 0.932567 37.9886 10.35
    endloop
  endfacet
  facet normal 0 0 -1
    outer loop
      vertex -0.887165 36.1391 10.35
      vertex 0 38 10.35
      vertex 0 36.15 10.35
    endloop
  endfacet
  facet normal 0 0 -1
    outer loop
      vertex -0.887165 36.1391 10.35
      vertex -0.932567 37.9886 10.35
      vertex 0 38 10.35
    endloop
  endfacet
  facet normal 0 0 -1
    outer loop
      vertex -1.7738 36.1065 10.35
      vertex -0.932567 37.9886 10.35
      vertex -0.887165 36.1391 10.35
    endloop
  endfacet
  facet normal 0 0 -1
    outer loop
      vertex -1.7738 36.1065 10.35
      vertex -1.86457 37.9542 10.35
      vertex -0.932567 37.9886 10.35
    endloop
  endfacet
  facet normal 0 0 -1
    outer loop
      vertex -2.65936 36.052 10.35
      vertex -1.86457 37.9542 10.35
      vertex -1.7738 36.1065 10.35
    endloop
  endfacet
  facet normal 0 0 -1
    outer loop
      vertex -2.65936 36.052 10.35
      vertex -2.79545 37.897 10.35
      vertex -1.86457 37.9542 10.35
    endloop
  endfacet
  facet normal 0 0 -1
    outer loop
      vertex -2.9 37.888 10.35
      vertex -2.65936 36.052 10.35
      vertex -2.9 36.0313 10.35
    endloop
  endfacet
  facet normal 0 0 -1
    outer loop
      vertex -2.65936 36.052 10.35
      vertex -2.9 37.888 10.35
      vertex -2.79545 37.897 10.35
    endloop
  endfacet
  facet normal -0.427452 0 -0.904038
    outer loop
      vertex 3.60796 35.9688 10.2092
      vertex 3.77208 37.8118 10.1316
      vertex 3.77208 35.9506 10.1316
    endloop
  endfacet
  facet normal -0.427049 -4.38454e-05 -0.904228
    outer loop
      vertex 3.77208 37.8118 10.1316
      vertex 3.60796 35.9688 10.2092
      vertex 3.72465 37.817 10.154
    endloop
  endfacet
  facet normal -0.427617 0 -0.90396
    outer loop
      vertex 3.72465 37.817 10.154
      vertex 3.60796 35.9688 10.2092
      vertex 3.60796 37.8271 10.2092
    endloop
  endfacet
  facet normal 0.24343 0 -0.969919
    outer loop
      vertex -3.43703 37.8418 10.2703
      vertex -3.26092 36.0002 10.3145
      vertex -3.43703 35.9851 10.2703
    endloop
  endfacet
  facet normal 0.24343 0 -0.969919
    outer loop
      vertex -3.26092 36.0002 10.3145
      vertex -3.43703 37.8418 10.2703
      vertex -3.26092 37.857 10.3145
    endloop
  endfacet
  facet normal 0.427617 0 -0.90396
    outer loop
      vertex -3.60796 35.9688 10.2092
      vertex -3.72465 37.817 10.154
      vertex -3.60796 37.8271 10.2092
    endloop
  endfacet
  facet normal 0.427452 0 -0.904038
    outer loop
      vertex -3.77208 37.8118 10.1316
      vertex -3.60796 35.9688 10.2092
      vertex -3.77208 35.9506 10.1316
    endloop
  endfacet
  facet normal 0.427049 -4.38454e-05 -0.904228
    outer loop
      vertex -3.60796 35.9688 10.2092
      vertex -3.77208 37.8118 10.1316
      vertex -3.72465 37.817 10.154
    endloop
  endfacet
  facet normal -0.740956 0 0.671553
    outer loop
      vertex 4.20815 35.9022 7.19185
      vertex 4.33007 37.7499 7.32637
      vertex 4.20815 37.7634 7.19185
    endloop
  endfacet
  facet normal -0.740956 0 0.671553
    outer loop
      vertex 4.33007 37.7499 7.32637
      vertex 4.20815 35.9022 7.19185
      vertex 4.33007 35.8887 7.32637
    endloop
  endfacet
  facet normal -0.857741 0 -0.514083
    outer loop
      vertex 4.53155 37.7275 9.37208
      vertex 4.43822 35.8764 9.5278
      vertex 4.43822 37.7379 9.5278
    endloop
  endfacet
  facet normal -0.857741 0 -0.514083
    outer loop
      vertex 4.43822 35.8764 9.5278
      vertex 4.53155 37.7275 9.37208
      vertex 4.53155 35.8637 9.37208
    endloop
  endfacet
  facet normal 0.970035 0 0.242963
    outer loop
      vertex -4.71445 37.7057 8.13908
      vertex -4.67034 35.8448 7.96297
      vertex -4.67034 37.7117 7.96297
    endloop
  endfacet
  facet normal 0.970035 0 0.242963
    outer loop
      vertex -4.67034 35.8448 7.96297
      vertex -4.71445 37.7057 8.13908
      vertex -4.71445 35.8388 8.13908
    endloop
  endfacet
  facet normal 0.595611 0 -0.803273
    outer loop
      vertex -4.07363 37.7783 9.93007
      vertex -3.9278 35.9333 10.0382
      vertex -4.07363 35.9171 9.93007
    endloop
  endfacet
  facet normal 0.595611 0 -0.803273
    outer loop
      vertex -3.9278 35.9333 10.0382
      vertex -4.07363 37.7783 9.93007
      vertex -3.9278 37.7945 10.0382
    endloop
  endfacet
  facet normal -0.857755 0 0.514058
    outer loop
      vertex 4.43822 35.8764 7.47219
      vertex 4.53155 37.7275 7.62792
      vertex 4.43822 37.7379 7.47219
    endloop
  endfacet
  facet normal -0.857755 0 0.514058
    outer loop
      vertex 4.53155 37.7275 7.62792
      vertex 4.43822 35.8764 7.47219
      vertex 4.53155 35.8637 7.62792
    endloop
  endfacet
  facet normal 0.427553 0 0.90399
    outer loop
      vertex -3.72465 37.817 6.84601
      vertex -3.60796 35.9688 6.79082
      vertex -3.60796 37.8271 6.79082
    endloop
  endfacet
  facet normal 0.427668 8.82666e-06 0.903936
    outer loop
      vertex -3.77208 37.8118 6.86845
      vertex -3.60796 35.9688 6.79082
      vertex -3.72465 37.817 6.84601
    endloop
  endfacet
  facet normal 0.427587 0 0.903974
    outer loop
      vertex -3.60796 35.9688 6.79082
      vertex -3.77208 37.8118 6.86845
      vertex -3.77208 35.9506 6.86845
    endloop
  endfacet
  facet normal 0.941541 0 -0.3369
    outer loop
      vertex -4.60918 35.8531 9.20796
      vertex -4.65161 37.7142 9.08938
      vertex -4.60918 37.7189 9.20796
    endloop
  endfacet
  facet normal 0.94155 1.99534e-06 -0.336872
    outer loop
      vertex -4.65161 37.7142 9.08938
      vertex -4.60918 35.8531 9.20796
      vertex -4.67034 37.7117 9.03703
    endloop
  endfacet
  facet normal 0.941544 0 -0.336891
    outer loop
      vertex -4.67034 37.7117 9.03703
      vertex -4.60918 35.8531 9.20796
      vertex -4.67034 35.8448 9.03703
    endloop
  endfacet
  facet normal -0.80322 0 -0.595682
    outer loop
      vertex 4.43822 37.7379 9.5278
      vertex 4.33007 35.8887 9.67363
      vertex 4.33007 37.7499 9.67363
    endloop
  endfacet
  facet normal -0.803206 -2.31052e-06 -0.595701
    outer loop
      vertex 4.43822 37.7379 9.5278
      vertex 4.42515 35.8781 9.54543
      vertex 4.33007 35.8887 9.67363
    endloop
  endfacet
  facet normal -0.803323 0 -0.595544
    outer loop
      vertex 4.42515 35.8781 9.54543
      vertex 4.43822 37.7379 9.5278
      vertex 4.43822 35.8764 9.5278
    endloop
  endfacet
  facet normal 0.903974 0 0.427587
    outer loop
      vertex -4.60918 37.7189 7.79204
      vertex -4.53155 35.8637 7.62792
      vertex -4.53155 37.7275 7.62792
    endloop
  endfacet
  facet normal 0.903974 0 0.427587
    outer loop
      vertex -4.53155 35.8637 7.62792
      vertex -4.60918 37.7189 7.79204
      vertex -4.60918 35.8531 7.79204
    endloop
  endfacet
  facet normal 0.989176 0 0.146732
    outer loop
      vertex -4.74109 37.7021 8.31867
      vertex -4.71445 35.8388 8.13908
      vertex -4.71445 37.7057 8.13908
    endloop
  endfacet
  facet normal 0.989176 0 0.146732
    outer loop
      vertex -4.71445 35.8388 8.13908
      vertex -4.74109 37.7021 8.31867
      vertex -4.74109 35.8352 8.31867
    endloop
  endfacet
  facet normal 0.998795 0 0.0490777
    outer loop
      vertex -4.75 37.7009 8.5
      vertex -4.74109 35.8352 8.31867
      vertex -4.74109 37.7021 8.31867
    endloop
  endfacet
  facet normal 0.998795 0 0.0490777
    outer loop
      vertex -4.74109 35.8352 8.31867
      vertex -4.75 37.7009 8.5
      vertex -4.75 35.834 8.5
    endloop
  endfacet
  facet normal -0.336521 0 -0.941676
    outer loop
      vertex 3.54332 35.9759 10.2323
      vertex 3.60796 37.8271 10.2092
      vertex 3.60796 35.9688 10.2092
    endloop
  endfacet
  facet normal -0.336645 4.87136e-06 -0.941632
    outer loop
      vertex 3.43703 35.9851 10.2703
      vertex 3.60796 37.8271 10.2092
      vertex 3.54332 35.9759 10.2323
    endloop
  endfacet
  facet normal -0.336598 0 -0.941648
    outer loop
      vertex 3.60796 37.8271 10.2092
      vertex 3.43703 35.9851 10.2703
      vertex 3.43703 37.8418 10.2703
    endloop
  endfacet
  facet normal 0.514366 0 -0.857571
    outer loop
      vertex -3.9278 37.7945 10.0382
      vertex -3.77208 35.9506 10.1316
      vertex -3.9278 35.9333 10.0382
    endloop
  endfacet
  facet normal 0.514366 0 -0.857571
    outer loop
      vertex -3.77208 35.9506 10.1316
      vertex -3.9278 37.7945 10.0382
      vertex -3.77208 37.8118 10.1316
    endloop
  endfacet
  facet normal -0.0490777 0 0.998795
    outer loop
      vertex 2.9 36.0313 6.65
      vertex 3.08133 37.8724 6.65891
      vertex 2.9 37.888 6.65
    endloop
  endfacet
  facet normal -0.0490777 0 0.998795
    outer loop
      vertex 3.08133 37.8724 6.65891
      vertex 2.9 36.0313 6.65
      vertex 3.08133 36.0157 6.65891
    endloop
  endfacet
  facet normal -0.595611 0 -0.803273
    outer loop
      vertex 3.9278 35.9333 10.0382
      vertex 4.07363 37.7783 9.93007
      vertex 4.07363 35.9171 9.93007
    endloop
  endfacet
  facet normal -0.595611 0 -0.803273
    outer loop
      vertex 4.07363 37.7783 9.93007
      vertex 3.9278 35.9333 10.0382
      vertex 3.9278 37.7945 10.0382
    endloop
  endfacet
  facet normal 0.970035 0 -0.242963
    outer loop
      vertex -4.67034 35.8448 9.03703
      vertex -4.71445 37.7057 8.86092
      vertex -4.67034 37.7117 9.03703
    endloop
  endfacet
  facet normal 0.970035 0 -0.242963
    outer loop
      vertex -4.71445 37.7057 8.86092
      vertex -4.67034 35.8448 9.03703
      vertex -4.71445 35.8388 8.86092
    endloop
  endfacet
  facet normal 0.0490777 0 0.998795
    outer loop
      vertex -3.08133 37.8724 6.65891
      vertex -2.9 36.0313 6.65
      vertex -2.9 37.888 6.65
    endloop
  endfacet
  facet normal 0.0490777 0 0.998795
    outer loop
      vertex -2.9 36.0313 6.65
      vertex -3.08133 37.8724 6.65891
      vertex -3.08133 36.0157 6.65891
    endloop
  endfacet
  facet normal -0.514366 0 -0.857571
    outer loop
      vertex 3.77208 35.9506 10.1316
      vertex 3.9278 37.7945 10.0382
      vertex 3.9278 35.9333 10.0382
    endloop
  endfacet
  facet normal -0.514366 0 -0.857571
    outer loop
      vertex 3.9278 37.7945 10.0382
      vertex 3.77208 35.9506 10.1316
      vertex 3.77208 37.8118 10.1316
    endloop
  endfacet
  facet normal 0.803201 0 0.595708
    outer loop
      vertex -4.43822 37.7379 7.47219
      vertex -4.33007 35.8887 7.32637
      vertex -4.33007 37.7499 7.32637
    endloop
  endfacet
  facet normal 0.803206 8.90009e-07 0.595701
    outer loop
      vertex -4.43822 37.7379 7.47219
      vertex -4.42515 35.8781 7.45457
      vertex -4.33007 35.8887 7.32637
    endloop
  endfacet
  facet normal 0.803161 0 0.595762
    outer loop
      vertex -4.42515 35.8781 7.45457
      vertex -4.43822 37.7379 7.47219
      vertex -4.43822 35.8764 7.47219
    endloop
  endfacet
  facet normal -0.671553 0 -0.740956
    outer loop
      vertex 4.07363 35.9171 9.93007
      vertex 4.20815 37.7634 9.80815
      vertex 4.20815 35.9022 9.80815
    endloop
  endfacet
  facet normal -0.671553 0 -0.740956
    outer loop
      vertex 4.20815 37.7634 9.80815
      vertex 4.07363 35.9171 9.93007
      vertex 4.07363 37.7783 9.93007
    endloop
  endfacet
  facet normal 0.242963 0 0.970035
    outer loop
      vertex -3.43703 37.8418 6.72966
      vertex -3.26092 36.0002 6.68555
      vertex -3.26092 37.857 6.68555
    endloop
  endfacet
  facet normal 0.242963 0 0.970035
    outer loop
      vertex -3.26092 36.0002 6.68555
      vertex -3.43703 37.8418 6.72966
      vertex -3.43703 35.9851 6.72966
    endloop
  endfacet
  facet normal -0.671553 0 0.740956
    outer loop
      vertex 4.07363 35.9171 7.06993
      vertex 4.20815 37.7634 7.19185
      vertex 4.07363 37.7783 7.06993
    endloop
  endfacet
  facet normal -0.671553 0 0.740956
    outer loop
      vertex 4.20815 37.7634 7.19185
      vertex 4.07363 35.9171 7.06993
      vertex 4.20815 35.9022 7.19185
    endloop
  endfacet
  facet normal 0.514083 0 0.857741
    outer loop
      vertex -3.9278 37.7945 6.96178
      vertex -3.77208 35.9506 6.86845
      vertex -3.77208 37.8118 6.86845
    endloop
  endfacet
  facet normal 0.514083 0 0.857741
    outer loop
      vertex -3.77208 35.9506 6.86845
      vertex -3.9278 37.7945 6.96178
      vertex -3.9278 35.9333 6.96178
    endloop
  endfacet
  facet normal -0.740956 0 -0.671553
    outer loop
      vertex 4.33007 37.7499 9.67363
      vertex 4.20815 35.9022 9.80815
      vertex 4.20815 37.7634 9.80815
    endloop
  endfacet
  facet normal -0.740956 0 -0.671553
    outer loop
      vertex 4.20815 35.9022 9.80815
      vertex 4.33007 37.7499 9.67363
      vertex 4.33007 35.8887 9.67363
    endloop
  endfacet
  facet normal 0.336891 0 0.941544
    outer loop
      vertex -3.60796 37.8271 6.79082
      vertex -3.43703 35.9851 6.72966
      vertex -3.43703 37.8418 6.72966
    endloop
  endfacet
  facet normal 0.336881 -1.09011e-06 0.941547
    outer loop
      vertex -3.43703 35.9851 6.72966
      vertex -3.60796 37.8271 6.79082
      vertex -3.54332 35.9759 6.76769
    endloop
  endfacet
  facet normal 0.336908 0 0.941537
    outer loop
      vertex -3.54332 35.9759 6.76769
      vertex -3.60796 37.8271 6.79082
      vertex -3.60796 35.9688 6.79082
    endloop
  endfacet
  facet normal -0.989176 0 0.146732
    outer loop
      vertex 4.71445 35.8388 8.13908
      vertex 4.74109 37.7021 8.31867
      vertex 4.71445 37.7057 8.13908
    endloop
  endfacet
  facet normal -0.989176 0 0.146732
    outer loop
      vertex 4.74109 37.7021 8.31867
      vertex 4.71445 35.8388 8.13908
      vertex 4.74109 35.8352 8.31867
    endloop
  endfacet
  facet normal -0.998795 0 0.0490777
    outer loop
      vertex 4.74109 35.8352 8.31867
      vertex 4.75 37.7009 8.5
      vertex 4.74109 37.7021 8.31867
    endloop
  endfacet
  facet normal -0.998795 0 0.0490777
    outer loop
      vertex 4.75 37.7009 8.5
      vertex 4.74109 35.8352 8.31867
      vertex 4.75 35.834 8.5
    endloop
  endfacet
  facet normal 0.998795 0 -0.0490777
    outer loop
      vertex -4.74109 35.8352 8.68133
      vertex -4.75 37.7009 8.5
      vertex -4.74109 37.7021 8.68133
    endloop
  endfacet
  facet normal 0.998795 0 -0.0490777
    outer loop
      vertex -4.75 37.7009 8.5
      vertex -4.74109 35.8352 8.68133
      vertex -4.75 35.834 8.5
    endloop
  endfacet
  facet normal 0.740956 0 0.671553
    outer loop
      vertex -4.33007 37.7499 7.32637
      vertex -4.20815 35.9022 7.19185
      vertex -4.20815 37.7634 7.19185
    endloop
  endfacet
  facet normal 0.740956 0 0.671553
    outer loop
      vertex -4.20815 35.9022 7.19185
      vertex -4.33007 37.7499 7.32637
      vertex -4.33007 35.8887 7.32637
    endloop
  endfacet
  facet normal -0.903974 0 0.427587
    outer loop
      vertex 4.53155 35.8637 7.62792
      vertex 4.60918 37.7189 7.79204
      vertex 4.53155 37.7275 7.62792
    endloop
  endfacet
  facet normal -0.903974 0 0.427587
    outer loop
      vertex 4.60918 37.7189 7.79204
      vertex 4.53155 35.8637 7.62792
      vertex 4.60918 35.8531 7.79204
    endloop
  endfacet
  facet normal 0.740956 0 -0.671553
    outer loop
      vertex -4.20815 35.9022 9.80815
      vertex -4.33007 37.7499 9.67363
      vertex -4.20815 37.7634 9.80815
    endloop
  endfacet
  facet normal 0.740956 0 -0.671553
    outer loop
      vertex -4.33007 37.7499 9.67363
      vertex -4.20815 35.9022 9.80815
      vertex -4.33007 35.8887 9.67363
    endloop
  endfacet
  facet normal 0.80322 0 -0.595682
    outer loop
      vertex -4.33007 35.8887 9.67363
      vertex -4.43822 37.7379 9.5278
      vertex -4.33007 37.7499 9.67363
    endloop
  endfacet
  facet normal 0.803206 -2.31052e-06 -0.595701
    outer loop
      vertex -4.42515 35.8781 9.54543
      vertex -4.43822 37.7379 9.5278
      vertex -4.33007 35.8887 9.67363
    endloop
  endfacet
  facet normal 0.803323 0 -0.595544
    outer loop
      vertex -4.43822 37.7379 9.5278
      vertex -4.42515 35.8781 9.54543
      vertex -4.43822 35.8764 9.5278
    endloop
  endfacet
  facet normal -0.803201 0 0.595708
    outer loop
      vertex 4.33007 35.8887 7.32637
      vertex 4.43822 37.7379 7.47219
      vertex 4.33007 37.7499 7.32637
    endloop
  endfacet
  facet normal -0.803206 8.90009e-07 0.595701
    outer loop
      vertex 4.42515 35.8781 7.45457
      vertex 4.43822 37.7379 7.47219
      vertex 4.33007 35.8887 7.32637
    endloop
  endfacet
  facet normal -0.803161 0 0.595762
    outer loop
      vertex 4.43822 37.7379 7.47219
      vertex 4.42515 35.8781 7.45457
      vertex 4.43822 35.8764 7.47219
    endloop
  endfacet
  facet normal -0.242963 0 0.970035
    outer loop
      vertex 3.26092 36.0002 6.68555
      vertex 3.43703 37.8418 6.72966
      vertex 3.26092 37.857 6.68555
    endloop
  endfacet
  facet normal -0.242963 0 0.970035
    outer loop
      vertex 3.43703 37.8418 6.72966
      vertex 3.26092 36.0002 6.68555
      vertex 3.43703 35.9851 6.72966
    endloop
  endfacet
  facet normal -0.989176 0 -0.146732
    outer loop
      vertex 4.74109 37.7021 8.68133
      vertex 4.71445 35.8388 8.86092
      vertex 4.71445 37.7057 8.86092
    endloop
  endfacet
  facet normal -0.989176 0 -0.146732
    outer loop
      vertex 4.71445 35.8388 8.86092
      vertex 4.74109 37.7021 8.68133
      vertex 4.74109 35.8352 8.68133
    endloop
  endfacet
  facet normal -0.595682 0 0.80322
    outer loop
      vertex 3.9278 35.9333 6.96178
      vertex 4.07363 37.7783 7.06993
      vertex 3.9278 37.7945 6.96178
    endloop
  endfacet
  facet normal -0.595682 0 0.80322
    outer loop
      vertex 4.07363 37.7783 7.06993
      vertex 3.9278 35.9333 6.96178
      vertex 4.07363 35.9171 7.06993
    endloop
  endfacet
  facet normal -0.94155 1.99534e-06 -0.336872
    outer loop
      vertex 4.60918 35.8531 9.20796
      vertex 4.65161 37.7142 9.08938
      vertex 4.67034 37.7117 9.03703
    endloop
  endfacet
  facet normal -0.941541 0 -0.3369
    outer loop
      vertex 4.65161 37.7142 9.08938
      vertex 4.60918 35.8531 9.20796
      vertex 4.60918 37.7189 9.20796
    endloop
  endfacet
  facet normal -0.941544 0 -0.336891
    outer loop
      vertex 4.60918 35.8531 9.20796
      vertex 4.67034 37.7117 9.03703
      vertex 4.67034 35.8448 9.03703
    endloop
  endfacet
  facet normal -0.903974 0 -0.427587
    outer loop
      vertex 4.60918 37.7189 9.20796
      vertex 4.53155 35.8637 9.37208
      vertex 4.53155 37.7275 9.37208
    endloop
  endfacet
  facet normal -0.903974 0 -0.427587
    outer loop
      vertex 4.53155 35.8637 9.37208
      vertex 4.60918 37.7189 9.20796
      vertex 4.60918 35.8531 9.20796
    endloop
  endfacet
  facet normal -1 0 0
    outer loop
      vertex 7.05 -24.5 0
      vertex 7.05 -10.4 2
      vertex 7.05 -10.4 0
    endloop
  endfacet
  facet normal -1 -0 0
    outer loop
      vertex 7.05 -10.4 2
      vertex 7.05 -24.5 0
      vertex 7.05 -24.5 2
    endloop
  endfacet
  facet normal 1 -0 0
    outer loop
      vertex -7.05 -24.5 2
      vertex -7.05 -10.4 0
      vertex -7.05 -10.4 2
    endloop
  endfacet
  facet normal 1 0 0
    outer loop
      vertex -7.05 -10.4 0
      vertex -7.05 -24.5 2
      vertex -7.05 -24.5 0
    endloop
  endfacet
  facet normal 0 -1 0
    outer loop
      vertex -7.05 -10.4 0
      vertex 7.05 -10.4 2
      vertex -7.05 -10.4 2
    endloop
  endfacet
  facet normal 0 -1 -0
    outer loop
      vertex 7.05 -10.4 2
      vertex -7.05 -10.4 0
      vertex 7.05 -10.4 0
    endloop
  endfacet
  facet normal 0 1 -0
    outer loop
      vertex 7.05 -24.5 0
      vertex -7.05 -24.5 2
      vertex 7.05 -24.5 2
    endloop
  endfacet
  facet normal 0 1 0
    outer loop
      vertex -7.05 -24.5 2
      vertex 7.05 -24.5 0
      vertex -7.05 -24.5 0
    endloop
  endfacet
  facet normal 0.568075 -0.822977 0
    outer loop
      vertex -2.99404 -27.4475 0.2
      vertex -1.41842 -26.3599 2
      vertex -2.99404 -27.4475 2
    endloop
  endfacet
  facet normal 0.568075 -0.822977 0
    outer loop
      vertex -1.41842 -26.3599 2
      vertex -2.99404 -27.4475 0.2
      vertex -1.41842 -26.3599 0.2
    endloop
  endfacet
  facet normal -0.748502 -0.663132 0
    outer loop
      vertex 3.54182 -28.2411 0.2
      vertex 2.27226 -26.8081 2
      vertex 2.27226 -26.8081 0.2
    endloop
  endfacet
  facet normal -0.748502 -0.663132 0
    outer loop
      vertex 2.27226 -26.8081 2
      vertex 3.54182 -28.2411 0.2
      vertex 3.54182 -28.2411 2
    endloop
  endfacet
  facet normal -0.970942 -0.239317 0
    outer loop
      vertex 4 -30.1 0.2
      vertex 3.54182 -28.2411 2
      vertex 3.54182 -28.2411 0.2
    endloop
  endfacet
  facet normal -0.970942 -0.239317 0
    outer loop
      vertex 3.54182 -28.2411 2
      vertex 4 -30.1 0.2
      vertex 4 -30.1 2
    endloop
  endfacet
  facet normal -0.354605 -0.935016 0
    outer loop
      vertex 0.482146 -26.1292 0.2
      vertex 2.27226 -26.8081 2
      vertex 0.482146 -26.1292 2
    endloop
  endfacet
  facet normal -0.354605 -0.935016 -0
    outer loop
      vertex 2.27226 -26.8081 2
      vertex 0.482146 -26.1292 0.2
      vertex 2.27226 -26.8081 0.2
    endloop
  endfacet
  facet normal 0.1205 -0.992713 0
    outer loop
      vertex -1.41842 -26.3599 0.2
      vertex 0.482146 -26.1292 2
      vertex -1.41842 -26.3599 2
    endloop
  endfacet
  facet normal 0.1205 -0.992713 0
    outer loop
      vertex 0.482146 -26.1292 2
      vertex -1.41842 -26.3599 0.2
      vertex 0.482146 -26.1292 0.2
    endloop
  endfacet
  facet normal 0.568075 0.822977 -0
    outer loop
      vertex -1.41842 -33.8401 0.2
      vertex -2.99404 -32.7525 2
      vertex -1.41842 -33.8401 2
    endloop
  endfacet
  facet normal 0.568075 0.822977 0
    outer loop
      vertex -2.99404 -32.7525 2
      vertex -1.41842 -33.8401 0.2
      vertex -2.99404 -32.7525 0.2
    endloop
  endfacet
  facet normal 0.885452 0.464732 0
    outer loop
      vertex -2.99404 -32.7525 2
      vertex -3.88377 -31.0573 0.2
      vertex -3.88377 -31.0573 2
    endloop
  endfacet
  facet normal 0.885452 0.464732 0
    outer loop
      vertex -3.88377 -31.0573 0.2
      vertex -2.99404 -32.7525 2
      vertex -2.99404 -32.7525 0.2
    endloop
  endfacet
  facet normal 0.1205 0.992713 -0
    outer loop
      vertex 0.482146 -34.0708 0.2
      vertex -1.41842 -33.8401 2
      vertex 0.482146 -34.0708 2
    endloop
  endfacet
  facet normal 0.1205 0.992713 0
    outer loop
      vertex -1.41842 -33.8401 2
      vertex 0.482146 -34.0708 0.2
      vertex -1.41842 -33.8401 0.2
    endloop
  endfacet
  facet normal -0.354605 0.935016 0
    outer loop
      vertex 2.27226 -33.3919 0.2
      vertex 0.482146 -34.0708 2
      vertex 2.27226 -33.3919 2
    endloop
  endfacet
  facet normal -0.354605 0.935016 0
    outer loop
      vertex 0.482146 -34.0708 2
      vertex 2.27226 -33.3919 0.2
      vertex 0.482146 -34.0708 0.2
    endloop
  endfacet
  facet normal 1 -0 0
    outer loop
      vertex -3.88377 -31.0573 2
      vertex -3.88377 -29.1427 0.2
      vertex -3.88377 -29.1427 2
    endloop
  endfacet
  facet normal 1 0 0
    outer loop
      vertex -3.88377 -29.1427 0.2
      vertex -3.88377 -31.0573 2
      vertex -3.88377 -31.0573 0.2
    endloop
  endfacet
  facet normal -0.748502 0.663132 0
    outer loop
      vertex 2.27226 -33.3919 0.2
      vertex 3.54182 -31.9589 2
      vertex 3.54182 -31.9589 0.2
    endloop
  endfacet
  facet normal -0.748502 0.663132 0
    outer loop
      vertex 3.54182 -31.9589 2
      vertex 2.27226 -33.3919 0.2
      vertex 2.27226 -33.3919 2
    endloop
  endfacet
  facet normal -0.970942 0.239317 0
    outer loop
      vertex 3.54182 -31.9589 0.2
      vertex 4 -30.1 2
      vertex 4 -30.1 0.2
    endloop
  endfacet
  facet normal -0.970942 0.239317 0
    outer loop
      vertex 4 -30.1 2
      vertex 3.54182 -31.9589 0.2
      vertex 3.54182 -31.9589 2
    endloop
  endfacet
  facet normal 0 0 1
    outer loop
      vertex 3.54182 -28.2411 0.2
      vertex 3.54182 -31.9589 0.2
      vertex 4 -30.1 0.2
    endloop
  endfacet
  facet normal 0 0 1
    outer loop
      vertex 2.27226 -26.8081 0.2
      vertex 3.54182 -31.9589 0.2
      vertex 3.54182 -28.2411 0.2
    endloop
  endfacet
  facet normal 0 0 1
    outer loop
      vertex 2.27226 -26.8081 0.2
      vertex 2.27226 -33.3919 0.2
      vertex 3.54182 -31.9589 0.2
    endloop
  endfacet
  facet normal 0 0 1
    outer loop
      vertex 0.482146 -26.1292 0.2
      vertex 2.27226 -33.3919 0.2
      vertex 2.27226 -26.8081 0.2
    endloop
  endfacet
  facet normal 0 0 1
    outer loop
      vertex 0.482146 -26.1292 0.2
      vertex 0.482146 -34.0708 0.2
      vertex 2.27226 -33.3919 0.2
    endloop
  endfacet
  facet normal -0 0 1
    outer loop
      vertex -1.41842 -26.3599 0.2
      vertex 0.482146 -34.0708 0.2
      vertex 0.482146 -26.1292 0.2
    endloop
  endfacet
  facet normal 0 0 1
    outer loop
      vertex -1.41842 -26.3599 0.2
      vertex -1.41842 -33.8401 0.2
      vertex 0.482146 -34.0708 0.2
    endloop
  endfacet
  facet normal -0 0 1
    outer loop
      vertex -2.99404 -27.4475 0.2
      vertex -1.41842 -33.8401 0.2
      vertex -1.41842 -26.3599 0.2
    endloop
  endfacet
  facet normal 0 0 1
    outer loop
      vertex -2.99404 -27.4475 0.2
      vertex -2.99404 -32.7525 0.2
      vertex -1.41842 -33.8401 0.2
    endloop
  endfacet
  facet normal -0 0 1
    outer loop
      vertex -3.88377 -29.1427 0.2
      vertex -2.99404 -32.7525 0.2
      vertex -2.99404 -27.4475 0.2
    endloop
  endfacet
  facet normal 0 0 1
    outer loop
      vertex -2.99404 -32.7525 0.2
      vertex -3.88377 -29.1427 0.2
      vertex -3.88377 -31.0573 0.2
    endloop
  endfacet
  facet normal 0.885452 -0.464732 0
    outer loop
      vertex -3.88377 -29.1427 2
      vertex -2.99404 -27.4475 0.2
      vertex -2.99404 -27.4475 2
    endloop
  endfacet
  facet normal 0.885452 -0.464732 0
    outer loop
      vertex -2.99404 -27.4475 0.2
      vertex -3.88377 -29.1427 2
      vertex -3.88377 -29.1427 0.2
    endloop
  endfacet
  facet normal 0.998799 0.0489896 0
    outer loop
      vertex 34.6475 1.84709 2
      vertex 34.64 2 0
      vertex 34.64 2 2
    endloop
  endfacet
  facet normal 0.998799 0.0489896 0
    outer loop
      vertex 34.64 2 0
      vertex 34.6475 1.84709 2
      vertex 34.6475 1.84709 0
    endloop
  endfacet
  facet normal -0.989141 -0.14697 0
    outer loop
      vertex 37.7525 2.15291 0
      vertex 37.73 2.30434 2
      vertex 37.73 2.30434 0
    endloop
  endfacet
  facet normal -0.989141 -0.14697 0
    outer loop
      vertex 37.73 2.30434 2
      vertex 37.7525 2.15291 0
      vertex 37.7525 2.15291 2
    endloop
  endfacet
  facet normal -0.998799 -0.0489896 0
    outer loop
      vertex 37.76 2 0
      vertex 37.7525 2.15291 2
      vertex 37.7525 2.15291 0
    endloop
  endfacet
  facet normal -0.998799 -0.0489896 0
    outer loop
      vertex 37.7525 2.15291 2
      vertex 37.76 2 0
      vertex 37.76 2 2
    endloop
  endfacet
  facet normal -0.970027 -0.242997 0
    outer loop
      vertex 37.73 2.30434 0
      vertex 37.6928 2.45284 2
      vertex 37.6928 2.45284 0
    endloop
  endfacet
  facet normal -0.970027 -0.242997 0
    outer loop
      vertex 37.6928 2.45284 2
      vertex 37.73 2.30434 0
      vertex 37.73 2.30434 2
    endloop
  endfacet
  facet normal -0.336765 0.941589 0
    outer loop
      vertex 36.797 0.558747 0
      vertex 36.6528 0.507173 2
      vertex 36.797 0.558747 2
    endloop
  endfacet
  facet normal -0.336765 0.941589 0
    outer loop
      vertex 36.6528 0.507173 2
      vertex 36.797 0.558747 0
      vertex 36.6528 0.507173 0
    endloop
  endfacet
  facet normal 0.970027 0.242997 0
    outer loop
      vertex 34.7072 1.54716 2
      vertex 34.67 1.69566 0
      vertex 34.67 1.69566 2
    endloop
  endfacet
  facet normal 0.970027 0.242997 0
    outer loop
      vertex 34.67 1.69566 0
      vertex 34.7072 1.54716 2
      vertex 34.7072 1.54716 0
    endloop
  endfacet
  facet normal -0.427543 0.903995 0
    outer loop
      vertex 36.9354 0.624203 0
      vertex 36.797 0.558747 2
      vertex 36.9354 0.624203 2
    endloop
  endfacet
  facet normal -0.427543 0.903995 0
    outer loop
      vertex 36.797 0.558747 2
      vertex 36.9354 0.624203 0
      vertex 36.797 0.558747 0
    endloop
  endfacet
  facet normal -0.741003 -0.671501 0
    outer loop
      vertex 37.4059 2.98965 0
      vertex 37.3031 3.10309 2
      vertex 37.3031 3.10309 0
    endloop
  endfacet
  facet normal -0.741003 -0.671501 0
    outer loop
      vertex 37.3031 3.10309 2
      vertex 37.4059 2.98965 0
      vertex 37.4059 2.98965 2
    endloop
  endfacet
  facet normal 0.970027 -0.242997 0
    outer loop
      vertex 34.67 2.30434 2
      vertex 34.7072 2.45284 0
      vertex 34.7072 2.45284 2
    endloop
  endfacet
  facet normal 0.970027 -0.242997 0
    outer loop
      vertex 34.7072 2.45284 0
      vertex 34.67 2.30434 2
      vertex 34.67 2.30434 0
    endloop
  endfacet
  facet normal -0.146762 0.989172 0
    outer loop
      vertex 36.5043 0.469975 0
      vertex 36.3529 0.447512 2
      vertex 36.5043 0.469975 2
    endloop
  endfacet
  facet normal -0.146762 0.989172 0
    outer loop
      vertex 36.3529 0.447512 2
      vertex 36.5043 0.469975 0
      vertex 36.3529 0.447512 0
    endloop
  endfacet
  facet normal 0.941705 -0.33644 0
    outer loop
      vertex 34.7072 2.45284 2
      vertex 34.7587 2.59699 0
      vertex 34.7587 2.59699 2
    endloop
  endfacet
  facet normal 0.941705 -0.33644 0
    outer loop
      vertex 34.7587 2.59699 0
      vertex 34.7072 2.45284 2
      vertex 34.7072 2.45284 0
    endloop
  endfacet
  facet normal 0.514159 -0.857695 0
    outer loop
      vertex 35.3333 3.29709 0
      vertex 35.4646 3.3758 2
      vertex 35.3333 3.29709 2
    endloop
  endfacet
  facet normal 0.514159 -0.857695 0
    outer loop
      vertex 35.4646 3.3758 2
      vertex 35.3333 3.29709 0
      vertex 35.4646 3.3758 0
    endloop
  endfacet
  facet normal -0.514159 -0.857695 0
    outer loop
      vertex 36.9354 3.3758 0
      vertex 37.0667 3.29709 2
      vertex 36.9354 3.3758 2
    endloop
  endfacet
  facet normal -0.514159 -0.857695 -0
    outer loop
      vertex 37.0667 3.29709 2
      vertex 36.9354 3.3758 0
      vertex 37.0667 3.29709 0
    endloop
  endfacet
  facet normal -0.903872 -0.427803 0
    outer loop
      vertex 37.6413 2.59699 0
      vertex 37.5758 2.73538 2
      vertex 37.5758 2.73538 0
    endloop
  endfacet
  facet normal -0.903872 -0.427803 0
    outer loop
      vertex 37.5758 2.73538 2
      vertex 37.6413 2.59699 0
      vertex 37.6413 2.59699 2
    endloop
  endfacet
  facet normal -0.740994 0.671511 0
    outer loop
      vertex 37.3031 0.896913 0
      vertex 37.4059 1.01035 2
      vertex 37.4059 1.01035 0
    endloop
  endfacet
  facet normal -0.740994 0.671511 0
    outer loop
      vertex 37.4059 1.01035 2
      vertex 37.3031 0.896913 0
      vertex 37.3031 0.896913 2
    endloop
  endfacet
  facet normal 0.989141 -0.14697 0
    outer loop
      vertex 34.6475 2.15291 2
      vertex 34.67 2.30434 0
      vertex 34.67 2.30434 2
    endloop
  endfacet
  facet normal 0.989141 -0.14697 0
    outer loop
      vertex 34.67 2.30434 0
      vertex 34.6475 2.15291 2
      vertex 34.6475 2.15291 0
    endloop
  endfacet
  facet normal -0.59556 -0.803311 0
    outer loop
      vertex 37.0667 3.29709 0
      vertex 37.1897 3.2059 2
      vertex 37.0667 3.29709 2
    endloop
  endfacet
  facet normal -0.59556 -0.803311 -0
    outer loop
      vertex 37.1897 3.2059 2
      vertex 37.0667 3.29709 0
      vertex 37.1897 3.2059 0
    endloop
  endfacet
  facet normal 0.59559 0.803289 -0
    outer loop
      vertex 35.3333 0.702907 0
      vertex 35.2103 0.794104 2
      vertex 35.3333 0.702907 2
    endloop
  endfacet
  facet normal 0.59559 0.803289 0
    outer loop
      vertex 35.2103 0.794104 2
      vertex 35.3333 0.702907 0
      vertex 35.2103 0.794104 0
    endloop
  endfacet
  facet normal -0.427511 -0.90401 0
    outer loop
      vertex 36.797 3.44125 0
      vertex 36.9354 3.3758 2
      vertex 36.797 3.44125 2
    endloop
  endfacet
  facet normal -0.427511 -0.90401 -0
    outer loop
      vertex 36.9354 3.3758 2
      vertex 36.797 3.44125 0
      vertex 36.9354 3.3758 0
    endloop
  endfacet
  facet normal -0.803187 -0.595727 0
    outer loop
      vertex 37.4971 2.86669 0
      vertex 37.4059 2.98965 2
      vertex 37.4059 2.98965 0
    endloop
  endfacet
  facet normal -0.803187 -0.595727 0
    outer loop
      vertex 37.4059 2.98965 2
      vertex 37.4971 2.86669 0
      vertex 37.4971 2.86669 2
    endloop
  endfacet
  facet normal 0.671667 -0.740853 0
    outer loop
      vertex 35.0969 3.10309 0
      vertex 35.2103 3.2059 2
      vertex 35.0969 3.10309 2
    endloop
  endfacet
  facet normal 0.671667 -0.740853 0
    outer loop
      vertex 35.2103 3.2059 2
      vertex 35.0969 3.10309 0
      vertex 35.2103 3.2059 0
    endloop
  endfacet
  facet normal -0.998799 0.0489896 0
    outer loop
      vertex 37.7525 1.84709 0
      vertex 37.76 2 2
      vertex 37.76 2 0
    endloop
  endfacet
  facet normal -0.998799 0.0489896 0
    outer loop
      vertex 37.76 2 2
      vertex 37.7525 1.84709 0
      vertex 37.7525 1.84709 2
    endloop
  endfacet
  facet normal -0.671667 -0.740853 0
    outer loop
      vertex 37.1897 3.2059 0
      vertex 37.3031 3.10309 2
      vertex 37.1897 3.2059 2
    endloop
  endfacet
  facet normal -0.671667 -0.740853 -0
    outer loop
      vertex 37.3031 3.10309 2
      vertex 37.1897 3.2059 0
      vertex 37.3031 3.10309 0
    endloop
  endfacet
  facet normal -0.857741 0.514083 0
    outer loop
      vertex 37.4971 1.13331 0
      vertex 37.5758 1.26462 2
      vertex 37.5758 1.26462 0
    endloop
  endfacet
  facet normal -0.857741 0.514083 0
    outer loop
      vertex 37.5758 1.26462 2
      vertex 37.4971 1.13331 0
      vertex 37.4971 1.13331 2
    endloop
  endfacet
  facet normal 0.803187 -0.595727 0
    outer loop
      vertex 34.9029 2.86669 2
      vertex 34.9941 2.98965 0
      vertex 34.9941 2.98965 2
    endloop
  endfacet
  facet normal 0.803187 -0.595727 0
    outer loop
      vertex 34.9941 2.98965 0
      vertex 34.9029 2.86669 2
      vertex 34.9029 2.86669 0
    endloop
  endfacet
  facet normal -0.857741 -0.514083 0
    outer loop
      vertex 37.5758 2.73538 0
      vertex 37.4971 2.86669 2
      vertex 37.4971 2.86669 0
    endloop
  endfacet
  facet normal -0.857741 -0.514083 0
    outer loop
      vertex 37.4971 2.86669 2
      vertex 37.5758 2.73538 0
      vertex 37.5758 2.73538 2
    endloop
  endfacet
  facet normal 0.427543 0.903995 -0
    outer loop
      vertex 35.603 0.558747 0
      vertex 35.4646 0.624203 2
      vertex 35.603 0.558747 2
    endloop
  endfacet
  facet normal 0.427543 0.903995 0
    outer loop
      vertex 35.4646 0.624203 2
      vertex 35.603 0.558747 0
      vertex 35.4646 0.624203 0
    endloop
  endfacet
  facet normal 0.146762 0.989172 -0
    outer loop
      vertex 36.0471 0.447512 0
      vertex 35.8957 0.469975 2
      vertex 36.0471 0.447512 2
    endloop
  endfacet
  facet normal 0.146762 0.989172 0
    outer loop
      vertex 35.8957 0.469975 2
      vertex 36.0471 0.447512 0
      vertex 35.8957 0.469975 0
    endloop
  endfacet
  facet normal -0.970027 0.242997 0
    outer loop
      vertex 37.6928 1.54716 0
      vertex 37.73 1.69566 2
      vertex 37.73 1.69566 0
    endloop
  endfacet
  facet normal -0.970027 0.242997 0
    outer loop
      vertex 37.73 1.69566 2
      vertex 37.6928 1.54716 0
      vertex 37.6928 1.54716 2
    endloop
  endfacet
  facet normal -0.941705 -0.33644 0
    outer loop
      vertex 37.6928 2.45284 0
      vertex 37.6413 2.59699 2
      vertex 37.6413 2.59699 0
    endloop
  endfacet
  facet normal -0.941705 -0.33644 0
    outer loop
      vertex 37.6413 2.59699 2
      vertex 37.6928 2.45284 0
      vertex 37.6928 2.45284 2
    endloop
  endfacet
  facet normal -0.3368 -0.941576 0
    outer loop
      vertex 36.6528 3.49283 0
      vertex 36.797 3.44125 2
      vertex 36.6528 3.49283 2
    endloop
  endfacet
  facet normal -0.3368 -0.941576 -0
    outer loop
      vertex 36.797 3.44125 2
      vertex 36.6528 3.49283 0
      vertex 36.797 3.44125 0
    endloop
  endfacet
  facet normal 0.0490579 -0.998796 0
    outer loop
      vertex 36.0471 3.55249 0
      vertex 36.2 3.56 2
      vertex 36.0471 3.55249 2
    endloop
  endfacet
  facet normal 0.0490579 -0.998796 0
    outer loop
      vertex 36.2 3.56 2
      vertex 36.0471 3.55249 0
      vertex 36.2 3.56 0
    endloop
  endfacet
  facet normal 0.903872 -0.427803 0
    outer loop
      vertex 34.7587 2.59699 2
      vertex 34.8242 2.73538 0
      vertex 34.8242 2.73538 2
    endloop
  endfacet
  facet normal 0.903872 -0.427803 0
    outer loop
      vertex 34.8242 2.73538 0
      vertex 34.7587 2.59699 2
      vertex 34.7587 2.59699 0
    endloop
  endfacet
  facet normal -0.941705 0.33644 0
    outer loop
      vertex 37.6413 1.40301 0
      vertex 37.6928 1.54716 2
      vertex 37.6928 1.54716 0
    endloop
  endfacet
  facet normal -0.941705 0.33644 0
    outer loop
      vertex 37.6928 1.54716 2
      vertex 37.6413 1.40301 0
      vertex 37.6413 1.40301 2
    endloop
  endfacet
  facet normal 0.242935 -0.970043 0
    outer loop
      vertex 35.7472 3.49283 0
      vertex 35.8957 3.53002 2
      vertex 35.7472 3.49283 2
    endloop
  endfacet
  facet normal 0.242935 -0.970043 0
    outer loop
      vertex 35.8957 3.53002 2
      vertex 35.7472 3.49283 0
      vertex 35.8957 3.53002 0
    endloop
  endfacet
  facet normal 0.741003 -0.671501 0
    outer loop
      vertex 34.9941 2.98965 2
      vertex 35.0969 3.10309 0
      vertex 35.0969 3.10309 2
    endloop
  endfacet
  facet normal 0.741003 -0.671501 0
    outer loop
      vertex 35.0969 3.10309 0
      vertex 34.9941 2.98965 2
      vertex 34.9941 2.98965 0
    endloop
  endfacet
  facet normal 0.941705 0.33644 0
    outer loop
      vertex 34.7587 1.40301 2
      vertex 34.7072 1.54716 0
      vertex 34.7072 1.54716 2
    endloop
  endfacet
  facet normal 0.941705 0.33644 0
    outer loop
      vertex 34.7072 1.54716 0
      vertex 34.7587 1.40301 2
      vertex 34.7587 1.40301 0
    endloop
  endfacet
  facet normal -0.049071 0.998795 0
    outer loop
      vertex 36.3529 0.447512 0
      vertex 36.2 0.44 2
      vertex 36.3529 0.447512 2
    endloop
  endfacet
  facet normal -0.049071 0.998795 0
    outer loop
      vertex 36.2 0.44 2
      vertex 36.3529 0.447512 0
      vertex 36.2 0.44 0
    endloop
  endfacet
  facet normal -0.803187 0.595727 0
    outer loop
      vertex 37.4059 1.01035 0
      vertex 37.4971 1.13331 2
      vertex 37.4971 1.13331 0
    endloop
  endfacet
  facet normal -0.803187 0.595727 0
    outer loop
      vertex 37.4971 1.13331 2
      vertex 37.4059 1.01035 0
      vertex 37.4059 1.01035 2
    endloop
  endfacet
  facet normal -0.903872 0.427803 0
    outer loop
      vertex 37.5758 1.26462 0
      vertex 37.6413 1.40301 2
      vertex 37.6413 1.40301 0
    endloop
  endfacet
  facet normal -0.903872 0.427803 0
    outer loop
      vertex 37.6413 1.40301 2
      vertex 37.5758 1.26462 0
      vertex 37.5758 1.26462 2
    endloop
  endfacet
  facet normal 0.59556 -0.803311 0
    outer loop
      vertex 35.2103 3.2059 0
      vertex 35.3333 3.29709 2
      vertex 35.2103 3.2059 2
    endloop
  endfacet
  facet normal 0.59556 -0.803311 0
    outer loop
      vertex 35.3333 3.29709 2
      vertex 35.2103 3.2059 0
      vertex 35.3333 3.29709 0
    endloop
  endfacet
  facet normal 0.857741 -0.514083 0
    outer loop
      vertex 34.8242 2.73538 2
      vertex 34.9029 2.86669 0
      vertex 34.9029 2.86669 2
    endloop
  endfacet
  facet normal 0.857741 -0.514083 0
    outer loop
      vertex 34.9029 2.86669 0
      vertex 34.8242 2.73538 2
      vertex 34.8242 2.73538 0
    endloop
  endfacet
  facet normal 0.146807 -0.989165 0
    outer loop
      vertex 35.8957 3.53002 0
      vertex 36.0471 3.55249 2
      vertex 35.8957 3.53002 2
    endloop
  endfacet
  facet normal 0.146807 -0.989165 0
    outer loop
      vertex 36.0471 3.55249 2
      vertex 35.8957 3.53002 0
      vertex 36.0471 3.55249 0
    endloop
  endfacet
  facet normal 0.427511 -0.90401 0
    outer loop
      vertex 35.4646 3.3758 0
      vertex 35.603 3.44125 2
      vertex 35.4646 3.3758 2
    endloop
  endfacet
  facet normal 0.427511 -0.90401 0
    outer loop
      vertex 35.603 3.44125 2
      vertex 35.4646 3.3758 0
      vertex 35.603 3.44125 0
    endloop
  endfacet
  facet normal -0.59559 0.803289 0
    outer loop
      vertex 37.1897 0.794104 0
      vertex 37.0667 0.702907 2
      vertex 37.1897 0.794104 2
    endloop
  endfacet
  facet normal -0.59559 0.803289 0
    outer loop
      vertex 37.0667 0.702907 2
      vertex 37.1897 0.794104 0
      vertex 37.0667 0.702907 0
    endloop
  endfacet
  facet normal 0.903872 0.427803 0
    outer loop
      vertex 34.8242 1.26462 2
      vertex 34.7587 1.40301 0
      vertex 34.7587 1.40301 2
    endloop
  endfacet
  facet normal 0.903872 0.427803 0
    outer loop
      vertex 34.7587 1.40301 0
      vertex 34.8242 1.26462 2
      vertex 34.8242 1.26462 0
    endloop
  endfacet
  facet normal -0.242984 0.97003 0
    outer loop
      vertex 36.6528 0.507173 0
      vertex 36.5043 0.469975 2
      vertex 36.6528 0.507173 2
    endloop
  endfacet
  facet normal -0.242984 0.97003 0
    outer loop
      vertex 36.5043 0.469975 2
      vertex 36.6528 0.507173 0
      vertex 36.5043 0.469975 0
    endloop
  endfacet
  facet normal -0.989141 0.14697 0
    outer loop
      vertex 37.73 1.69566 0
      vertex 37.7525 1.84709 2
      vertex 37.7525 1.84709 0
    endloop
  endfacet
  facet normal -0.989141 0.14697 0
    outer loop
      vertex 37.7525 1.84709 2
      vertex 37.73 1.69566 0
      vertex 37.73 1.69566 2
    endloop
  endfacet
  facet normal -0.146807 -0.989165 0
    outer loop
      vertex 36.3529 3.55249 0
      vertex 36.5043 3.53002 2
      vertex 36.3529 3.55249 2
    endloop
  endfacet
  facet normal -0.146807 -0.989165 -0
    outer loop
      vertex 36.5043 3.53002 2
      vertex 36.3529 3.55249 0
      vertex 36.5043 3.53002 0
    endloop
  endfacet
  facet normal 0.740994 0.671511 0
    outer loop
      vertex 35.0969 0.896913 2
      vertex 34.9941 1.01035 0
      vertex 34.9941 1.01035 2
    endloop
  endfacet
  facet normal 0.740994 0.671511 0
    outer loop
      vertex 34.9941 1.01035 0
      vertex 35.0969 0.896913 2
      vertex 35.0969 0.896913 0
    endloop
  endfacet
  facet normal 0.857741 0.514083 0
    outer loop
      vertex 34.9029 1.13331 2
      vertex 34.8242 1.26462 0
      vertex 34.8242 1.26462 2
    endloop
  endfacet
  facet normal 0.857741 0.514083 0
    outer loop
      vertex 34.8242 1.26462 0
      vertex 34.9029 1.13331 2
      vertex 34.9029 1.13331 0
    endloop
  endfacet
  facet normal 0.3368 -0.941576 0
    outer loop
      vertex 35.603 3.44125 0
      vertex 35.7472 3.49283 2
      vertex 35.603 3.44125 2
    endloop
  endfacet
  facet normal 0.3368 -0.941576 0
    outer loop
      vertex 35.7472 3.49283 2
      vertex 35.603 3.44125 0
      vertex 35.7472 3.49283 0
    endloop
  endfacet
  facet normal 0.514131 0.857712 -0
    outer loop
      vertex 35.4646 0.624203 0
      vertex 35.3333 0.702907 2
      vertex 35.4646 0.624203 2
    endloop
  endfacet
  facet normal 0.514131 0.857712 0
    outer loop
      vertex 35.3333 0.702907 2
      vertex 35.4646 0.624203 0
      vertex 35.3333 0.702907 0
    endloop
  endfacet
  facet normal 0.336765 0.941589 -0
    outer loop
      vertex 35.7472 0.507173 0
      vertex 35.603 0.558747 2
      vertex 35.7472 0.507173 2
    endloop
  endfacet
  facet normal 0.336765 0.941589 0
    outer loop
      vertex 35.603 0.558747 2
      vertex 35.7472 0.507173 0
      vertex 35.603 0.558747 0
    endloop
  endfacet
  facet normal 0.242984 0.97003 -0
    outer loop
      vertex 35.8957 0.469975 0
      vertex 35.7472 0.507173 2
      vertex 35.8957 0.469975 2
    endloop
  endfacet
  facet normal 0.242984 0.97003 0
    outer loop
      vertex 35.7472 0.507173 2
      vertex 35.8957 0.469975 0
      vertex 35.7472 0.507173 0
    endloop
  endfacet
  facet normal 0.803187 0.595727 0
    outer loop
      vertex 34.9941 1.01035 2
      vertex 34.9029 1.13331 0
      vertex 34.9029 1.13331 2
    endloop
  endfacet
  facet normal 0.803187 0.595727 0
    outer loop
      vertex 34.9029 1.13331 0
      vertex 34.9941 1.01035 2
      vertex 34.9941 1.01035 0
    endloop
  endfacet
  facet normal 0.989141 0.14697 0
    outer loop
      vertex 34.67 1.69566 2
      vertex 34.6475 1.84709 0
      vertex 34.6475 1.84709 2
    endloop
  endfacet
  facet normal 0.989141 0.14697 0
    outer loop
      vertex 34.6475 1.84709 0
      vertex 34.67 1.69566 2
      vertex 34.67 1.69566 0
    endloop
  endfacet
  facet normal -0.242935 -0.970043 0
    outer loop
      vertex 36.5043 3.53002 0
      vertex 36.6528 3.49283 2
      vertex 36.5043 3.53002 2
    endloop
  endfacet
  facet normal -0.242935 -0.970043 -0
    outer loop
      vertex 36.6528 3.49283 2
      vertex 36.5043 3.53002 0
      vertex 36.6528 3.49283 0
    endloop
  endfacet
  facet normal -0.514131 0.857712 0
    outer loop
      vertex 37.0667 0.702907 0
      vertex 36.9354 0.624203 2
      vertex 37.0667 0.702907 2
    endloop
  endfacet
  facet normal -0.514131 0.857712 0
    outer loop
      vertex 36.9354 0.624203 2
      vertex 37.0667 0.702907 0
      vertex 36.9354 0.624203 0
    endloop
  endfacet
  facet normal 0.671664 0.740856 -0
    outer loop
      vertex 35.2103 0.794104 0
      vertex 35.0969 0.896913 2
      vertex 35.2103 0.794104 2
    endloop
  endfacet
  facet normal 0.671664 0.740856 0
    outer loop
      vertex 35.0969 0.896913 2
      vertex 35.2103 0.794104 0
      vertex 35.0969 0.896913 0
    endloop
  endfacet
  facet normal -0.0490579 -0.998796 0
    outer loop
      vertex 36.2 3.56 0
      vertex 36.3529 3.55249 2
      vertex 36.2 3.56 2
    endloop
  endfacet
  facet normal -0.0490579 -0.998796 -0
    outer loop
      vertex 36.3529 3.55249 2
      vertex 36.2 3.56 0
      vertex 36.3529 3.55249 0
    endloop
  endfacet
  facet normal 0.049071 0.998795 -0
    outer loop
      vertex 36.2 0.44 0
      vertex 36.0471 0.447512 2
      vertex 36.2 0.44 2
    endloop
  endfacet
  facet normal 0.049071 0.998795 0
    outer loop
      vertex 36.0471 0.447512 2
      vertex 36.2 0.44 0
      vertex 36.0471 0.447512 0
    endloop
  endfacet
  facet normal 0.998799 -0.0489896 0
    outer loop
      vertex 34.64 2 2
      vertex 34.6475 2.15291 0
      vertex 34.6475 2.15291 2
    endloop
  endfacet
  facet normal 0.998799 -0.0489896 0
    outer loop
      vertex 34.6475 2.15291 0
      vertex 34.64 2 2
      vertex 34.64 2 0
    endloop
  endfacet
  facet normal -0.671664 0.740856 0
    outer loop
      vertex 37.3031 0.896913 0
      vertex 37.1897 0.794104 2
      vertex 37.3031 0.896913 2
    endloop
  endfacet
  facet normal -0.671664 0.740856 0
    outer loop
      vertex 37.1897 0.794104 2
      vertex 37.3031 0.896913 0
      vertex 37.1897 0.794104 0
    endloop
  endfacet
  facet normal -0.989141 -0.14697 0
    outer loop
      vertex -34.6475 2.15291 0
      vertex -34.67 2.30434 2
      vertex -34.67 2.30434 0
    endloop
  endfacet
  facet normal -0.989141 -0.14697 0
    outer loop
      vertex -34.67 2.30434 2
      vertex -34.6475 2.15291 0
      vertex -34.6475 2.15291 2
    endloop
  endfacet
  facet normal -0.998799 -0.0489896 0
    outer loop
      vertex -34.64 2 0
      vertex -34.6475 2.15291 2
      vertex -34.6475 2.15291 0
    endloop
  endfacet
  facet normal -0.998799 -0.0489896 0
    outer loop
      vertex -34.6475 2.15291 2
      vertex -34.64 2 0
      vertex -34.64 2 2
    endloop
  endfacet
  facet normal -0.970027 -0.242997 0
    outer loop
      vertex -34.67 2.30434 0
      vertex -34.7072 2.45284 2
      vertex -34.7072 2.45284 0
    endloop
  endfacet
  facet normal -0.970027 -0.242997 0
    outer loop
      vertex -34.7072 2.45284 2
      vertex -34.67 2.30434 0
      vertex -34.67 2.30434 2
    endloop
  endfacet
  facet normal -0.427511 -0.90401 0
    outer loop
      vertex -35.603 3.44125 0
      vertex -35.4646 3.3758 2
      vertex -35.603 3.44125 2
    endloop
  endfacet
  facet normal -0.427511 -0.90401 -0
    outer loop
      vertex -35.4646 3.3758 2
      vertex -35.603 3.44125 0
      vertex -35.4646 3.3758 0
    endloop
  endfacet
  facet normal 0.242935 -0.970043 0
    outer loop
      vertex -36.6528 3.49283 0
      vertex -36.5043 3.53002 2
      vertex -36.6528 3.49283 2
    endloop
  endfacet
  facet normal 0.242935 -0.970043 0
    outer loop
      vertex -36.5043 3.53002 2
      vertex -36.6528 3.49283 0
      vertex -36.5043 3.53002 0
    endloop
  endfacet
  facet normal 0.146807 -0.989165 0
    outer loop
      vertex -36.5043 3.53002 0
      vertex -36.3529 3.55249 2
      vertex -36.5043 3.53002 2
    endloop
  endfacet
  facet normal 0.146807 -0.989165 0
    outer loop
      vertex -36.3529 3.55249 2
      vertex -36.5043 3.53002 0
      vertex -36.3529 3.55249 0
    endloop
  endfacet
  facet normal 0.514159 -0.857695 0
    outer loop
      vertex -37.0667 3.29709 0
      vertex -36.9354 3.3758 2
      vertex -37.0667 3.29709 2
    endloop
  endfacet
  facet normal 0.514159 -0.857695 0
    outer loop
      vertex -36.9354 3.3758 2
      vertex -37.0667 3.29709 0
      vertex -36.9354 3.3758 0
    endloop
  endfacet
  facet normal -0.998799 0.0489896 0
    outer loop
      vertex -34.6475 1.84709 0
      vertex -34.64 2 2
      vertex -34.64 2 0
    endloop
  endfacet
  facet normal -0.998799 0.0489896 0
    outer loop
      vertex -34.64 2 2
      vertex -34.6475 1.84709 0
      vertex -34.6475 1.84709 2
    endloop
  endfacet
  facet normal -0.671667 -0.740853 0
    outer loop
      vertex -35.2103 3.2059 0
      vertex -35.0969 3.10309 2
      vertex -35.2103 3.2059 2
    endloop
  endfacet
  facet normal -0.671667 -0.740853 -0
    outer loop
      vertex -35.0969 3.10309 2
      vertex -35.2103 3.2059 0
      vertex -35.0969 3.10309 0
    endloop
  endfacet
  facet normal -0.941705 0.33644 0
    outer loop
      vertex -34.7587 1.40301 0
      vertex -34.7072 1.54716 2
      vertex -34.7072 1.54716 0
    endloop
  endfacet
  facet normal -0.941705 0.33644 0
    outer loop
      vertex -34.7072 1.54716 2
      vertex -34.7587 1.40301 0
      vertex -34.7587 1.40301 2
    endloop
  endfacet
  facet normal -0.857741 0.514083 0
    outer loop
      vertex -34.9029 1.13331 0
      vertex -34.8242 1.26462 2
      vertex -34.8242 1.26462 0
    endloop
  endfacet
  facet normal -0.857741 0.514083 0
    outer loop
      vertex -34.8242 1.26462 2
      vertex -34.9029 1.13331 0
      vertex -34.9029 1.13331 2
    endloop
  endfacet
  facet normal -0.941705 -0.33644 0
    outer loop
      vertex -34.7072 2.45284 0
      vertex -34.7587 2.59699 2
      vertex -34.7587 2.59699 0
    endloop
  endfacet
  facet normal -0.941705 -0.33644 0
    outer loop
      vertex -34.7587 2.59699 2
      vertex -34.7072 2.45284 0
      vertex -34.7072 2.45284 2
    endloop
  endfacet
  facet normal -0.903872 0.427803 0
    outer loop
      vertex -34.8242 1.26462 0
      vertex -34.7587 1.40301 2
      vertex -34.7587 1.40301 0
    endloop
  endfacet
  facet normal -0.903872 0.427803 0
    outer loop
      vertex -34.7587 1.40301 2
      vertex -34.8242 1.26462 0
      vertex -34.8242 1.26462 2
    endloop
  endfacet
  facet normal 0.740994 0.671511 0
    outer loop
      vertex -37.3031 0.896913 2
      vertex -37.4059 1.01035 0
      vertex -37.4059 1.01035 2
    endloop
  endfacet
  facet normal 0.740994 0.671511 0
    outer loop
      vertex -37.4059 1.01035 0
      vertex -37.3031 0.896913 2
      vertex -37.3031 0.896913 0
    endloop
  endfacet
  facet normal -0.427543 0.903995 0
    outer loop
      vertex -35.4646 0.624203 0
      vertex -35.603 0.558747 2
      vertex -35.4646 0.624203 2
    endloop
  endfacet
  facet normal -0.427543 0.903995 0
    outer loop
      vertex -35.603 0.558747 2
      vertex -35.4646 0.624203 0
      vertex -35.603 0.558747 0
    endloop
  endfacet
  facet normal 0.989141 0.14697 0
    outer loop
      vertex -37.73 1.69566 2
      vertex -37.7525 1.84709 0
      vertex -37.7525 1.84709 2
    endloop
  endfacet
  facet normal 0.989141 0.14697 0
    outer loop
      vertex -37.7525 1.84709 0
      vertex -37.73 1.69566 2
      vertex -37.73 1.69566 0
    endloop
  endfacet
  facet normal 0.427543 0.903995 -0
    outer loop
      vertex -36.797 0.558747 0
      vertex -36.9354 0.624203 2
      vertex -36.797 0.558747 2
    endloop
  endfacet
  facet normal 0.427543 0.903995 0
    outer loop
      vertex -36.9354 0.624203 2
      vertex -36.797 0.558747 0
      vertex -36.9354 0.624203 0
    endloop
  endfacet
  facet normal 0.941705 0.33644 0
    outer loop
      vertex -37.6413 1.40301 2
      vertex -37.6928 1.54716 0
      vertex -37.6928 1.54716 2
    endloop
  endfacet
  facet normal 0.941705 0.33644 0
    outer loop
      vertex -37.6928 1.54716 0
      vertex -37.6413 1.40301 2
      vertex -37.6413 1.40301 0
    endloop
  endfacet
  facet normal -0.0490579 -0.998796 0
    outer loop
      vertex -36.2 3.56 0
      vertex -36.0471 3.55249 2
      vertex -36.2 3.56 2
    endloop
  endfacet
  facet normal -0.0490579 -0.998796 -0
    outer loop
      vertex -36.0471 3.55249 2
      vertex -36.2 3.56 0
      vertex -36.0471 3.55249 0
    endloop
  endfacet
  facet normal 0.903872 0.427803 0
    outer loop
      vertex -37.5758 1.26462 2
      vertex -37.6413 1.40301 0
      vertex -37.6413 1.40301 2
    endloop
  endfacet
  facet normal 0.903872 0.427803 0
    outer loop
      vertex -37.6413 1.40301 0
      vertex -37.5758 1.26462 2
      vertex -37.5758 1.26462 0
    endloop
  endfacet
  facet normal 0.3368 -0.941576 0
    outer loop
      vertex -36.797 3.44125 0
      vertex -36.6528 3.49283 2
      vertex -36.797 3.44125 2
    endloop
  endfacet
  facet normal 0.3368 -0.941576 0
    outer loop
      vertex -36.6528 3.49283 2
      vertex -36.797 3.44125 0
      vertex -36.6528 3.49283 0
    endloop
  endfacet
  facet normal -0.514159 -0.857695 0
    outer loop
      vertex -35.4646 3.3758 0
      vertex -35.3333 3.29709 2
      vertex -35.4646 3.3758 2
    endloop
  endfacet
  facet normal -0.514159 -0.857695 -0
    outer loop
      vertex -35.3333 3.29709 2
      vertex -35.4646 3.3758 0
      vertex -35.3333 3.29709 0
    endloop
  endfacet
  facet normal -0.049071 0.998795 0
    outer loop
      vertex -36.0471 0.447512 0
      vertex -36.2 0.44 2
      vertex -36.0471 0.447512 2
    endloop
  endfacet
  facet normal -0.049071 0.998795 0
    outer loop
      vertex -36.2 0.44 2
      vertex -36.0471 0.447512 0
      vertex -36.2 0.44 0
    endloop
  endfacet
  facet normal -0.803187 -0.595727 0
    outer loop
      vertex -34.9029 2.86669 0
      vertex -34.9941 2.98965 2
      vertex -34.9941 2.98965 0
    endloop
  endfacet
  facet normal -0.803187 -0.595727 0
    outer loop
      vertex -34.9941 2.98965 2
      vertex -34.9029 2.86669 0
      vertex -34.9029 2.86669 2
    endloop
  endfacet
  facet normal 0.803187 -0.595727 0
    outer loop
      vertex -37.4971 2.86669 2
      vertex -37.4059 2.98965 0
      vertex -37.4059 2.98965 2
    endloop
  endfacet
  facet normal 0.803187 -0.595727 0
    outer loop
      vertex -37.4059 2.98965 0
      vertex -37.4971 2.86669 2
      vertex -37.4971 2.86669 0
    endloop
  endfacet
  facet normal -0.741003 -0.671501 0
    outer loop
      vertex -34.9941 2.98965 0
      vertex -35.0969 3.10309 2
      vertex -35.0969 3.10309 0
    endloop
  endfacet
  facet normal -0.741003 -0.671501 0
    outer loop
      vertex -35.0969 3.10309 2
      vertex -34.9941 2.98965 0
      vertex -34.9941 2.98965 2
    endloop
  endfacet
  facet normal 0.59559 0.803289 -0
    outer loop
      vertex -37.0667 0.702907 0
      vertex -37.1897 0.794104 2
      vertex -37.0667 0.702907 2
    endloop
  endfacet
  facet normal 0.59559 0.803289 0
    outer loop
      vertex -37.1897 0.794104 2
      vertex -37.0667 0.702907 0
      vertex -37.1897 0.794104 0
    endloop
  endfacet
  facet normal 0.903872 -0.427803 0
    outer loop
      vertex -37.6413 2.59699 2
      vertex -37.5758 2.73538 0
      vertex -37.5758 2.73538 2
    endloop
  endfacet
  facet normal 0.903872 -0.427803 0
    outer loop
      vertex -37.5758 2.73538 0
      vertex -37.6413 2.59699 2
      vertex -37.6413 2.59699 0
    endloop
  endfacet
  facet normal -0.3368 -0.941576 0
    outer loop
      vertex -35.7472 3.49283 0
      vertex -35.603 3.44125 2
      vertex -35.7472 3.49283 2
    endloop
  endfacet
  facet normal -0.3368 -0.941576 -0
    outer loop
      vertex -35.603 3.44125 2
      vertex -35.7472 3.49283 0
      vertex -35.603 3.44125 0
    endloop
  endfacet
  facet normal -0.336765 0.941589 0
    outer loop
      vertex -35.603 0.558747 0
      vertex -35.7472 0.507173 2
      vertex -35.603 0.558747 2
    endloop
  endfacet
  facet normal -0.336765 0.941589 0
    outer loop
      vertex -35.7472 0.507173 2
      vertex -35.603 0.558747 0
      vertex -35.7472 0.507173 0
    endloop
  endfacet
  facet normal 0.803187 0.595727 0
    outer loop
      vertex -37.4059 1.01035 2
      vertex -37.4971 1.13331 0
      vertex -37.4971 1.13331 2
    endloop
  endfacet
  facet normal 0.803187 0.595727 0
    outer loop
      vertex -37.4971 1.13331 0
      vertex -37.4059 1.01035 2
      vertex -37.4059 1.01035 0
    endloop
  endfacet
  facet normal -0.970027 0.242997 0
    outer loop
      vertex -34.7072 1.54716 0
      vertex -34.67 1.69566 2
      vertex -34.67 1.69566 0
    endloop
  endfacet
  facet normal -0.970027 0.242997 0
    outer loop
      vertex -34.67 1.69566 2
      vertex -34.7072 1.54716 0
      vertex -34.7072 1.54716 2
    endloop
  endfacet
  facet normal -0.146762 0.989172 0
    outer loop
      vertex -35.8957 0.469975 0
      vertex -36.0471 0.447512 2
      vertex -35.8957 0.469975 2
    endloop
  endfacet
  facet normal -0.146762 0.989172 0
    outer loop
      vertex -36.0471 0.447512 2
      vertex -35.8957 0.469975 0
      vertex -36.0471 0.447512 0
    endloop
  endfacet
  facet normal -0.242984 0.97003 0
    outer loop
      vertex -35.7472 0.507173 0
      vertex -35.8957 0.469975 2
      vertex -35.7472 0.507173 2
    endloop
  endfacet
  facet normal -0.242984 0.97003 0
    outer loop
      vertex -35.8957 0.469975 2
      vertex -35.7472 0.507173 0
      vertex -35.8957 0.469975 0
    endloop
  endfacet
  facet normal -0.989141 0.14697 0
    outer loop
      vertex -34.67 1.69566 0
      vertex -34.6475 1.84709 2
      vertex -34.6475 1.84709 0
    endloop
  endfacet
  facet normal -0.989141 0.14697 0
    outer loop
      vertex -34.6475 1.84709 2
      vertex -34.67 1.69566 0
      vertex -34.67 1.69566 2
    endloop
  endfacet
  facet normal 0.427511 -0.90401 0
    outer loop
      vertex -36.9354 3.3758 0
      vertex -36.797 3.44125 2
      vertex -36.9354 3.3758 2
    endloop
  endfacet
  facet normal 0.427511 -0.90401 0
    outer loop
      vertex -36.797 3.44125 2
      vertex -36.9354 3.3758 0
      vertex -36.797 3.44125 0
    endloop
  endfacet
  facet normal -0.59556 -0.803311 0
    outer loop
      vertex -35.3333 3.29709 0
      vertex -35.2103 3.2059 2
      vertex -35.3333 3.29709 2
    endloop
  endfacet
  facet normal -0.59556 -0.803311 -0
    outer loop
      vertex -35.2103 3.2059 2
      vertex -35.3333 3.29709 0
      vertex -35.2103 3.2059 0
    endloop
  endfacet
  facet normal -0.903872 -0.427803 0
    outer loop
      vertex -34.7587 2.59699 0
      vertex -34.8242 2.73538 2
      vertex -34.8242 2.73538 0
    endloop
  endfacet
  facet normal -0.903872 -0.427803 0
    outer loop
      vertex -34.8242 2.73538 2
      vertex -34.7587 2.59699 0
      vertex -34.7587 2.59699 2
    endloop
  endfacet
  facet normal 0.970027 -0.242997 0
    outer loop
      vertex -37.73 2.30434 2
      vertex -37.6928 2.45284 0
      vertex -37.6928 2.45284 2
    endloop
  endfacet
  facet normal 0.970027 -0.242997 0
    outer loop
      vertex -37.6928 2.45284 0
      vertex -37.73 2.30434 2
      vertex -37.73 2.30434 0
    endloop
  endfacet
  facet normal 0.857741 -0.514083 0
    outer loop
      vertex -37.5758 2.73538 2
      vertex -37.4971 2.86669 0
      vertex -37.4971 2.86669 2
    endloop
  endfacet
  facet normal 0.857741 -0.514083 0
    outer loop
      vertex -37.4971 2.86669 0
      vertex -37.5758 2.73538 2
      vertex -37.5758 2.73538 0
    endloop
  endfacet
  facet normal 0.049071 0.998795 -0
    outer loop
      vertex -36.2 0.44 0
      vertex -36.3529 0.447512 2
      vertex -36.2 0.44 2
    endloop
  endfacet
  facet normal 0.049071 0.998795 0
    outer loop
      vertex -36.3529 0.447512 2
      vertex -36.2 0.44 0
      vertex -36.3529 0.447512 0
    endloop
  endfacet
  facet normal -0.857741 -0.514083 0
    outer loop
      vertex -34.8242 2.73538 0
      vertex -34.9029 2.86669 2
      vertex -34.9029 2.86669 0
    endloop
  endfacet
  facet normal -0.857741 -0.514083 0
    outer loop
      vertex -34.9029 2.86669 2
      vertex -34.8242 2.73538 0
      vertex -34.8242 2.73538 2
    endloop
  endfacet
  facet normal 0.989141 -0.14697 0
    outer loop
      vertex -37.7525 2.15291 2
      vertex -37.73 2.30434 0
      vertex -37.73 2.30434 2
    endloop
  endfacet
  facet normal 0.989141 -0.14697 0
    outer loop
      vertex -37.73 2.30434 0
      vertex -37.7525 2.15291 2
      vertex -37.7525 2.15291 0
    endloop
  endfacet
  facet normal 0.671667 -0.740853 0
    outer loop
      vertex -37.3031 3.10309 0
      vertex -37.1897 3.2059 2
      vertex -37.3031 3.10309 2
    endloop
  endfacet
  facet normal 0.671667 -0.740853 0
    outer loop
      vertex -37.1897 3.2059 2
      vertex -37.3031 3.10309 0
      vertex -37.1897 3.2059 0
    endloop
  endfacet
  facet normal 0.0490579 -0.998796 0
    outer loop
      vertex -36.3529 3.55249 0
      vertex -36.2 3.56 2
      vertex -36.3529 3.55249 2
    endloop
  endfacet
  facet normal 0.0490579 -0.998796 0
    outer loop
      vertex -36.2 3.56 2
      vertex -36.3529 3.55249 0
      vertex -36.2 3.56 0
    endloop
  endfacet
  facet normal 0.59556 -0.803311 0
    outer loop
      vertex -37.1897 3.2059 0
      vertex -37.0667 3.29709 2
      vertex -37.1897 3.2059 2
    endloop
  endfacet
  facet normal 0.59556 -0.803311 0
    outer loop
      vertex -37.0667 3.29709 2
      vertex -37.1897 3.2059 0
      vertex -37.0667 3.29709 0
    endloop
  endfacet
  facet normal -0.59559 0.803289 0
    outer loop
      vertex -35.2103 0.794104 0
      vertex -35.3333 0.702907 2
      vertex -35.2103 0.794104 2
    endloop
  endfacet
  facet normal -0.59559 0.803289 0
    outer loop
      vertex -35.3333 0.702907 2
      vertex -35.2103 0.794104 0
      vertex -35.3333 0.702907 0
    endloop
  endfacet
  facet normal 0.998799 0.0489896 0
    outer loop
      vertex -37.7525 1.84709 2
      vertex -37.76 2 0
      vertex -37.76 2 2
    endloop
  endfacet
  facet normal 0.998799 0.0489896 0
    outer loop
      vertex -37.76 2 0
      vertex -37.7525 1.84709 2
      vertex -37.7525 1.84709 0
    endloop
  endfacet
  facet normal 0.741003 -0.671501 0
    outer loop
      vertex -37.4059 2.98965 2
      vertex -37.3031 3.10309 0
      vertex -37.3031 3.10309 2
    endloop
  endfacet
  facet normal 0.741003 -0.671501 0
    outer loop
      vertex -37.3031 3.10309 0
      vertex -37.4059 2.98965 2
      vertex -37.4059 2.98965 0
    endloop
  endfacet
  facet normal 0.336765 0.941589 -0
    outer loop
      vertex -36.6528 0.507173 0
      vertex -36.797 0.558747 2
      vertex -36.6528 0.507173 2
    endloop
  endfacet
  facet normal 0.336765 0.941589 0
    outer loop
      vertex -36.797 0.558747 2
      vertex -36.6528 0.507173 0
      vertex -36.797 0.558747 0
    endloop
  endfacet
  facet normal 0.941705 -0.33644 0
    outer loop
      vertex -37.6928 2.45284 2
      vertex -37.6413 2.59699 0
      vertex -37.6413 2.59699 2
    endloop
  endfacet
  facet normal 0.941705 -0.33644 0
    outer loop
      vertex -37.6413 2.59699 0
      vertex -37.6928 2.45284 2
      vertex -37.6928 2.45284 0
    endloop
  endfacet
  facet normal -0.740994 0.671511 0
    outer loop
      vertex -35.0969 0.896913 0
      vertex -34.9941 1.01035 2
      vertex -34.9941 1.01035 0
    endloop
  endfacet
  facet normal -0.740994 0.671511 0
    outer loop
      vertex -34.9941 1.01035 2
      vertex -35.0969 0.896913 0
      vertex -35.0969 0.896913 2
    endloop
  endfacet
  facet normal -0.803187 0.595727 0
    outer loop
      vertex -34.9941 1.01035 0
      vertex -34.9029 1.13331 2
      vertex -34.9029 1.13331 0
    endloop
  endfacet
  facet normal -0.803187 0.595727 0
    outer loop
      vertex -34.9029 1.13331 2
      vertex -34.9941 1.01035 0
      vertex -34.9941 1.01035 2
    endloop
  endfacet
  facet normal -0.514131 0.857712 0
    outer loop
      vertex -35.3333 0.702907 0
      vertex -35.4646 0.624203 2
      vertex -35.3333 0.702907 2
    endloop
  endfacet
  facet normal -0.514131 0.857712 0
    outer loop
      vertex -35.4646 0.624203 2
      vertex -35.3333 0.702907 0
      vertex -35.4646 0.624203 0
    endloop
  endfacet
  facet normal 0.671664 0.740856 -0
    outer loop
      vertex -37.1897 0.794104 0
      vertex -37.3031 0.896913 2
      vertex -37.1897 0.794104 2
    endloop
  endfacet
  facet normal 0.671664 0.740856 0
    outer loop
      vertex -37.3031 0.896913 2
      vertex -37.1897 0.794104 0
      vertex -37.3031 0.896913 0
    endloop
  endfacet
  facet normal 0.857741 0.514083 0
    outer loop
      vertex -37.4971 1.13331 2
      vertex -37.5758 1.26462 0
      vertex -37.5758 1.26462 2
    endloop
  endfacet
  facet normal 0.857741 0.514083 0
    outer loop
      vertex -37.5758 1.26462 0
      vertex -37.4971 1.13331 2
      vertex -37.4971 1.13331 0
    endloop
  endfacet
  facet normal -0.671664 0.740856 0
    outer loop
      vertex -35.0969 0.896913 0
      vertex -35.2103 0.794104 2
      vertex -35.0969 0.896913 2
    endloop
  endfacet
  facet normal -0.671664 0.740856 0
    outer loop
      vertex -35.2103 0.794104 2
      vertex -35.0969 0.896913 0
      vertex -35.2103 0.794104 0
    endloop
  endfacet
  facet normal -0.242935 -0.970043 0
    outer loop
      vertex -35.8957 3.53002 0
      vertex -35.7472 3.49283 2
      vertex -35.8957 3.53002 2
    endloop
  endfacet
  facet normal -0.242935 -0.970043 -0
    outer loop
      vertex -35.7472 3.49283 2
      vertex -35.8957 3.53002 0
      vertex -35.7472 3.49283 0
    endloop
  endfacet
  facet normal 0.998799 -0.0489896 0
    outer loop
      vertex -37.76 2 2
      vertex -37.7525 2.15291 0
      vertex -37.7525 2.15291 2
    endloop
  endfacet
  facet normal 0.998799 -0.0489896 0
    outer loop
      vertex -37.7525 2.15291 0
      vertex -37.76 2 2
      vertex -37.76 2 0
    endloop
  endfacet
  facet normal 0.970027 0.242997 0
    outer loop
      vertex -37.6928 1.54716 2
      vertex -37.73 1.69566 0
      vertex -37.73 1.69566 2
    endloop
  endfacet
  facet normal 0.970027 0.242997 0
    outer loop
      vertex -37.73 1.69566 0
      vertex -37.6928 1.54716 2
      vertex -37.6928 1.54716 0
    endloop
  endfacet
  facet normal 0.146762 0.989172 -0
    outer loop
      vertex -36.3529 0.447512 0
      vertex -36.5043 0.469975 2
      vertex -36.3529 0.447512 2
    endloop
  endfacet
  facet normal 0.146762 0.989172 0
    outer loop
      vertex -36.5043 0.469975 2
      vertex -36.3529 0.447512 0
      vertex -36.5043 0.469975 0
    endloop
  endfacet
  facet normal 0.242984 0.97003 -0
    outer loop
      vertex -36.5043 0.469975 0
      vertex -36.6528 0.507173 2
      vertex -36.5043 0.469975 2
    endloop
  endfacet
  facet normal 0.242984 0.97003 0
    outer loop
      vertex -36.6528 0.507173 2
      vertex -36.5043 0.469975 0
      vertex -36.6528 0.507173 0
    endloop
  endfacet
  facet normal -0.146807 -0.989165 0
    outer loop
      vertex -36.0471 3.55249 0
      vertex -35.8957 3.53002 2
      vertex -36.0471 3.55249 2
    endloop
  endfacet
  facet normal -0.146807 -0.989165 -0
    outer loop
      vertex -35.8957 3.53002 2
      vertex -36.0471 3.55249 0
      vertex -35.8957 3.53002 0
    endloop
  endfacet
  facet normal 0.514131 0.857712 -0
    outer loop
      vertex -36.9354 0.624203 0
      vertex -37.0667 0.702907 2
      vertex -36.9354 0.624203 2
    endloop
  endfacet
  facet normal 0.514131 0.857712 0
    outer loop
      vertex -37.0667 0.702907 2
      vertex -36.9354 0.624203 0
      vertex -37.0667 0.702907 0
    endloop
  endfacet
  facet normal 0.989137 -0.146999 0
    outer loop
      vertex 34.4475 17.3529 2
      vertex 34.47 17.5043 0
      vertex 34.47 17.5043 2
    endloop
  endfacet
  facet normal 0.989137 -0.146999 0
    outer loop
      vertex 34.47 17.5043 0
      vertex 34.4475 17.3529 2
      vertex 34.4475 17.3529 0
    endloop
  endfacet
  facet normal -0.989137 -0.146999 0
    outer loop
      vertex 37.5525 17.3529 0
      vertex 37.53 17.5043 2
      vertex 37.53 17.5043 0
    endloop
  endfacet
  facet normal -0.989137 -0.146999 0
    outer loop
      vertex 37.53 17.5043 2
      vertex 37.5525 17.3529 0
      vertex 37.5525 17.3529 2
    endloop
  endfacet
  facet normal -0.998799 -0.0489928 0
    outer loop
      vertex 37.56 17.2 0
      vertex 37.5525 17.3529 2
      vertex 37.5525 17.3529 0
    endloop
  endfacet
  facet normal -0.998799 -0.0489928 0
    outer loop
      vertex 37.5525 17.3529 2
      vertex 37.56 17.2 0
      vertex 37.56 17.2 2
    endloop
  endfacet
  facet normal -0.970027 -0.242997 0
    outer loop
      vertex 37.53 17.5043 0
      vertex 37.4928 17.6528 2
      vertex 37.4928 17.6528 0
    endloop
  endfacet
  facet normal -0.970027 -0.242997 0
    outer loop
      vertex 37.4928 17.6528 2
      vertex 37.53 17.5043 0
      vertex 37.53 17.5043 2
    endloop
  endfacet
  facet normal -0.427778 -0.903884 0
    outer loop
      vertex 36.597 18.6413 0
      vertex 36.7354 18.5758 2
      vertex 36.597 18.6413 2
    endloop
  endfacet
  facet normal -0.427778 -0.903884 -0
    outer loop
      vertex 36.7354 18.5758 2
      vertex 36.597 18.6413 0
      vertex 36.7354 18.5758 0
    endloop
  endfacet
  facet normal 0.242997 -0.970027 0
    outer loop
      vertex 35.5472 18.6928 0
      vertex 35.6957 18.73 2
      vertex 35.5472 18.6928 2
    endloop
  endfacet
  facet normal 0.242997 -0.970027 0
    outer loop
      vertex 35.6957 18.73 2
      vertex 35.5472 18.6928 0
      vertex 35.6957 18.73 0
    endloop
  endfacet
  facet normal 0.146999 -0.989137 0
    outer loop
      vertex 35.6957 18.73 0
      vertex 35.8471 18.7525 2
      vertex 35.6957 18.73 2
    endloop
  endfacet
  facet normal 0.146999 -0.989137 0
    outer loop
      vertex 35.8471 18.7525 2
      vertex 35.6957 18.73 0
      vertex 35.8471 18.7525 0
    endloop
  endfacet
  facet normal 0.336336 0.941742 -0
    outer loop
      vertex 35.5472 15.7072 0
      vertex 35.403 15.7587 2
      vertex 35.5472 15.7072 2
    endloop
  endfacet
  facet normal 0.336336 0.941742 0
    outer loop
      vertex 35.403 15.7587 2
      vertex 35.5472 15.7072 0
      vertex 35.403 15.7587 0
    endloop
  endfacet
  facet normal -0.857723 0.514111 0
    outer loop
      vertex 37.2971 16.3333 0
      vertex 37.3758 16.4646 2
      vertex 37.3758 16.4646 0
    endloop
  endfacet
  facet normal -0.857723 0.514111 0
    outer loop
      vertex 37.3758 16.4646 2
      vertex 37.2971 16.3333 0
      vertex 37.2971 16.3333 2
    endloop
  endfacet
  facet normal -0.998799 0.0489928 0
    outer loop
      vertex 37.5525 17.0471 0
      vertex 37.56 17.2 2
      vertex 37.56 17.2 0
    endloop
  endfacet
  facet normal -0.998799 0.0489928 0
    outer loop
      vertex 37.56 17.2 2
      vertex 37.5525 17.0471 0
      vertex 37.5525 17.0471 2
    endloop
  endfacet
  facet normal 0.970027 0.242997 0
    outer loop
      vertex 34.5072 16.7472 2
      vertex 34.47 16.8957 0
      vertex 34.47 16.8957 2
    endloop
  endfacet
  facet normal 0.970027 0.242997 0
    outer loop
      vertex 34.47 16.8957 0
      vertex 34.5072 16.7472 2
      vertex 34.5072 16.7472 0
    endloop
  endfacet
  facet normal 0.242997 0.970027 -0
    outer loop
      vertex 35.6957 15.67 0
      vertex 35.5472 15.7072 2
      vertex 35.6957 15.67 2
    endloop
  endfacet
  facet normal 0.242997 0.970027 0
    outer loop
      vertex 35.5472 15.7072 2
      vertex 35.6957 15.67 0
      vertex 35.5472 15.7072 0
    endloop
  endfacet
  facet normal 0.427778 0.903884 -0
    outer loop
      vertex 35.403 15.7587 0
      vertex 35.2646 15.8242 2
      vertex 35.403 15.7587 2
    endloop
  endfacet
  facet normal 0.427778 0.903884 0
    outer loop
      vertex 35.2646 15.8242 2
      vertex 35.403 15.7587 0
      vertex 35.2646 15.8242 0
    endloop
  endfacet
  facet normal -0.970027 0.242997 0
    outer loop
      vertex 37.4928 16.7472 0
      vertex 37.53 16.8957 2
      vertex 37.53 16.8957 0
    endloop
  endfacet
  facet normal -0.970027 0.242997 0
    outer loop
      vertex 37.53 16.8957 2
      vertex 37.4928 16.7472 0
      vertex 37.4928 16.7472 2
    endloop
  endfacet
  facet normal -0.903884 0.427778 0
    outer loop
      vertex 37.3758 16.4646 0
      vertex 37.4413 16.603 2
      vertex 37.4413 16.603 0
    endloop
  endfacet
  facet normal -0.903884 0.427778 0
    outer loop
      vertex 37.4413 16.603 2
      vertex 37.3758 16.4646 0
      vertex 37.3758 16.4646 2
    endloop
  endfacet
  facet normal 0.803279 -0.595602 0
    outer loop
      vertex 34.7029 18.0667 2
      vertex 34.7941 18.1897 0
      vertex 34.7941 18.1897 2
    endloop
  endfacet
  facet normal 0.803279 -0.595602 0
    outer loop
      vertex 34.7941 18.1897 0
      vertex 34.7029 18.0667 2
      vertex 34.7029 18.0667 0
    endloop
  endfacet
  facet normal 0.857723 -0.514111 0
    outer loop
      vertex 34.6242 17.9354 2
      vertex 34.7029 18.0667 0
      vertex 34.7029 18.0667 2
    endloop
  endfacet
  facet normal 0.857723 -0.514111 0
    outer loop
      vertex 34.7029 18.0667 0
      vertex 34.6242 17.9354 2
      vertex 34.6242 17.9354 0
    endloop
  endfacet
  facet normal 0.857723 0.514111 0
    outer loop
      vertex 34.7029 16.3333 2
      vertex 34.6242 16.4646 0
      vertex 34.6242 16.4646 2
    endloop
  endfacet
  facet normal 0.857723 0.514111 0
    outer loop
      vertex 34.6242 16.4646 0
      vertex 34.7029 16.3333 2
      vertex 34.7029 16.3333 0
    endloop
  endfacet
  facet normal 0.671632 -0.740885 0
    outer loop
      vertex 34.8969 18.3031 0
      vertex 35.0103 18.4059 2
      vertex 34.8969 18.3031 2
    endloop
  endfacet
  facet normal 0.671632 -0.740885 0
    outer loop
      vertex 35.0103 18.4059 2
      vertex 34.8969 18.3031 0
      vertex 35.0103 18.4059 0
    endloop
  endfacet
  facet normal -0.146999 0.989137 0
    outer loop
      vertex 36.3043 15.67 0
      vertex 36.1529 15.6475 2
      vertex 36.3043 15.67 2
    endloop
  endfacet
  facet normal -0.146999 0.989137 0
    outer loop
      vertex 36.1529 15.6475 2
      vertex 36.3043 15.67 0
      vertex 36.1529 15.6475 0
    endloop
  endfacet
  facet normal 0.0489928 0.998799 -0
    outer loop
      vertex 36 15.64 0
      vertex 35.8471 15.6475 2
      vertex 36 15.64 2
    endloop
  endfacet
  facet normal 0.0489928 0.998799 0
    outer loop
      vertex 35.8471 15.6475 2
      vertex 36 15.64 0
      vertex 35.8471 15.6475 0
    endloop
  endfacet
  facet normal 0.903884 0.427778 0
    outer loop
      vertex 34.6242 16.4646 2
      vertex 34.5587 16.603 0
      vertex 34.5587 16.603 2
    endloop
  endfacet
  facet normal 0.903884 0.427778 0
    outer loop
      vertex 34.5587 16.603 0
      vertex 34.6242 16.4646 2
      vertex 34.6242 16.4646 0
    endloop
  endfacet
  facet normal 0.941742 0.336336 0
    outer loop
      vertex 34.5587 16.603 2
      vertex 34.5072 16.7472 0
      vertex 34.5072 16.7472 2
    endloop
  endfacet
  facet normal 0.941742 0.336336 0
    outer loop
      vertex 34.5072 16.7472 0
      vertex 34.5587 16.603 2
      vertex 34.5587 16.603 0
    endloop
  endfacet
  facet normal 0.595602 -0.803279 0
    outer loop
      vertex 35.0103 18.4059 0
      vertex 35.1333 18.4971 2
      vertex 35.0103 18.4059 2
    endloop
  endfacet
  facet normal 0.595602 -0.803279 0
    outer loop
      vertex 35.1333 18.4971 2
      vertex 35.0103 18.4059 0
      vertex 35.1333 18.4971 0
    endloop
  endfacet
  facet normal 0.336336 -0.941742 0
    outer loop
      vertex 35.403 18.6413 0
      vertex 35.5472 18.6928 2
      vertex 35.403 18.6413 2
    endloop
  endfacet
  facet normal 0.336336 -0.941742 0
    outer loop
      vertex 35.5472 18.6928 2
      vertex 35.403 18.6413 0
      vertex 35.5472 18.6928 0
    endloop
  endfacet
  facet normal -0.514111 -0.857723 0
    outer loop
      vertex 36.7354 18.5758 0
      vertex 36.8667 18.4971 2
      vertex 36.7354 18.5758 2
    endloop
  endfacet
  facet normal -0.514111 -0.857723 -0
    outer loop
      vertex 36.8667 18.4971 2
      vertex 36.7354 18.5758 0
      vertex 36.8667 18.4971 0
    endloop
  endfacet
  facet normal 0.989137 0.146999 0
    outer loop
      vertex 34.47 16.8957 2
      vertex 34.4475 17.0471 0
      vertex 34.4475 17.0471 2
    endloop
  endfacet
  facet normal 0.989137 0.146999 0
    outer loop
      vertex 34.4475 17.0471 0
      vertex 34.47 16.8957 2
      vertex 34.47 16.8957 0
    endloop
  endfacet
  facet normal -0.803279 -0.595602 0
    outer loop
      vertex 37.2971 18.0667 0
      vertex 37.2059 18.1897 2
      vertex 37.2059 18.1897 0
    endloop
  endfacet
  facet normal -0.803279 -0.595602 0
    outer loop
      vertex 37.2059 18.1897 2
      vertex 37.2971 18.0667 0
      vertex 37.2971 18.0667 2
    endloop
  endfacet
  facet normal -0.242997 0.970027 0
    outer loop
      vertex 36.4528 15.7072 0
      vertex 36.3043 15.67 2
      vertex 36.4528 15.7072 2
    endloop
  endfacet
  facet normal -0.242997 0.970027 0
    outer loop
      vertex 36.3043 15.67 2
      vertex 36.4528 15.7072 0
      vertex 36.3043 15.67 0
    endloop
  endfacet
  facet normal -0.336336 -0.941742 0
    outer loop
      vertex 36.4528 18.6928 0
      vertex 36.597 18.6413 2
      vertex 36.4528 18.6928 2
    endloop
  endfacet
  facet normal -0.336336 -0.941742 -0
    outer loop
      vertex 36.597 18.6413 2
      vertex 36.4528 18.6928 0
      vertex 36.597 18.6413 0
    endloop
  endfacet
  facet normal -0.671632 -0.740885 0
    outer loop
      vertex 36.9897 18.4059 0
      vertex 37.1031 18.3031 2
      vertex 36.9897 18.4059 2
    endloop
  endfacet
  facet normal -0.671632 -0.740885 -0
    outer loop
      vertex 37.1031 18.3031 2
      vertex 36.9897 18.4059 0
      vertex 37.1031 18.3031 0
    endloop
  endfacet
  facet normal 0.941742 -0.336336 0
    outer loop
      vertex 34.5072 17.6528 2
      vertex 34.5587 17.797 0
      vertex 34.5587 17.797 2
    endloop
  endfacet
  facet normal 0.941742 -0.336336 0
    outer loop
      vertex 34.5587 17.797 0
      vertex 34.5072 17.6528 2
      vertex 34.5072 17.6528 0
    endloop
  endfacet
  facet normal -0.336336 0.941742 0
    outer loop
      vertex 36.597 15.7587 0
      vertex 36.4528 15.7072 2
      vertex 36.597 15.7587 2
    endloop
  endfacet
  facet normal -0.336336 0.941742 0
    outer loop
      vertex 36.4528 15.7072 2
      vertex 36.597 15.7587 0
      vertex 36.4528 15.7072 0
    endloop
  endfacet
  facet normal -0.803279 0.595602 0
    outer loop
      vertex 37.2059 16.2103 0
      vertex 37.2971 16.3333 2
      vertex 37.2971 16.3333 0
    endloop
  endfacet
  facet normal -0.803279 0.595602 0
    outer loop
      vertex 37.2971 16.3333 2
      vertex 37.2059 16.2103 0
      vertex 37.2059 16.2103 2
    endloop
  endfacet
  facet normal -0.427778 0.903884 0
    outer loop
      vertex 36.7354 15.8242 0
      vertex 36.597 15.7587 2
      vertex 36.7354 15.8242 2
    endloop
  endfacet
  facet normal -0.427778 0.903884 0
    outer loop
      vertex 36.597 15.7587 2
      vertex 36.7354 15.8242 0
      vertex 36.597 15.7587 0
    endloop
  endfacet
  facet normal -0.989137 0.146999 0
    outer loop
      vertex 37.53 16.8957 0
      vertex 37.5525 17.0471 2
      vertex 37.5525 17.0471 0
    endloop
  endfacet
  facet normal -0.989137 0.146999 0
    outer loop
      vertex 37.5525 17.0471 2
      vertex 37.53 16.8957 0
      vertex 37.53 16.8957 2
    endloop
  endfacet
  facet normal 0.514111 -0.857723 0
    outer loop
      vertex 35.1333 18.4971 0
      vertex 35.2646 18.5758 2
      vertex 35.1333 18.4971 2
    endloop
  endfacet
  facet normal 0.514111 -0.857723 0
    outer loop
      vertex 35.2646 18.5758 2
      vertex 35.1333 18.4971 0
      vertex 35.2646 18.5758 0
    endloop
  endfacet
  facet normal 0.803279 0.595602 0
    outer loop
      vertex 34.7941 16.2103 2
      vertex 34.7029 16.3333 0
      vertex 34.7029 16.3333 2
    endloop
  endfacet
  facet normal 0.803279 0.595602 0
    outer loop
      vertex 34.7029 16.3333 0
      vertex 34.7941 16.2103 2
      vertex 34.7941 16.2103 0
    endloop
  endfacet
  facet normal -0.941742 -0.336336 0
    outer loop
      vertex 37.4928 17.6528 0
      vertex 37.4413 17.797 2
      vertex 37.4413 17.797 0
    endloop
  endfacet
  facet normal -0.941742 -0.336336 0
    outer loop
      vertex 37.4413 17.797 2
      vertex 37.4928 17.6528 0
      vertex 37.4928 17.6528 2
    endloop
  endfacet
  facet normal 0.427778 -0.903884 0
    outer loop
      vertex 35.2646 18.5758 0
      vertex 35.403 18.6413 2
      vertex 35.2646 18.5758 2
    endloop
  endfacet
  facet normal 0.427778 -0.903884 0
    outer loop
      vertex 35.403 18.6413 2
      vertex 35.2646 18.5758 0
      vertex 35.403 18.6413 0
    endloop
  endfacet
  facet normal -0.595602 -0.803279 0
    outer loop
      vertex 36.8667 18.4971 0
      vertex 36.9897 18.4059 2
      vertex 36.8667 18.4971 2
    endloop
  endfacet
  facet normal -0.595602 -0.803279 -0
    outer loop
      vertex 36.9897 18.4059 2
      vertex 36.8667 18.4971 0
      vertex 36.9897 18.4059 0
    endloop
  endfacet
  facet normal 0.671632 0.740885 -0
    outer loop
      vertex 35.0103 15.9941 0
      vertex 34.8969 16.0969 2
      vertex 35.0103 15.9941 2
    endloop
  endfacet
  facet normal 0.671632 0.740885 0
    outer loop
      vertex 34.8969 16.0969 2
      vertex 35.0103 15.9941 0
      vertex 34.8969 16.0969 0
    endloop
  endfacet
  facet normal -0.903884 -0.427778 0
    outer loop
      vertex 37.4413 17.797 0
      vertex 37.3758 17.9354 2
      vertex 37.3758 17.9354 0
    endloop
  endfacet
  facet normal -0.903884 -0.427778 0
    outer loop
      vertex 37.3758 17.9354 2
      vertex 37.4413 17.797 0
      vertex 37.4413 17.797 2
    endloop
  endfacet
  facet normal -0.0489928 -0.998799 0
    outer loop
      vertex 36 18.76 0
      vertex 36.1529 18.7525 2
      vertex 36 18.76 2
    endloop
  endfacet
  facet normal -0.0489928 -0.998799 -0
    outer loop
      vertex 36.1529 18.7525 2
      vertex 36 18.76 0
      vertex 36.1529 18.7525 0
    endloop
  endfacet
  facet normal 0.595602 0.803279 -0
    outer loop
      vertex 35.1333 15.9029 0
      vertex 35.0103 15.9941 2
      vertex 35.1333 15.9029 2
    endloop
  endfacet
  facet normal 0.595602 0.803279 0
    outer loop
      vertex 35.0103 15.9941 2
      vertex 35.1333 15.9029 0
      vertex 35.0103 15.9941 0
    endloop
  endfacet
  facet normal -0.857723 -0.514111 0
    outer loop
      vertex 37.3758 17.9354 0
      vertex 37.2971 18.0667 2
      vertex 37.2971 18.0667 0
    endloop
  endfacet
  facet normal -0.857723 -0.514111 0
    outer loop
      vertex 37.2971 18.0667 2
      vertex 37.3758 17.9354 0
      vertex 37.3758 17.9354 2
    endloop
  endfacet
  facet normal 0.146999 0.989137 -0
    outer loop
      vertex 35.8471 15.6475 0
      vertex 35.6957 15.67 2
      vertex 35.8471 15.6475 2
    endloop
  endfacet
  facet normal 0.146999 0.989137 0
    outer loop
      vertex 35.6957 15.67 2
      vertex 35.8471 15.6475 0
      vertex 35.6957 15.67 0
    endloop
  endfacet
  facet normal -0.740885 0.671632 0
    outer loop
      vertex 37.1031 16.0969 0
      vertex 37.2059 16.2103 2
      vertex 37.2059 16.2103 0
    endloop
  endfacet
  facet normal -0.740885 0.671632 0
    outer loop
      vertex 37.2059 16.2103 2
      vertex 37.1031 16.0969 0
      vertex 37.1031 16.0969 2
    endloop
  endfacet
  facet normal 0.740885 -0.671632 0
    outer loop
      vertex 34.7941 18.1897 2
      vertex 34.8969 18.3031 0
      vertex 34.8969 18.3031 2
    endloop
  endfacet
  facet normal 0.740885 -0.671632 0
    outer loop
      vertex 34.8969 18.3031 0
      vertex 34.7941 18.1897 2
      vertex 34.7941 18.1897 0
    endloop
  endfacet
  facet normal 0.970027 -0.242997 0
    outer loop
      vertex 34.47 17.5043 2
      vertex 34.5072 17.6528 0
      vertex 34.5072 17.6528 2
    endloop
  endfacet
  facet normal 0.970027 -0.242997 0
    outer loop
      vertex 34.5072 17.6528 0
      vertex 34.47 17.5043 2
      vertex 34.47 17.5043 0
    endloop
  endfacet
  facet normal -0.0489928 0.998799 0
    outer loop
      vertex 36.1529 15.6475 0
      vertex 36 15.64 2
      vertex 36.1529 15.6475 2
    endloop
  endfacet
  facet normal -0.0489928 0.998799 0
    outer loop
      vertex 36 15.64 2
      vertex 36.1529 15.6475 0
      vertex 36 15.64 0
    endloop
  endfacet
  facet normal 0.740885 0.671632 0
    outer loop
      vertex 34.8969 16.0969 2
      vertex 34.7941 16.2103 0
      vertex 34.7941 16.2103 2
    endloop
  endfacet
  facet normal 0.740885 0.671632 0
    outer loop
      vertex 34.7941 16.2103 0
      vertex 34.8969 16.0969 2
      vertex 34.8969 16.0969 0
    endloop
  endfacet
  facet normal -0.740885 -0.671632 0
    outer loop
      vertex 37.2059 18.1897 0
      vertex 37.1031 18.3031 2
      vertex 37.1031 18.3031 0
    endloop
  endfacet
  facet normal -0.740885 -0.671632 0
    outer loop
      vertex 37.1031 18.3031 2
      vertex 37.2059 18.1897 0
      vertex 37.2059 18.1897 2
    endloop
  endfacet
  facet normal 0.514111 0.857723 -0
    outer loop
      vertex 35.2646 15.8242 0
      vertex 35.1333 15.9029 2
      vertex 35.2646 15.8242 2
    endloop
  endfacet
  facet normal 0.514111 0.857723 0
    outer loop
      vertex 35.1333 15.9029 2
      vertex 35.2646 15.8242 0
      vertex 35.1333 15.9029 0
    endloop
  endfacet
  facet normal 0.0489928 -0.998799 0
    outer loop
      vertex 35.8471 18.7525 0
      vertex 36 18.76 2
      vertex 35.8471 18.7525 2
    endloop
  endfacet
  facet normal 0.0489928 -0.998799 0
    outer loop
      vertex 36 18.76 2
      vertex 35.8471 18.7525 0
      vertex 36 18.76 0
    endloop
  endfacet
  facet normal -0.242997 -0.970027 0
    outer loop
      vertex 36.3043 18.73 0
      vertex 36.4528 18.6928 2
      vertex 36.3043 18.73 2
    endloop
  endfacet
  facet normal -0.242997 -0.970027 -0
    outer loop
      vertex 36.4528 18.6928 2
      vertex 36.3043 18.73 0
      vertex 36.4528 18.6928 0
    endloop
  endfacet
  facet normal -0.941742 0.336336 0
    outer loop
      vertex 37.4413 16.603 0
      vertex 37.4928 16.7472 2
      vertex 37.4928 16.7472 0
    endloop
  endfacet
  facet normal -0.941742 0.336336 0
    outer loop
      vertex 37.4928 16.7472 2
      vertex 37.4413 16.603 0
      vertex 37.4413 16.603 2
    endloop
  endfacet
  facet normal -0.595602 0.803279 0
    outer loop
      vertex 36.9897 15.9941 0
      vertex 36.8667 15.9029 2
      vertex 36.9897 15.9941 2
    endloop
  endfacet
  facet normal -0.595602 0.803279 0
    outer loop
      vertex 36.8667 15.9029 2
      vertex 36.9897 15.9941 0
      vertex 36.8667 15.9029 0
    endloop
  endfacet
  facet normal -0.514111 0.857723 0
    outer loop
      vertex 36.8667 15.9029 0
      vertex 36.7354 15.8242 2
      vertex 36.8667 15.9029 2
    endloop
  endfacet
  facet normal -0.514111 0.857723 0
    outer loop
      vertex 36.7354 15.8242 2
      vertex 36.8667 15.9029 0
      vertex 36.7354 15.8242 0
    endloop
  endfacet
  facet normal 0.998799 -0.0489928 0
    outer loop
      vertex 34.44 17.2 2
      vertex 34.4475 17.3529 0
      vertex 34.4475 17.3529 2
    endloop
  endfacet
  facet normal 0.998799 -0.0489928 0
    outer loop
      vertex 34.4475 17.3529 0
      vertex 34.44 17.2 2
      vertex 34.44 17.2 0
    endloop
  endfacet
  facet normal 0.998799 0.0489928 0
    outer loop
      vertex 34.4475 17.0471 2
      vertex 34.44 17.2 0
      vertex 34.44 17.2 2
    endloop
  endfacet
  facet normal 0.998799 0.0489928 0
    outer loop
      vertex 34.44 17.2 0
      vertex 34.4475 17.0471 2
      vertex 34.4475 17.0471 0
    endloop
  endfacet
  facet normal -0.671632 0.740885 0
    outer loop
      vertex 37.1031 16.0969 0
      vertex 36.9897 15.9941 2
      vertex 37.1031 16.0969 2
    endloop
  endfacet
  facet normal -0.671632 0.740885 0
    outer loop
      vertex 36.9897 15.9941 2
      vertex 37.1031 16.0969 0
      vertex 36.9897 15.9941 0
    endloop
  endfacet
  facet normal -0.146999 -0.989137 0
    outer loop
      vertex 36.1529 18.7525 0
      vertex 36.3043 18.73 2
      vertex 36.1529 18.7525 2
    endloop
  endfacet
  facet normal -0.146999 -0.989137 -0
    outer loop
      vertex 36.3043 18.73 2
      vertex 36.1529 18.7525 0
      vertex 36.3043 18.73 0
    endloop
  endfacet
  facet normal 0.903884 -0.427778 0
    outer loop
      vertex 34.5587 17.797 2
      vertex 34.6242 17.9354 0
      vertex 34.6242 17.9354 2
    endloop
  endfacet
  facet normal 0.903884 -0.427778 0
    outer loop
      vertex 34.6242 17.9354 0
      vertex 34.5587 17.797 2
      vertex 34.5587 17.797 0
    endloop
  endfacet
  facet normal 0.989137 -0.146999 0
    outer loop
      vertex -37.5525 17.3529 2
      vertex -37.53 17.5043 0
      vertex -37.53 17.5043 2
    endloop
  endfacet
  facet normal 0.989137 -0.146999 0
    outer loop
      vertex -37.53 17.5043 0
      vertex -37.5525 17.3529 2
      vertex -37.5525 17.3529 0
    endloop
  endfacet
  facet normal -0.989137 -0.146999 0
    outer loop
      vertex -34.4475 17.3529 0
      vertex -34.47 17.5043 2
      vertex -34.47 17.5043 0
    endloop
  endfacet
  facet normal -0.989137 -0.146999 0
    outer loop
      vertex -34.47 17.5043 2
      vertex -34.4475 17.3529 0
      vertex -34.4475 17.3529 2
    endloop
  endfacet
  facet normal -0.998799 -0.0489928 0
    outer loop
      vertex -34.44 17.2 0
      vertex -34.4475 17.3529 2
      vertex -34.4475 17.3529 0
    endloop
  endfacet
  facet normal -0.998799 -0.0489928 0
    outer loop
      vertex -34.4475 17.3529 2
      vertex -34.44 17.2 0
      vertex -34.44 17.2 2
    endloop
  endfacet
  facet normal -0.970027 -0.242997 0
    outer loop
      vertex -34.47 17.5043 0
      vertex -34.5072 17.6528 2
      vertex -34.5072 17.6528 0
    endloop
  endfacet
  facet normal -0.970027 -0.242997 0
    outer loop
      vertex -34.5072 17.6528 2
      vertex -34.47 17.5043 0
      vertex -34.47 17.5043 2
    endloop
  endfacet
  facet normal -0.427778 -0.903884 0
    outer loop
      vertex -35.403 18.6413 0
      vertex -35.2646 18.5758 2
      vertex -35.403 18.6413 2
    endloop
  endfacet
  facet normal -0.427778 -0.903884 -0
    outer loop
      vertex -35.2646 18.5758 2
      vertex -35.403 18.6413 0
      vertex -35.2646 18.5758 0
    endloop
  endfacet
  facet normal 0.242997 -0.970027 0
    outer loop
      vertex -36.4528 18.6928 0
      vertex -36.3043 18.73 2
      vertex -36.4528 18.6928 2
    endloop
  endfacet
  facet normal 0.242997 -0.970027 0
    outer loop
      vertex -36.3043 18.73 2
      vertex -36.4528 18.6928 0
      vertex -36.3043 18.73 0
    endloop
  endfacet
  facet normal 0.146999 -0.989137 0
    outer loop
      vertex -36.3043 18.73 0
      vertex -36.1529 18.7525 2
      vertex -36.3043 18.73 2
    endloop
  endfacet
  facet normal 0.146999 -0.989137 0
    outer loop
      vertex -36.1529 18.7525 2
      vertex -36.3043 18.73 0
      vertex -36.1529 18.7525 0
    endloop
  endfacet
  facet normal 0.336336 0.941742 -0
    outer loop
      vertex -36.4528 15.7072 0
      vertex -36.597 15.7587 2
      vertex -36.4528 15.7072 2
    endloop
  endfacet
  facet normal 0.336336 0.941742 0
    outer loop
      vertex -36.597 15.7587 2
      vertex -36.4528 15.7072 0
      vertex -36.597 15.7587 0
    endloop
  endfacet
  facet normal -0.857723 0.514111 0
    outer loop
      vertex -34.7029 16.3333 0
      vertex -34.6242 16.4646 2
      vertex -34.6242 16.4646 0
    endloop
  endfacet
  facet normal -0.857723 0.514111 0
    outer loop
      vertex -34.6242 16.4646 2
      vertex -34.7029 16.3333 0
      vertex -34.7029 16.3333 2
    endloop
  endfacet
  facet normal -0.998799 0.0489928 0
    outer loop
      vertex -34.4475 17.0471 0
      vertex -34.44 17.2 2
      vertex -34.44 17.2 0
    endloop
  endfacet
  facet normal -0.998799 0.0489928 0
    outer loop
      vertex -34.44 17.2 2
      vertex -34.4475 17.0471 0
      vertex -34.4475 17.0471 2
    endloop
  endfacet
  facet normal 0.970027 0.242997 0
    outer loop
      vertex -37.4928 16.7472 2
      vertex -37.53 16.8957 0
      vertex -37.53 16.8957 2
    endloop
  endfacet
  facet normal 0.970027 0.242997 0
    outer loop
      vertex -37.53 16.8957 0
      vertex -37.4928 16.7472 2
      vertex -37.4928 16.7472 0
    endloop
  endfacet
  facet normal 0.242997 0.970027 -0
    outer loop
      vertex -36.3043 15.67 0
      vertex -36.4528 15.7072 2
      vertex -36.3043 15.67 2
    endloop
  endfacet
  facet normal 0.242997 0.970027 0
    outer loop
      vertex -36.4528 15.7072 2
      vertex -36.3043 15.67 0
      vertex -36.4528 15.7072 0
    endloop
  endfacet
  facet normal 0.427778 0.903884 -0
    outer loop
      vertex -36.597 15.7587 0
      vertex -36.7354 15.8242 2
      vertex -36.597 15.7587 2
    endloop
  endfacet
  facet normal 0.427778 0.903884 0
    outer loop
      vertex -36.7354 15.8242 2
      vertex -36.597 15.7587 0
      vertex -36.7354 15.8242 0
    endloop
  endfacet
  facet normal -0.970027 0.242997 0
    outer loop
      vertex -34.5072 16.7472 0
      vertex -34.47 16.8957 2
      vertex -34.47 16.8957 0
    endloop
  endfacet
  facet normal -0.970027 0.242997 0
    outer loop
      vertex -34.47 16.8957 2
      vertex -34.5072 16.7472 0
      vertex -34.5072 16.7472 2
    endloop
  endfacet
  facet normal -0.242997 -0.970027 0
    outer loop
      vertex -35.6957 18.73 0
      vertex -35.5472 18.6928 2
      vertex -35.6957 18.73 2
    endloop
  endfacet
  facet normal -0.242997 -0.970027 -0
    outer loop
      vertex -35.5472 18.6928 2
      vertex -35.6957 18.73 0
      vertex -35.5472 18.6928 0
    endloop
  endfacet
  facet normal -0.903884 0.427778 0
    outer loop
      vertex -34.6242 16.4646 0
      vertex -34.5587 16.603 2
      vertex -34.5587 16.603 0
    endloop
  endfacet
  facet normal -0.903884 0.427778 0
    outer loop
      vertex -34.5587 16.603 2
      vertex -34.6242 16.4646 0
      vertex -34.6242 16.4646 2
    endloop
  endfacet
  facet normal 0.803279 -0.595602 0
    outer loop
      vertex -37.2971 18.0667 2
      vertex -37.2059 18.1897 0
      vertex -37.2059 18.1897 2
    endloop
  endfacet
  facet normal 0.803279 -0.595602 0
    outer loop
      vertex -37.2059 18.1897 0
      vertex -37.2971 18.0667 2
      vertex -37.2971 18.0667 0
    endloop
  endfacet
  facet normal 0.857723 -0.514111 0
    outer loop
      vertex -37.3758 17.9354 2
      vertex -37.2971 18.0667 0
      vertex -37.2971 18.0667 2
    endloop
  endfacet
  facet normal 0.857723 -0.514111 0
    outer loop
      vertex -37.2971 18.0667 0
      vertex -37.3758 17.9354 2
      vertex -37.3758 17.9354 0
    endloop
  endfacet
  facet normal 0.857723 0.514111 0
    outer loop
      vertex -37.2971 16.3333 2
      vertex -37.3758 16.4646 0
      vertex -37.3758 16.4646 2
    endloop
  endfacet
  facet normal 0.857723 0.514111 0
    outer loop
      vertex -37.3758 16.4646 0
      vertex -37.2971 16.3333 2
      vertex -37.2971 16.3333 0
    endloop
  endfacet
  facet normal -0.146999 0.989137 0
    outer loop
      vertex -35.6957 15.67 0
      vertex -35.8471 15.6475 2
      vertex -35.6957 15.67 2
    endloop
  endfacet
  facet normal -0.146999 0.989137 0
    outer loop
      vertex -35.8471 15.6475 2
      vertex -35.6957 15.67 0
      vertex -35.8471 15.6475 0
    endloop
  endfacet
  facet normal 0.0489928 0.998799 -0
    outer loop
      vertex -36 15.64 0
      vertex -36.1529 15.6475 2
      vertex -36 15.64 2
    endloop
  endfacet
  facet normal 0.0489928 0.998799 0
    outer loop
      vertex -36.1529 15.6475 2
      vertex -36 15.64 0
      vertex -36.1529 15.6475 0
    endloop
  endfacet
  facet normal 0.903884 0.427778 0
    outer loop
      vertex -37.3758 16.4646 2
      vertex -37.4413 16.603 0
      vertex -37.4413 16.603 2
    endloop
  endfacet
  facet normal 0.903884 0.427778 0
    outer loop
      vertex -37.4413 16.603 0
      vertex -37.3758 16.4646 2
      vertex -37.3758 16.4646 0
    endloop
  endfacet
  facet normal 0.941742 0.336336 0
    outer loop
      vertex -37.4413 16.603 2
      vertex -37.4928 16.7472 0
      vertex -37.4928 16.7472 2
    endloop
  endfacet
  facet normal 0.941742 0.336336 0
    outer loop
      vertex -37.4928 16.7472 0
      vertex -37.4413 16.603 2
      vertex -37.4413 16.603 0
    endloop
  endfacet
  facet normal 0.595602 -0.803279 0
    outer loop
      vertex -36.9897 18.4059 0
      vertex -36.8667 18.4971 2
      vertex -36.9897 18.4059 2
    endloop
  endfacet
  facet normal 0.595602 -0.803279 0
    outer loop
      vertex -36.8667 18.4971 2
      vertex -36.9897 18.4059 0
      vertex -36.8667 18.4971 0
    endloop
  endfacet
  facet normal 0.336336 -0.941742 0
    outer loop
      vertex -36.597 18.6413 0
      vertex -36.4528 18.6928 2
      vertex -36.597 18.6413 2
    endloop
  endfacet
  facet normal 0.336336 -0.941742 0
    outer loop
      vertex -36.4528 18.6928 2
      vertex -36.597 18.6413 0
      vertex -36.4528 18.6928 0
    endloop
  endfacet
  facet normal -0.514111 -0.857723 0
    outer loop
      vertex -35.2646 18.5758 0
      vertex -35.1333 18.4971 2
      vertex -35.2646 18.5758 2
    endloop
  endfacet
  facet normal -0.514111 -0.857723 -0
    outer loop
      vertex -35.1333 18.4971 2
      vertex -35.2646 18.5758 0
      vertex -35.1333 18.4971 0
    endloop
  endfacet
  facet normal 0.989137 0.146999 0
    outer loop
      vertex -37.53 16.8957 2
      vertex -37.5525 17.0471 0
      vertex -37.5525 17.0471 2
    endloop
  endfacet
  facet normal 0.989137 0.146999 0
    outer loop
      vertex -37.5525 17.0471 0
      vertex -37.53 16.8957 2
      vertex -37.53 16.8957 0
    endloop
  endfacet
  facet normal -0.803279 -0.595602 0
    outer loop
      vertex -34.7029 18.0667 0
      vertex -34.7941 18.1897 2
      vertex -34.7941 18.1897 0
    endloop
  endfacet
  facet normal -0.803279 -0.595602 0
    outer loop
      vertex -34.7941 18.1897 2
      vertex -34.7029 18.0667 0
      vertex -34.7029 18.0667 2
    endloop
  endfacet
  facet normal -0.242997 0.970027 0
    outer loop
      vertex -35.5472 15.7072 0
      vertex -35.6957 15.67 2
      vertex -35.5472 15.7072 2
    endloop
  endfacet
  facet normal -0.242997 0.970027 0
    outer loop
      vertex -35.6957 15.67 2
      vertex -35.5472 15.7072 0
      vertex -35.6957 15.67 0
    endloop
  endfacet
  facet normal -0.336336 -0.941742 0
    outer loop
      vertex -35.5472 18.6928 0
      vertex -35.403 18.6413 2
      vertex -35.5472 18.6928 2
    endloop
  endfacet
  facet normal -0.336336 -0.941742 -0
    outer loop
      vertex -35.403 18.6413 2
      vertex -35.5472 18.6928 0
      vertex -35.403 18.6413 0
    endloop
  endfacet
  facet normal -0.671632 -0.740885 0
    outer loop
      vertex -35.0103 18.4059 0
      vertex -34.8969 18.3031 2
      vertex -35.0103 18.4059 2
    endloop
  endfacet
  facet normal -0.671632 -0.740885 -0
    outer loop
      vertex -34.8969 18.3031 2
      vertex -35.0103 18.4059 0
      vertex -34.8969 18.3031 0
    endloop
  endfacet
  facet normal 0.514111 0.857723 -0
    outer loop
      vertex -36.7354 15.8242 0
      vertex -36.8667 15.9029 2
      vertex -36.7354 15.8242 2
    endloop
  endfacet
  facet normal 0.514111 0.857723 0
    outer loop
      vertex -36.8667 15.9029 2
      vertex -36.7354 15.8242 0
      vertex -36.8667 15.9029 0
    endloop
  endfacet
  facet normal 0.941742 -0.336336 0
    outer loop
      vertex -37.4928 17.6528 2
      vertex -37.4413 17.797 0
      vertex -37.4413 17.797 2
    endloop
  endfacet
  facet normal 0.941742 -0.336336 0
    outer loop
      vertex -37.4413 17.797 0
      vertex -37.4928 17.6528 2
      vertex -37.4928 17.6528 0
    endloop
  endfacet
  facet normal -0.336336 0.941742 0
    outer loop
      vertex -35.403 15.7587 0
      vertex -35.5472 15.7072 2
      vertex -35.403 15.7587 2
    endloop
  endfacet
  facet normal -0.336336 0.941742 0
    outer loop
      vertex -35.5472 15.7072 2
      vertex -35.403 15.7587 0
      vertex -35.5472 15.7072 0
    endloop
  endfacet
  facet normal -0.803279 0.595602 0
    outer loop
      vertex -34.7941 16.2103 0
      vertex -34.7029 16.3333 2
      vertex -34.7029 16.3333 0
    endloop
  endfacet
  facet normal -0.803279 0.595602 0
    outer loop
      vertex -34.7029 16.3333 2
      vertex -34.7941 16.2103 0
      vertex -34.7941 16.2103 2
    endloop
  endfacet
  facet normal -0.427778 0.903884 0
    outer loop
      vertex -35.2646 15.8242 0
      vertex -35.403 15.7587 2
      vertex -35.2646 15.8242 2
    endloop
  endfacet
  facet normal -0.427778 0.903884 0
    outer loop
      vertex -35.403 15.7587 2
      vertex -35.2646 15.8242 0
      vertex -35.403 15.7587 0
    endloop
  endfacet
  facet normal -0.989137 0.146999 0
    outer loop
      vertex -34.47 16.8957 0
      vertex -34.4475 17.0471 2
      vertex -34.4475 17.0471 0
    endloop
  endfacet
  facet normal -0.989137 0.146999 0
    outer loop
      vertex -34.4475 17.0471 2
      vertex -34.47 16.8957 0
      vertex -34.47 16.8957 2
    endloop
  endfacet
  facet normal 0.514111 -0.857723 0
    outer loop
      vertex -36.8667 18.4971 0
      vertex -36.7354 18.5758 2
      vertex -36.8667 18.4971 2
    endloop
  endfacet
  facet normal 0.514111 -0.857723 0
    outer loop
      vertex -36.7354 18.5758 2
      vertex -36.8667 18.4971 0
      vertex -36.7354 18.5758 0
    endloop
  endfacet
  facet normal 0.803279 0.595602 0
    outer loop
      vertex -37.2059 16.2103 2
      vertex -37.2971 16.3333 0
      vertex -37.2971 16.3333 2
    endloop
  endfacet
  facet normal 0.803279 0.595602 0
    outer loop
      vertex -37.2971 16.3333 0
      vertex -37.2059 16.2103 2
      vertex -37.2059 16.2103 0
    endloop
  endfacet
  facet normal -0.941742 -0.336336 0
    outer loop
      vertex -34.5072 17.6528 0
      vertex -34.5587 17.797 2
      vertex -34.5587 17.797 0
    endloop
  endfacet
  facet normal -0.941742 -0.336336 0
    outer loop
      vertex -34.5587 17.797 2
      vertex -34.5072 17.6528 0
      vertex -34.5072 17.6528 2
    endloop
  endfacet
  facet normal 0.427778 -0.903884 0
    outer loop
      vertex -36.7354 18.5758 0
      vertex -36.597 18.6413 2
      vertex -36.7354 18.5758 2
    endloop
  endfacet
  facet normal 0.427778 -0.903884 0
    outer loop
      vertex -36.597 18.6413 2
      vertex -36.7354 18.5758 0
      vertex -36.597 18.6413 0
    endloop
  endfacet
  facet normal -0.595602 -0.803279 0
    outer loop
      vertex -35.1333 18.4971 0
      vertex -35.0103 18.4059 2
      vertex -35.1333 18.4971 2
    endloop
  endfacet
  facet normal -0.595602 -0.803279 -0
    outer loop
      vertex -35.0103 18.4059 2
      vertex -35.1333 18.4971 0
      vertex -35.0103 18.4059 0
    endloop
  endfacet
  facet normal 0.671632 0.740885 -0
    outer loop
      vertex -36.9897 15.9941 0
      vertex -37.1031 16.0969 2
      vertex -36.9897 15.9941 2
    endloop
  endfacet
  facet normal 0.671632 0.740885 0
    outer loop
      vertex -37.1031 16.0969 2
      vertex -36.9897 15.9941 0
      vertex -37.1031 16.0969 0
    endloop
  endfacet
  facet normal -0.903884 -0.427778 0
    outer loop
      vertex -34.5587 17.797 0
      vertex -34.6242 17.9354 2
      vertex -34.6242 17.9354 0
    endloop
  endfacet
  facet normal -0.903884 -0.427778 0
    outer loop
      vertex -34.6242 17.9354 2
      vertex -34.5587 17.797 0
      vertex -34.5587 17.797 2
    endloop
  endfacet
  facet normal -0.0489928 -0.998799 0
    outer loop
      vertex -36 18.76 0
      vertex -35.8471 18.7525 2
      vertex -36 18.76 2
    endloop
  endfacet
  facet normal -0.0489928 -0.998799 -0
    outer loop
      vertex -35.8471 18.7525 2
      vertex -36 18.76 0
      vertex -35.8471 18.7525 0
    endloop
  endfacet
  facet normal 0.595602 0.803279 -0
    outer loop
      vertex -36.8667 15.9029 0
      vertex -36.9897 15.9941 2
      vertex -36.8667 15.9029 2
    endloop
  endfacet
  facet normal 0.595602 0.803279 0
    outer loop
      vertex -36.9897 15.9941 2
      vertex -36.8667 15.9029 0
      vertex -36.9897 15.9941 0
    endloop
  endfacet
  facet normal -0.857723 -0.514111 0
    outer loop
      vertex -34.6242 17.9354 0
      vertex -34.7029 18.0667 2
      vertex -34.7029 18.0667 0
    endloop
  endfacet
  facet normal -0.857723 -0.514111 0
    outer loop
      vertex -34.7029 18.0667 2
      vertex -34.6242 17.9354 0
      vertex -34.6242 17.9354 2
    endloop
  endfacet
  facet normal 0.146999 0.989137 -0
    outer loop
      vertex -36.1529 15.6475 0
      vertex -36.3043 15.67 2
      vertex -36.1529 15.6475 2
    endloop
  endfacet
  facet normal 0.146999 0.989137 0
    outer loop
      vertex -36.3043 15.67 2
      vertex -36.1529 15.6475 0
      vertex -36.3043 15.67 0
    endloop
  endfacet
  facet normal 0.671632 -0.740885 0
    outer loop
      vertex -37.1031 18.3031 0
      vertex -36.9897 18.4059 2
      vertex -37.1031 18.3031 2
    endloop
  endfacet
  facet normal 0.671632 -0.740885 0
    outer loop
      vertex -36.9897 18.4059 2
      vertex -37.1031 18.3031 0
      vertex -36.9897 18.4059 0
    endloop
  endfacet
  facet normal 0.0489928 -0.998799 0
    outer loop
      vertex -36.1529 18.7525 0
      vertex -36 18.76 2
      vertex -36.1529 18.7525 2
    endloop
  endfacet
  facet normal 0.0489928 -0.998799 0
    outer loop
      vertex -36 18.76 2
      vertex -36.1529 18.7525 0
      vertex -36 18.76 0
    endloop
  endfacet
  facet normal 0.740885 -0.671632 0
    outer loop
      vertex -37.2059 18.1897 2
      vertex -37.1031 18.3031 0
      vertex -37.1031 18.3031 2
    endloop
  endfacet
  facet normal 0.740885 -0.671632 0
    outer loop
      vertex -37.1031 18.3031 0
      vertex -37.2059 18.1897 2
      vertex -37.2059 18.1897 0
    endloop
  endfacet
  facet normal 0.970027 -0.242997 0
    outer loop
      vertex -37.53 17.5043 2
      vertex -37.4928 17.6528 0
      vertex -37.4928 17.6528 2
    endloop
  endfacet
  facet normal 0.970027 -0.242997 0
    outer loop
      vertex -37.4928 17.6528 0
      vertex -37.53 17.5043 2
      vertex -37.53 17.5043 0
    endloop
  endfacet
  facet normal 0.740885 0.671632 0
    outer loop
      vertex -37.1031 16.0969 2
      vertex -37.2059 16.2103 0
      vertex -37.2059 16.2103 2
    endloop
  endfacet
  facet normal 0.740885 0.671632 0
    outer loop
      vertex -37.2059 16.2103 0
      vertex -37.1031 16.0969 2
      vertex -37.1031 16.0969 0
    endloop
  endfacet
  facet normal -0.740885 -0.671632 0
    outer loop
      vertex -34.7941 18.1897 0
      vertex -34.8969 18.3031 2
      vertex -34.8969 18.3031 0
    endloop
  endfacet
  facet normal -0.740885 -0.671632 0
    outer loop
      vertex -34.8969 18.3031 2
      vertex -34.7941 18.1897 0
      vertex -34.7941 18.1897 2
    endloop
  endfacet
  facet normal -0.0489928 0.998799 0
    outer loop
      vertex -35.8471 15.6475 0
      vertex -36 15.64 2
      vertex -35.8471 15.6475 2
    endloop
  endfacet
  facet normal -0.0489928 0.998799 0
    outer loop
      vertex -36 15.64 2
      vertex -35.8471 15.6475 0
      vertex -36 15.64 0
    endloop
  endfacet
  facet normal -0.941742 0.336336 0
    outer loop
      vertex -34.5587 16.603 0
      vertex -34.5072 16.7472 2
      vertex -34.5072 16.7472 0
    endloop
  endfacet
  facet normal -0.941742 0.336336 0
    outer loop
      vertex -34.5072 16.7472 2
      vertex -34.5587 16.603 0
      vertex -34.5587 16.603 2
    endloop
  endfacet
  facet normal -0.595602 0.803279 0
    outer loop
      vertex -35.0103 15.9941 0
      vertex -35.1333 15.9029 2
      vertex -35.0103 15.9941 2
    endloop
  endfacet
  facet normal -0.595602 0.803279 0
    outer loop
      vertex -35.1333 15.9029 2
      vertex -35.0103 15.9941 0
      vertex -35.1333 15.9029 0
    endloop
  endfacet
  facet normal -0.514111 0.857723 0
    outer loop
      vertex -35.1333 15.9029 0
      vertex -35.2646 15.8242 2
      vertex -35.1333 15.9029 2
    endloop
  endfacet
  facet normal -0.514111 0.857723 0
    outer loop
      vertex -35.2646 15.8242 2
      vertex -35.1333 15.9029 0
      vertex -35.2646 15.8242 0
    endloop
  endfacet
  facet normal 0.998799 -0.0489928 0
    outer loop
      vertex -37.56 17.2 2
      vertex -37.5525 17.3529 0
      vertex -37.5525 17.3529 2
    endloop
  endfacet
  facet normal 0.998799 -0.0489928 0
    outer loop
      vertex -37.5525 17.3529 0
      vertex -37.56 17.2 2
      vertex -37.56 17.2 0
    endloop
  endfacet
  facet normal 0.998799 0.0489928 0
    outer loop
      vertex -37.5525 17.0471 2
      vertex -37.56 17.2 0
      vertex -37.56 17.2 2
    endloop
  endfacet
  facet normal 0.998799 0.0489928 0
    outer loop
      vertex -37.56 17.2 0
      vertex -37.5525 17.0471 2
      vertex -37.5525 17.0471 0
    endloop
  endfacet
  facet normal -0.740885 0.671632 0
    outer loop
      vertex -34.8969 16.0969 0
      vertex -34.7941 16.2103 2
      vertex -34.7941 16.2103 0
    endloop
  endfacet
  facet normal -0.740885 0.671632 0
    outer loop
      vertex -34.7941 16.2103 2
      vertex -34.8969 16.0969 0
      vertex -34.8969 16.0969 2
    endloop
  endfacet
  facet normal -0.671632 0.740885 0
    outer loop
      vertex -34.8969 16.0969 0
      vertex -35.0103 15.9941 2
      vertex -34.8969 16.0969 2
    endloop
  endfacet
  facet normal -0.671632 0.740885 0
    outer loop
      vertex -35.0103 15.9941 2
      vertex -34.8969 16.0969 0
      vertex -35.0103 15.9941 0
    endloop
  endfacet
  facet normal -0.146999 -0.989137 0
    outer loop
      vertex -35.8471 18.7525 0
      vertex -35.6957 18.73 2
      vertex -35.8471 18.7525 2
    endloop
  endfacet
  facet normal -0.146999 -0.989137 -0
    outer loop
      vertex -35.6957 18.73 2
      vertex -35.8471 18.7525 0
      vertex -35.6957 18.73 0
    endloop
  endfacet
  facet normal 0.903884 -0.427778 0
    outer loop
      vertex -37.4413 17.797 2
      vertex -37.3758 17.9354 0
      vertex -37.3758 17.9354 2
    endloop
  endfacet
  facet normal 0.903884 -0.427778 0
    outer loop
      vertex -37.3758 17.9354 0
      vertex -37.4413 17.797 2
      vertex -37.4413 17.797 0
    endloop
  endfacet
endsolid OpenSCAD_Model
