solid OpenSCAD_Model
  facet normal 0 0 -1
    outer loop
      vertex 8.117495858564785 7.393972308979079 9
      vertex 8.125030447200343 7.399999999999999 9
      vertex 7.939949925141921 6.80868180469032 9
    endloop
  endfacet
  facet normal 0 0 -1
    outer loop
      vertex 8.117495858564785 7.393972308979079 9
      vertex 8.120717726539537 7.399999999999999 9
      vertex 8.125030447200343 7.399999999999999 9
    endloop
  endfacet
  facet normal -0.4713967368259982 -0.8819212643483547 0
    outer loop
      vertex 9.806027691020919 3.3174958585647847 9
      vertex 9.806027691020919 3.3174958585647847 11
      vertex 9.26662087297884 3.6058148096160583 9
    endloop
  endfacet
  facet normal -0.7730104533627375 -0.6343932841636448 0
    outer loop
      vertex 8.793826842697971 3.993826842697971 9
      vertex 8.793826842697971 3.993826842697971 11
      vertex 8.405814809616059 4.46662087297884 9
    endloop
  endfacet
  facet normal -0.6343932841636448 -0.7730104533627374 0
    outer loop
      vertex 9.26662087297884 3.6058148096160583 9
      vertex 8.793826842697971 3.993826842697971 11
      vertex 8.793826842697971 3.993826842697971 9
    endloop
  endfacet
  facet normal -0.881921264348355 -0.4713967368259976 0
    outer loop
      vertex 8.405814809616059 4.46662087297884 9
      vertex 8.117495858564785 5.006027691020919 11
      vertex 8.117495858564785 5.006027691020919 9
    endloop
  endfacet
  facet normal -0.9569403357322087 -0.2902846772544629 0
    outer loop
      vertex 8.117495858564785 5.006027691020919 9
      vertex 8.117495858564785 5.006027691020919 11
      vertex 7.939949925141921 5.591318195309679 9
    endloop
  endfacet
  facet normal -0.9951847266721968 -0.09801714032956037 0
    outer loop
      vertex 7.939949925141921 5.591318195309679 9
      vertex 7.939949925141921 5.591318195309679 11
      vertex 7.88 6.199999999999999 9
    endloop
  endfacet
  facet normal -0.2902846772544625 -0.9569403357322088 0
    outer loop
      vertex 9.806027691020919 3.3174958585647847 9
      vertex 10.39131819530968 3.13994992514192 9
      vertex 9.806027691020919 3.3174958585647847 11
    endloop
  endfacet
  facet normal -0.09801714032956037 -0.9951847266721968 0
    outer loop
      vertex 10.39131819530968 3.13994992514192 9
      vertex 11 3.079999999999999 9
      vertex 10.39131819530968 3.13994992514192 11
    endloop
  endfacet
  facet normal 0.09801714032956037 -0.9951847266721968 0
    outer loop
      vertex 11 3.079999999999999 9
      vertex 11.60868180469032 3.13994992514192 9
      vertex 11.60868180469032 3.13994992514192 11
    endloop
  endfacet
  facet normal 0.2902846772544625 -0.9569403357322088 0
    outer loop
      vertex 11.60868180469032 3.13994992514192 9
      vertex 12.193972308979081 3.3174958585647847 9
      vertex 11.60868180469032 3.13994992514192 11
    endloop
  endfacet
  facet normal 0.4713967368259982 -0.8819212643483547 0
    outer loop
      vertex 12.193972308979081 3.3174958585647847 9
      vertex 12.73337912702116 3.6058148096160583 9
      vertex 12.73337912702116 3.6058148096160583 11
    endloop
  endfacet
  facet normal 0.6343932841636448 -0.7730104533627374 0
    outer loop
      vertex 12.73337912702116 3.6058148096160583 9
      vertex 13.206173157302029 3.993826842697971 9
      vertex 13.206173157302029 3.993826842697971 11
    endloop
  endfacet
  facet normal -0.9951847266721968 0.09801714032956037 0
    outer loop
      vertex 7.88 6.199999999999999 9
      vertex 7.939949925141921 6.80868180469032 11
      vertex 7.939949925141921 6.80868180469032 9
    endloop
  endfacet
  facet normal -0.9569403357322087 0.2902846772544629 0
    outer loop
      vertex 7.939949925141921 6.80868180469032 9
      vertex 8.117495858564785 7.393972308979079 11
      vertex 8.117495858564785 7.393972308979079 9
    endloop
  endfacet
  facet normal -0.8819212643483756 0.47139673682595906 0
    outer loop
      vertex 8.117495858564785 7.393972308979079 9
      vertex 8.117495858564785 7.393972308979079 11
      vertex 8.120717726539537 7.399999999999999 9
    endloop
  endfacet
  facet normal 0.7730104533627375 -0.6343932841636448 0
    outer loop
      vertex 13.206173157302029 3.993826842697971 9
      vertex 13.594185190383941 4.46662087297884 9
      vertex 13.206173157302029 3.993826842697971 11
    endloop
  endfacet
  facet normal 0 0 -1
    outer loop
      vertex 9.26662087297884 3.6058148096160583 9
      vertex 8.793826842697971 3.993826842697971 9
      vertex 26.382504141435213 22.00602769102092 9
    endloop
  endfacet
  facet normal 0 0 -1
    outer loop
      vertex 8.793826842697971 3.993826842697971 9
      vertex 8.405814809616059 4.46662087297884 9
      vertex 26.382504141435213 22.00602769102092 9
    endloop
  endfacet
  facet normal 0 0 -1
    outer loop
      vertex 9.806027691020919 3.3174958585647847 9
      vertex 26.382504141435213 22.00602769102092 9
      vertex 10.39131819530968 3.13994992514192 9
    endloop
  endfacet
  facet normal 0 0 -1
    outer loop
      vertex 10.39131819530968 3.13994992514192 9
      vertex 26.382504141435213 22.00602769102092 9
      vertex 11 3.079999999999999 9
    endloop
  endfacet
  facet normal 0 0 -1
    outer loop
      vertex 11 3.079999999999999 9
      vertex 26.382504141435213 22.00602769102092 9
      vertex 11.60868180469032 3.13994992514192 9
    endloop
  endfacet
  facet normal 0 0 -1
    outer loop
      vertex 9.806027691020919 3.3174958585647847 9
      vertex 9.26662087297884 3.6058148096160583 9
      vertex 26.382504141435213 22.00602769102092 9
    endloop
  endfacet
  facet normal 0 0 -1
    outer loop
      vertex 8.405814809616059 4.46662087297884 9
      vertex 8.117495858564785 5.006027691020919 9
      vertex 26.382504141435213 22.00602769102092 9
    endloop
  endfacet
  facet normal 0 0 -1
    outer loop
      vertex 8.117495858564785 5.006027691020919 9
      vertex 7.939949925141921 5.591318195309679 9
      vertex 26.382504141435213 22.00602769102092 9
    endloop
  endfacet
  facet normal 0 0 -1
    outer loop
      vertex 7.939949925141921 5.591318195309679 9
      vertex 7.88 6.199999999999999 9
      vertex 26.382504141435213 22.00602769102092 9
    endloop
  endfacet
  facet normal 0 0 -1
    outer loop
      vertex 7.88 6.199999999999999 9
      vertex 7.939949925141921 6.80868180469032 9
      vertex 26.382504141435213 22.00602769102092 9
    endloop
  endfacet
  facet normal 0 0 -1
    outer loop
      vertex 11.60868180469032 3.13994992514192 9
      vertex 26.382504141435213 22.00602769102092 9
      vertex 12.193972308979081 3.3174958585647847 9
    endloop
  endfacet
  facet normal 0 0 -1
    outer loop
      vertex 12.193972308979081 3.3174958585647847 9
      vertex 26.382504141435213 22.00602769102092 9
      vertex 12.73337912702116 3.6058148096160583 9
    endloop
  endfacet
  facet normal 0 0 -1
    outer loop
      vertex 12.73337912702116 3.6058148096160583 9
      vertex 26.382504141435213 22.00602769102092 9
      vertex 13.206173157302029 3.993826842697971 9
    endloop
  endfacet
  facet normal 0 0 -1
    outer loop
      vertex 13.206173157302029 3.993826842697971 9
      vertex 26.382504141435213 22.00602769102092 9
      vertex 13.594185190383941 4.46662087297884 9
    endloop
  endfacet
  facet normal 0 0 -1
    outer loop
      vertex 7.939949925141921 6.80868180469032 9
      vertex 8.125030447200343 7.399999999999999 9
      vertex 26.382504141435213 22.00602769102092 9
    endloop
  endfacet
  facet normal 0 0 -1
    outer loop
      vertex 26.382504141435213 22.00602769102092 9
      vertex 8.125030447200343 7.399999999999999 9
      vertex 14.839826315911438 12.970100912303467 9
    endloop
  endfacet
  facet normal 0.8056510126494246 -0.592390450477518 0
    outer loop
      vertex 13.594185190383941 4.46662087297884 9
      vertex 26.09418519038394 21.46662087297884 9
      vertex 13.594185190383941 4.46662087297884 11
    endloop
  endfacet
  facet normal -0.6343932841636448 -0.7730104533627374 0
    outer loop
      vertex 9.26662087297884 3.6058148096160583 9
      vertex 9.26662087297884 3.6058148096160583 11
      vertex 8.793826842697971 3.993826842697971 11
    endloop
  endfacet
  facet normal -0.4713967368259982 -0.8819212643483547 0
    outer loop
      vertex 9.26662087297884 3.6058148096160583 9
      vertex 9.806027691020919 3.3174958585647847 11
      vertex 9.26662087297884 3.6058148096160583 11
    endloop
  endfacet
  facet normal -0.7730104533627375 -0.6343932841636448 0
    outer loop
      vertex 8.405814809616059 4.46662087297884 9
      vertex 8.793826842697971 3.993826842697971 11
      vertex 8.405814809616059 4.46662087297884 11
    endloop
  endfacet
  facet normal -0.881921264348355 -0.4713967368259976 0
    outer loop
      vertex 8.405814809616059 4.46662087297884 9
      vertex 8.405814809616059 4.46662087297884 11
      vertex 8.117495858564785 5.006027691020919 11
    endloop
  endfacet
  facet normal -0.9569403357322087 -0.2902846772544629 0
    outer loop
      vertex 7.939949925141921 5.591318195309679 9
      vertex 8.117495858564785 5.006027691020919 11
      vertex 7.939949925141921 5.591318195309679 11
    endloop
  endfacet
  facet normal -0.2902846772544625 -0.9569403357322088 0
    outer loop
      vertex 10.39131819530968 3.13994992514192 9
      vertex 10.39131819530968 3.13994992514192 11
      vertex 9.806027691020919 3.3174958585647847 11
    endloop
  endfacet
  facet normal -0.09801714032956037 -0.9951847266721968 0
    outer loop
      vertex 11 3.079999999999999 9
      vertex 11 3.079999999999999 11
      vertex 10.39131819530968 3.13994992514192 11
    endloop
  endfacet
  facet normal 0.09801714032956037 -0.9951847266721968 0
    outer loop
      vertex 11 3.079999999999999 9
      vertex 11.60868180469032 3.13994992514192 11
      vertex 11 3.079999999999999 11
    endloop
  endfacet
  facet normal 0.2902846772544625 -0.9569403357322088 0
    outer loop
      vertex 12.193972308979081 3.3174958585647847 9
      vertex 12.193972308979081 3.3174958585647847 11
      vertex 11.60868180469032 3.13994992514192 11
    endloop
  endfacet
  facet normal 0.4713967368259982 -0.8819212643483547 0
    outer loop
      vertex 12.193972308979081 3.3174958585647847 9
      vertex 12.73337912702116 3.6058148096160583 11
      vertex 12.193972308979081 3.3174958585647847 11
    endloop
  endfacet
  facet normal 0.6343932841636448 -0.7730104533627374 0
    outer loop
      vertex 12.73337912702116 3.6058148096160583 9
      vertex 13.206173157302029 3.993826842697971 11
      vertex 12.73337912702116 3.6058148096160583 11
    endloop
  endfacet
  facet normal -0.9951847266721968 -0.09801714032956037 0
    outer loop
      vertex 7.88 6.199999999999999 9
      vertex 7.939949925141921 5.591318195309679 11
      vertex 7.88 6.199999999999999 11
    endloop
  endfacet
  facet normal -0.9951847266721968 0.09801714032956037 0
    outer loop
      vertex 7.88 6.199999999999999 9
      vertex 7.88 6.199999999999999 11
      vertex 7.939949925141921 6.80868180469032 11
    endloop
  endfacet
  facet normal -0.9569403357322087 0.2902846772544629 0
    outer loop
      vertex 7.939949925141921 6.80868180469032 9
      vertex 7.939949925141921 6.80868180469032 11
      vertex 8.117495858564785 7.393972308979079 11
    endloop
  endfacet
  facet normal -0.8819212643483756 0.47139673682595906 0
    outer loop
      vertex 8.117495858564785 7.393972308979079 11
      vertex 8.120717726539537 7.399999999999999 11
      vertex 8.120717726539537 7.399999999999999 9
    endloop
  endfacet
  facet normal 0 0 1
    outer loop
      vertex 8.117495858564785 7.393972308979079 11
      vertex 8.928545883955666 8.44663224732943 11
      vertex 8.120717726539537 7.399999999999999 11
    endloop
  endfacet
  facet normal 0 0 1
    outer loop
      vertex 8.405814809616059 4.46662087297884 11
      vertex 23.19565909765484 21.66997496257096 11
      vertex 8.117495858564785 5.006027691020919 11
    endloop
  endfacet
  facet normal 0 0 1
    outer loop
      vertex 8.117495858564785 5.006027691020919 11
      vertex 22.90301384551046 21.758747929282393 11
      vertex 7.939949925141921 5.591318195309679 11
    endloop
  endfacet
  facet normal 0 0 1
    outer loop
      vertex 7.939949925141921 5.591318195309679 11
      vertex 22.90301384551046 21.758747929282393 11
      vertex 7.88 6.199999999999999 11
    endloop
  endfacet
  facet normal 0 0 1
    outer loop
      vertex 7.88 6.199999999999999 11
      vertex 22.90301384551046 21.758747929282393 11
      vertex 7.939949925141921 6.80868180469032 11
    endloop
  endfacet
  facet normal 0 0 1
    outer loop
      vertex 7.939949925141921 6.80868180469032 11
      vertex 22.90301384551046 21.758747929282393 11
      vertex 8.117495858564785 7.393972308979079 11
    endloop
  endfacet
  facet normal 0 0 1
    outer loop
      vertex 8.117495858564785 7.393972308979079 11
      vertex 22.63331043648942 21.90290740480803 11
      vertex 8.928545883955666 8.44663224732943 11
    endloop
  endfacet
  facet normal 0 0 1
    outer loop
      vertex 21.94 23.2 11
      vertex 8.79955673146574 8.468868140736726 11
      vertex 8.928545883955666 8.44663224732943 11
    endloop
  endfacet
  facet normal 0.7730104533627375 -0.6343932841636448 0
    outer loop
      vertex 13.594185190383941 4.46662087297884 9
      vertex 13.594185190383941 4.46662087297884 11
      vertex 13.206173157302029 3.993826842697971 11
    endloop
  endfacet
  facet normal 0 0 1
    outer loop
      vertex 9.806027691020919 3.3174958585647847 11
      vertex 23.19565909765484 21.66997496257096 11
      vertex 9.26662087297884 3.6058148096160583 11
    endloop
  endfacet
  facet normal 0 0 1
    outer loop
      vertex 9.806027691020919 3.3174958585647847 11
      vertex 10.39131819530968 3.13994992514192 11
      vertex 23.5 21.64 11
    endloop
  endfacet
  facet normal 0 0 1
    outer loop
      vertex 10.39131819530968 3.13994992514192 11
      vertex 11 3.079999999999999 11
      vertex 23.5 21.64 11
    endloop
  endfacet
  facet normal 0 0 1
    outer loop
      vertex 9.26662087297884 3.6058148096160583 11
      vertex 23.19565909765484 21.66997496257096 11
      vertex 8.793826842697971 3.993826842697971 11
    endloop
  endfacet
  facet normal 0 0 1
    outer loop
      vertex 8.793826842697971 3.993826842697971 11
      vertex 23.19565909765484 21.66997496257096 11
      vertex 8.405814809616059 4.46662087297884 11
    endloop
  endfacet
  facet normal 0 0 1
    outer loop
      vertex 11 3.079999999999999 11
      vertex 11.60868180469032 3.13994992514192 11
      vertex 23.80434090234516 21.66997496257096 11
    endloop
  endfacet
  facet normal 0 0 1
    outer loop
      vertex 11.60868180469032 3.13994992514192 11
      vertex 12.193972308979081 3.3174958585647847 11
      vertex 23.80434090234516 21.66997496257096 11
    endloop
  endfacet
  facet normal 0 0 1
    outer loop
      vertex 12.193972308979081 3.3174958585647847 11
      vertex 12.73337912702116 3.6058148096160583 11
      vertex 23.80434090234516 21.66997496257096 11
    endloop
  endfacet
  facet normal 0 0 1
    outer loop
      vertex 12.73337912702116 3.6058148096160583 11
      vertex 13.206173157302029 3.993826842697971 11
      vertex 24.09698615448954 21.758747929282393 11
    endloop
  endfacet
  facet normal 0 0 1
    outer loop
      vertex 13.206173157302029 3.993826842697971 11
      vertex 13.594185190383941 4.46662087297884 11
      vertex 24.09698615448954 21.758747929282393 11
    endloop
  endfacet
  facet normal 0 0 -1
    outer loop
      vertex 22.058747929282394 23.796986154489538 9
      vertex 11.67488268243467 12.37931143405447 9
      vertex 12.131271333865206 12.999999999999998 9
    endloop
  endfacet
  facet normal 0 0 -1
    outer loop
      vertex 24.36668956351058 21.90290740480803 9
      vertex 14.839826315911438 12.970100912303467 9
      vertex 11.67488268243467 12.37931143405447 9
    endloop
  endfacet
  facet normal 0 0 -1
    outer loop
      vertex 22.63331043648942 21.90290740480803 9
      vertex 22.90301384551046 21.758747929282393 9
      vertex 11.67488268243467 12.37931143405447 9
    endloop
  endfacet
  facet normal 0 0 -1
    outer loop
      vertex 22.63331043648942 21.90290740480803 9
      vertex 11.67488268243467 12.37931143405447 9
      vertex 22.396913421348987 22.096913421348987 9
    endloop
  endfacet
  facet normal 0 0 -1
    outer loop
      vertex 22.396913421348987 22.096913421348987 9
      vertex 11.67488268243467 12.37931143405447 9
      vertex 22.20290740480803 22.33331043648942 9
    endloop
  endfacet
  facet normal 0 0 -1
    outer loop
      vertex 22.90301384551046 21.758747929282393 9
      vertex 23.19565909765484 21.66997496257096 9
      vertex 11.67488268243467 12.37931143405447 9
    endloop
  endfacet
  facet normal 0 0 -1
    outer loop
      vertex 23.19565909765484 21.66997496257096 9
      vertex 23.5 21.64 9
      vertex 11.67488268243467 12.37931143405447 9
    endloop
  endfacet
  facet normal 0 0 -1
    outer loop
      vertex 23.5 21.64 9
      vertex 23.80434090234516 21.66997496257096 9
      vertex 11.67488268243467 12.37931143405447 9
    endloop
  endfacet
  facet normal 0 0 -1
    outer loop
      vertex 23.80434090234516 21.66997496257096 9
      vertex 24.09698615448954 21.758747929282393 9
      vertex 11.67488268243467 12.37931143405447 9
    endloop
  endfacet
  facet normal 0 0 -1
    outer loop
      vertex 22.20290740480803 22.33331043648942 9
      vertex 11.67488268243467 12.37931143405447 9
      vertex 22.058747929282394 22.60301384551046 9
    endloop
  endfacet
  facet normal 0 0 -1
    outer loop
      vertex 22.058747929282394 22.60301384551046 9
      vertex 11.67488268243467 12.37931143405447 9
      vertex 21.96997496257096 22.89565909765484 9
    endloop
  endfacet
  facet normal 0 0 -1
    outer loop
      vertex 21.96997496257096 22.89565909765484 9
      vertex 11.67488268243467 12.37931143405447 9
      vertex 21.94 23.2 9
    endloop
  endfacet
  facet normal 0 0 -1
    outer loop
      vertex 21.94 23.2 9
      vertex 11.67488268243467 12.37931143405447 9
      vertex 21.96997496257096 23.50434090234516 9
    endloop
  endfacet
  facet normal 0 0 -1
    outer loop
      vertex 21.96997496257096 23.50434090234516 9
      vertex 11.67488268243467 12.37931143405447 9
      vertex 22.058747929282394 23.796986154489538 9
    endloop
  endfacet
  facet normal 0 0 -1
    outer loop
      vertex 13.594185190383941 4.46662087297884 9
      vertex 26.382504141435213 22.00602769102092 9
      vertex 26.09418519038394 21.46662087297884 9
    endloop
  endfacet
  facet normal 0 0 -1
    outer loop
      vertex 24.09698615448954 21.758747929282393 9
      vertex 24.36668956351058 21.90290740480803 9
      vertex 11.67488268243467 12.37931143405447 9
    endloop
  endfacet
  facet normal 0 0 -1
    outer loop
      vertex 24.36668956351058 21.90290740480803 9
      vertex 24.603086578651013 22.096913421348987 9
      vertex 14.839826315911438 12.970100912303467 9
    endloop
  endfacet
  facet normal 0 0 -1
    outer loop
      vertex 24.603086578651013 22.096913421348987 9
      vertex 26.382504141435213 22.00602769102092 9
      vertex 14.839826315911438 12.970100912303467 9
    endloop
  endfacet
  facet normal 0 0 -1
    outer loop
      vertex 22.058747929282394 23.796986154489538 9
      vertex 12.131271333865206 12.999999999999998 9
      vertex 20.90581480961606 24.93337912702116 9
    endloop
  endfacet
  facet normal 0 0 -1
    outer loop
      vertex 24.603086578651013 22.096913421348987 9
      vertex 24.79709259519197 22.33331043648942 9
      vertex 26.382504141435213 22.00602769102092 9
    endloop
  endfacet
  facet normal 0 0 -1
    outer loop
      vertex 24.79709259519197 22.33331043648942 9
      vertex 24.941252070717606 22.60301384551046 9
      vertex 26.382504141435213 22.00602769102092 9
    endloop
  endfacet
  facet normal 0 0 -1
    outer loop
      vertex 24.941252070717606 22.60301384551046 9
      vertex 25.03002503742904 22.89565909765484 9
      vertex 26.382504141435213 22.00602769102092 9
    endloop
  endfacet
  facet normal 0 0 -1
    outer loop
      vertex 26.382504141435213 22.00602769102092 9
      vertex 26.62 23.2 9
      vertex 26.56005007485808 22.59131819530968 9
    endloop
  endfacet
  facet normal 0 0 -1
    outer loop
      vertex 26.382504141435213 22.00602769102092 9
      vertex 25.03002503742904 22.89565909765484 9
      vertex 25.06 23.2 9
    endloop
  endfacet
  facet normal 0 0 -1
    outer loop
      vertex 26.382504141435213 22.00602769102092 9
      vertex 25.06 23.2 9
      vertex 25.03002503742904 23.50434090234516 9
    endloop
  endfacet
  facet normal 0 0 -1
    outer loop
      vertex 26.382504141435213 22.00602769102092 9
      vertex 25.03002503742904 23.50434090234516 9
      vertex 24.941252070717606 23.796986154489538 9
    endloop
  endfacet
  facet normal 0 0 -1
    outer loop
      vertex 26.382504141435213 22.00602769102092 9
      vertex 24.941252070717606 23.796986154489538 9
      vertex 24.79709259519197 24.06668956351058 9
    endloop
  endfacet
  facet normal 0 0 -1
    outer loop
      vertex 26.382504141435213 22.00602769102092 9
      vertex 26.56005007485808 23.80868180469032 9
      vertex 26.62 23.2 9
    endloop
  endfacet
  facet normal 0 0 -1
    outer loop
      vertex 26.382504141435213 22.00602769102092 9
      vertex 26.382504141435213 24.39397230897908 9
      vertex 26.56005007485808 23.80868180469032 9
    endloop
  endfacet
  facet normal 0 0 -1
    outer loop
      vertex 22.20290740480803 24.06668956351058 9
      vertex 20.90581480961606 24.93337912702116 9
      vertex 21.29382684269797 25.406173157302028 9
    endloop
  endfacet
  facet normal 0 0 -1
    outer loop
      vertex 22.058747929282394 23.796986154489538 9
      vertex 20.90581480961606 24.93337912702116 9
      vertex 22.20290740480803 24.06668956351058 9
    endloop
  endfacet
  facet normal 0 0 -1
    outer loop
      vertex 22.20290740480803 24.06668956351058 9
      vertex 21.29382684269797 25.406173157302028 9
      vertex 22.396913421348987 24.303086578651012 9
    endloop
  endfacet
  facet normal 0 0 -1
    outer loop
      vertex 22.396913421348987 24.303086578651012 9
      vertex 21.29382684269797 25.406173157302028 9
      vertex 22.63331043648942 24.49709259519197 9
    endloop
  endfacet
  facet normal 0 0 -1
    outer loop
      vertex 22.63331043648942 24.49709259519197 9
      vertex 21.76662087297884 25.794185190383942 9
      vertex 22.90301384551046 24.641252070717606 9
    endloop
  endfacet
  facet normal 0 0 -1
    outer loop
      vertex 22.63331043648942 24.49709259519197 9
      vertex 21.29382684269797 25.406173157302028 9
      vertex 21.76662087297884 25.794185190383942 9
    endloop
  endfacet
  facet normal 0 0 -1
    outer loop
      vertex 22.90301384551046 24.641252070717606 9
      vertex 21.76662087297884 25.794185190383942 9
      vertex 22.30602769102092 26.082504141435216 9
    endloop
  endfacet
  facet normal 0 0 -1
    outer loop
      vertex 22.90301384551046 24.641252070717606 9
      vertex 22.30602769102092 26.082504141435216 9
      vertex 23.19565909765484 24.730025037429037 9
    endloop
  endfacet
  facet normal 0 0 -1
    outer loop
      vertex 23.19565909765484 24.730025037429037 9
      vertex 22.30602769102092 26.082504141435216 9
      vertex 23.5 24.759999999999998 9
    endloop
  endfacet
  facet normal 0 0 -1
    outer loop
      vertex 22.30602769102092 26.082504141435216 9
      vertex 22.89131819530968 26.26005007485808 9
      vertex 23.5 24.759999999999998 9
    endloop
  endfacet
  facet normal 0 0 -1
    outer loop
      vertex 26.382504141435213 22.00602769102092 9
      vertex 24.79709259519197 24.06668956351058 9
      vertex 23.5 26.32 9
    endloop
  endfacet
  facet normal 0 0 -1
    outer loop
      vertex 26.382504141435213 22.00602769102092 9
      vertex 23.5 26.32 9
      vertex 24.10868180469032 26.26005007485808 9
    endloop
  endfacet
  facet normal 0 0 -1
    outer loop
      vertex 26.382504141435213 22.00602769102092 9
      vertex 26.09418519038394 24.93337912702116 9
      vertex 26.382504141435213 24.39397230897908 9
    endloop
  endfacet
  facet normal 0 0 -1
    outer loop
      vertex 26.382504141435213 22.00602769102092 9
      vertex 25.70617315730203 25.406173157302028 9
      vertex 26.09418519038394 24.93337912702116 9
    endloop
  endfacet
  facet normal 0 0 -1
    outer loop
      vertex 26.382504141435213 22.00602769102092 9
      vertex 25.23337912702116 25.794185190383942 9
      vertex 25.70617315730203 25.406173157302028 9
    endloop
  endfacet
  facet normal 0 0 -1
    outer loop
      vertex 26.382504141435213 22.00602769102092 9
      vertex 24.10868180469032 26.26005007485808 9
      vertex 24.69397230897908 26.082504141435216 9
    endloop
  endfacet
  facet normal 0 0 -1
    outer loop
      vertex 26.382504141435213 22.00602769102092 9
      vertex 24.69397230897908 26.082504141435216 9
      vertex 25.23337912702116 25.794185190383942 9
    endloop
  endfacet
  facet normal 0 0 -1
    outer loop
      vertex 22.89131819530968 26.26005007485808 9
      vertex 24.09698615448954 24.641252070717606 9
      vertex 23.80434090234516 24.730025037429037 9
    endloop
  endfacet
  facet normal 0 0 -1
    outer loop
      vertex 24.09698615448954 24.641252070717606 9
      vertex 23.5 26.32 9
      vertex 24.36668956351058 24.49709259519197 9
    endloop
  endfacet
  facet normal 0 0 -1
    outer loop
      vertex 22.89131819530968 26.26005007485808 9
      vertex 23.80434090234516 24.730025037429037 9
      vertex 23.5 24.759999999999998 9
    endloop
  endfacet
  facet normal 0 0 -1
    outer loop
      vertex 24.79709259519197 24.06668956351058 9
      vertex 24.603086578651013 24.303086578651012 9
      vertex 23.5 26.32 9
    endloop
  endfacet
  facet normal 0 0 -1
    outer loop
      vertex 24.36668956351058 24.49709259519197 9
      vertex 23.5 26.32 9
      vertex 24.603086578651013 24.303086578651012 9
    endloop
  endfacet
  facet normal 0 0 -1
    outer loop
      vertex 22.89131819530968 26.26005007485808 9
      vertex 23.5 26.32 9
      vertex 24.09698615448954 24.641252070717606 9
    endloop
  endfacet
  facet normal -0.8056510126494245 0.5923904504775181 0
    outer loop
      vertex 20.90581480961606 24.93337912702116 9
      vertex 12.131271333865206 12.999999999999998 9
      vertex 20.90581480961606 24.93337912702116 11
    endloop
  endfacet
  facet normal 0.8819212643483547 -0.4713967368259982 0
    outer loop
      vertex 26.09418519038394 21.46662087297884 9
      vertex 26.382504141435213 22.00602769102092 9
      vertex 26.09418519038394 21.46662087297884 11
    endloop
  endfacet
  facet normal 0.956940335732208 -0.29028467725446516 0
    outer loop
      vertex 26.382504141435213 22.00602769102092 9
      vertex 26.56005007485808 22.59131819530968 9
      vertex 26.56005007485808 22.59131819530968 11
    endloop
  endfacet
  facet normal 0.9951847266721968 -0.09801714032956181 0
    outer loop
      vertex 26.56005007485808 22.59131819530968 9
      vertex 26.62 23.2 9
      vertex 26.62 23.2 11
    endloop
  endfacet
  facet normal -0.7730104533627393 0.6343932841636427 0
    outer loop
      vertex 20.90581480961606 24.93337912702116 9
      vertex 20.90581480961606 24.93337912702116 11
      vertex 21.29382684269797 25.406173157302028 9
    endloop
  endfacet
  facet normal -0.6343932841636463 0.7730104533627364 0
    outer loop
      vertex 21.29382684269797 25.406173157302028 9
      vertex 21.76662087297884 25.794185190383942 11
      vertex 21.76662087297884 25.794185190383942 9
    endloop
  endfacet
  facet normal -0.4713967368259982 0.8819212643483547 0
    outer loop
      vertex 21.76662087297884 25.794185190383942 9
      vertex 21.76662087297884 25.794185190383942 11
      vertex 22.30602769102092 26.082504141435216 9
    endloop
  endfacet
  facet normal -0.29028467725445983 0.9569403357322096 0
    outer loop
      vertex 22.30602769102092 26.082504141435216 9
      vertex 22.30602769102092 26.082504141435216 11
      vertex 22.89131819530968 26.26005007485808 9
    endloop
  endfacet
  facet normal 0.9951847266721968 0.09801714032956181 0
    outer loop
      vertex 26.62 23.2 9
      vertex 26.56005007485808 23.80868180469032 9
      vertex 26.56005007485808 23.80868180469032 11
    endloop
  endfacet
  facet normal 0.956940335732208 0.29028467725446516 0
    outer loop
      vertex 26.56005007485808 23.80868180469032 9
      vertex 26.382504141435213 24.39397230897908 9
      vertex 26.56005007485808 23.80868180469032 11
    endloop
  endfacet
  facet normal 0.8819212643483547 0.4713967368259982 0
    outer loop
      vertex 26.382504141435213 24.39397230897908 9
      vertex 26.09418519038394 24.93337912702116 9
      vertex 26.09418519038394 24.93337912702116 11
    endloop
  endfacet
  facet normal -0.09801714032956181 0.9951847266721968 0
    outer loop
      vertex 22.89131819530968 26.26005007485808 9
      vertex 23.5 26.32 11
      vertex 23.5 26.32 9
    endloop
  endfacet
  facet normal 0.09801714032956181 0.9951847266721968 0
    outer loop
      vertex 23.5 26.32 9
      vertex 23.5 26.32 11
      vertex 24.10868180469032 26.26005007485808 9
    endloop
  endfacet
  facet normal 0.29028467725445983 0.9569403357322096 0
    outer loop
      vertex 24.10868180469032 26.26005007485808 9
      vertex 24.69397230897908 26.082504141435216 11
      vertex 24.69397230897908 26.082504141435216 9
    endloop
  endfacet
  facet normal 0.7730104533627393 0.6343932841636427 0
    outer loop
      vertex 25.70617315730203 25.406173157302028 9
      vertex 26.09418519038394 24.93337912702116 11
      vertex 26.09418519038394 24.93337912702116 9
    endloop
  endfacet
  facet normal 0.4713967368259982 0.8819212643483547 0
    outer loop
      vertex 24.69397230897908 26.082504141435216 9
      vertex 25.23337912702116 25.794185190383942 11
      vertex 25.23337912702116 25.794185190383942 9
    endloop
  endfacet
  facet normal 0.6343932841636463 0.7730104533627364 0
    outer loop
      vertex 25.70617315730203 25.406173157302028 9
      vertex 25.23337912702116 25.794185190383942 9
      vertex 25.23337912702116 25.794185190383942 11
    endloop
  endfacet
  facet normal -0.8056510126494245 0.592390450477518 -6.767303012266312e-16
    outer loop
      vertex 20.90581480961606 24.93337912702116 11
      vertex 12.131271333865206 12.999999999999998 9
      vertex 11.238467243884989 11.785786437626903 10.214213562373095
    endloop
  endfacet
  facet normal 0.8056510126494246 -0.592390450477518 0
    outer loop
      vertex 13.594185190383941 4.46662087297884 11
      vertex 26.09418519038394 21.46662087297884 9
      vertex 26.09418519038394 21.46662087297884 11
    endloop
  endfacet
  facet normal -0.8056510126494245 0.5923904504775181 -1.1786386961969369e-15
    outer loop
      vertex 20.90581480961606 24.93337912702116 11
      vertex 11.238467243884989 11.785786437626903 10.214213562373095
      vertex 11.81625138919889 12.571572875253809 11
    endloop
  endfacet
  facet normal 0 0 1
    outer loop
      vertex 21.94 23.2 11
      vertex 11.81625138919889 12.571572875253809 11
      vertex 8.79955673146574 8.468868140736726 11
    endloop
  endfacet
  facet normal 0 0 1
    outer loop
      vertex 8.117495858564785 5.006027691020919 11
      vertex 23.19565909765484 21.66997496257096 11
      vertex 22.90301384551046 21.758747929282393 11
    endloop
  endfacet
  facet normal 0 0 1
    outer loop
      vertex 9.806027691020919 3.3174958585647847 11
      vertex 23.5 21.64 11
      vertex 23.19565909765484 21.66997496257096 11
    endloop
  endfacet
  facet normal 0 0 1
    outer loop
      vertex 11 3.079999999999999 11
      vertex 23.80434090234516 21.66997496257096 11
      vertex 23.5 21.64 11
    endloop
  endfacet
  facet normal 0 0 1
    outer loop
      vertex 8.117495858564785 7.393972308979079 11
      vertex 22.90301384551046 21.758747929282393 11
      vertex 22.63331043648942 21.90290740480803 11
    endloop
  endfacet
  facet normal 0 0 1
    outer loop
      vertex 22.63331043648942 21.90290740480803 11
      vertex 22.396913421348987 22.096913421348987 11
      vertex 8.928545883955666 8.44663224732943 11
    endloop
  endfacet
  facet normal 0 0 1
    outer loop
      vertex 22.396913421348987 22.096913421348987 11
      vertex 22.20290740480803 22.33331043648942 11
      vertex 8.928545883955666 8.44663224732943 11
    endloop
  endfacet
  facet normal 0 0 1
    outer loop
      vertex 22.20290740480803 22.33331043648942 11
      vertex 22.058747929282394 22.60301384551046 11
      vertex 8.928545883955666 8.44663224732943 11
    endloop
  endfacet
  facet normal 0 0 1
    outer loop
      vertex 22.058747929282394 22.60301384551046 11
      vertex 21.96997496257096 22.89565909765484 11
      vertex 8.928545883955666 8.44663224732943 11
    endloop
  endfacet
  facet normal 0 0 1
    outer loop
      vertex 21.96997496257096 22.89565909765484 11
      vertex 21.94 23.2 11
      vertex 8.928545883955666 8.44663224732943 11
    endloop
  endfacet
  facet normal 0 0 1
    outer loop
      vertex 20.90581480961606 24.93337912702116 11
      vertex 11.81625138919889 12.571572875253809 11
      vertex 21.94 23.2 11
    endloop
  endfacet
  facet normal 0 0 1
    outer loop
      vertex 12.73337912702116 3.6058148096160583 11
      vertex 24.09698615448954 21.758747929282393 11
      vertex 23.80434090234516 21.66997496257096 11
    endloop
  endfacet
  facet normal 0 0 1
    outer loop
      vertex 13.594185190383941 4.46662087297884 11
      vertex 26.09418519038394 21.46662087297884 11
      vertex 24.09698615448954 21.758747929282393 11
    endloop
  endfacet
  facet normal 0.8819212643483547 -0.4713967368259982 0
    outer loop
      vertex 26.382504141435213 22.00602769102092 9
      vertex 26.382504141435213 22.00602769102092 11
      vertex 26.09418519038394 21.46662087297884 11
    endloop
  endfacet
  facet normal 0.956940335732208 -0.29028467725446516 0
    outer loop
      vertex 26.382504141435213 22.00602769102092 9
      vertex 26.56005007485808 22.59131819530968 11
      vertex 26.382504141435213 22.00602769102092 11
    endloop
  endfacet
  facet normal 0.9951847266721968 -0.09801714032956181 0
    outer loop
      vertex 26.56005007485808 22.59131819530968 9
      vertex 26.62 23.2 11
      vertex 26.56005007485808 22.59131819530968 11
    endloop
  endfacet
  facet normal 0.9951847266721968 0.09801714032956181 0
    outer loop
      vertex 26.62 23.2 9
      vertex 26.56005007485808 23.80868180469032 11
      vertex 26.62 23.2 11
    endloop
  endfacet
  facet normal -0.7730104533627393 0.6343932841636427 0
    outer loop
      vertex 21.29382684269797 25.406173157302028 9
      vertex 20.90581480961606 24.93337912702116 11
      vertex 21.29382684269797 25.406173157302028 11
    endloop
  endfacet
  facet normal -0.6343932841636463 0.7730104533627364 0
    outer loop
      vertex 21.29382684269797 25.406173157302028 9
      vertex 21.29382684269797 25.406173157302028 11
      vertex 21.76662087297884 25.794185190383942 11
    endloop
  endfacet
  facet normal -0.4713967368259982 0.8819212643483547 0
    outer loop
      vertex 22.30602769102092 26.082504141435216 9
      vertex 21.76662087297884 25.794185190383942 11
      vertex 22.30602769102092 26.082504141435216 11
    endloop
  endfacet
  facet normal -0.29028467725445983 0.9569403357322096 0
    outer loop
      vertex 22.89131819530968 26.26005007485808 9
      vertex 22.30602769102092 26.082504141435216 11
      vertex 22.89131819530968 26.26005007485808 11
    endloop
  endfacet
  facet normal -0.09801714032956181 0.9951847266721968 0
    outer loop
      vertex 22.89131819530968 26.26005007485808 9
      vertex 22.89131819530968 26.26005007485808 11
      vertex 23.5 26.32 11
    endloop
  endfacet
  facet normal 0.956940335732208 0.29028467725446516 0
    outer loop
      vertex 26.382504141435213 24.39397230897908 9
      vertex 26.382504141435213 24.39397230897908 11
      vertex 26.56005007485808 23.80868180469032 11
    endloop
  endfacet
  facet normal 0.8819212643483547 0.4713967368259982 0
    outer loop
      vertex 26.382504141435213 24.39397230897908 9
      vertex 26.09418519038394 24.93337912702116 11
      vertex 26.382504141435213 24.39397230897908 11
    endloop
  endfacet
  facet normal 0.09801714032956181 0.9951847266721968 0
    outer loop
      vertex 24.10868180469032 26.26005007485808 9
      vertex 23.5 26.32 11
      vertex 24.10868180469032 26.26005007485808 11
    endloop
  endfacet
  facet normal 0.29028467725445983 0.9569403357322096 0
    outer loop
      vertex 24.10868180469032 26.26005007485808 9
      vertex 24.10868180469032 26.26005007485808 11
      vertex 24.69397230897908 26.082504141435216 11
    endloop
  endfacet
  facet normal 0.4713967368259982 0.8819212643483547 0
    outer loop
      vertex 24.69397230897908 26.082504141435216 9
      vertex 24.69397230897908 26.082504141435216 11
      vertex 25.23337912702116 25.794185190383942 11
    endloop
  endfacet
  facet normal 0.6343932841636463 0.7730104533627364 0
    outer loop
      vertex 25.70617315730203 25.406173157302028 9
      vertex 25.23337912702116 25.794185190383942 11
      vertex 25.70617315730203 25.406173157302028 11
    endloop
  endfacet
  facet normal 0.7730104533627393 0.6343932841636427 0
    outer loop
      vertex 25.70617315730203 25.406173157302028 9
      vertex 25.70617315730203 25.406173157302028 11
      vertex 26.09418519038394 24.93337912702116 11
    endloop
  endfacet
  facet normal 0 0 1
    outer loop
      vertex 24.09698615448954 21.758747929282393 11
      vertex 26.09418519038394 21.46662087297884 11
      vertex 24.36668956351058 21.90290740480803 11
    endloop
  endfacet
  facet normal 0 0 1
    outer loop
      vertex 24.36668956351058 21.90290740480803 11
      vertex 26.09418519038394 21.46662087297884 11
      vertex 24.603086578651013 22.096913421348987 11
    endloop
  endfacet
  facet normal 0 0 1
    outer loop
      vertex 26.09418519038394 21.46662087297884 11
      vertex 24.79709259519197 22.33331043648942 11
      vertex 24.603086578651013 22.096913421348987 11
    endloop
  endfacet
  facet normal 0 0 1
    outer loop
      vertex 26.09418519038394 21.46662087297884 11
      vertex 24.941252070717606 22.60301384551046 11
      vertex 24.79709259519197 22.33331043648942 11
    endloop
  endfacet
  facet normal 0 0 1
    outer loop
      vertex 26.09418519038394 21.46662087297884 11
      vertex 26.09418519038394 24.93337912702116 11
      vertex 24.941252070717606 22.60301384551046 11
    endloop
  endfacet
  facet normal 0 0 1
    outer loop
      vertex 26.09418519038394 21.46662087297884 11
      vertex 26.382504141435213 22.00602769102092 11
      vertex 26.09418519038394 24.93337912702116 11
    endloop
  endfacet
  facet normal 0 0 1
    outer loop
      vertex 26.382504141435213 22.00602769102092 11
      vertex 26.56005007485808 22.59131819530968 11
      vertex 26.09418519038394 24.93337912702116 11
    endloop
  endfacet
  facet normal 0 0 1
    outer loop
      vertex 21.94 23.2 11
      vertex 21.96997496257096 23.50434090234516 11
      vertex 20.90581480961606 24.93337912702116 11
    endloop
  endfacet
  facet normal 0 0 1
    outer loop
      vertex 21.96997496257096 23.50434090234516 11
      vertex 22.058747929282394 23.796986154489538 11
      vertex 20.90581480961606 24.93337912702116 11
    endloop
  endfacet
  facet normal 0 0 1
    outer loop
      vertex 22.058747929282394 23.796986154489538 11
      vertex 22.20290740480803 24.06668956351058 11
      vertex 20.90581480961606 24.93337912702116 11
    endloop
  endfacet
  facet normal 0 0 1
    outer loop
      vertex 22.20290740480803 24.06668956351058 11
      vertex 22.396913421348987 24.303086578651012 11
      vertex 20.90581480961606 24.93337912702116 11
    endloop
  endfacet
  facet normal 0 0 1
    outer loop
      vertex 22.396913421348987 24.303086578651012 11
      vertex 22.63331043648942 24.49709259519197 11
      vertex 20.90581480961606 24.93337912702116 11
    endloop
  endfacet
  facet normal 0 0 1
    outer loop
      vertex 22.63331043648942 24.49709259519197 11
      vertex 22.90301384551046 24.641252070717606 11
      vertex 20.90581480961606 24.93337912702116 11
    endloop
  endfacet
  facet normal 0 0 1
    outer loop
      vertex 22.90301384551046 24.641252070717606 11
      vertex 23.19565909765484 24.730025037429037 11
      vertex 20.90581480961606 24.93337912702116 11
    endloop
  endfacet
  facet normal 0 0 1
    outer loop
      vertex 23.19565909765484 24.730025037429037 11
      vertex 23.5 24.759999999999998 11
      vertex 20.90581480961606 24.93337912702116 11
    endloop
  endfacet
  facet normal 0 0 1
    outer loop
      vertex 20.90581480961606 24.93337912702116 11
      vertex 26.09418519038394 24.93337912702116 11
      vertex 21.29382684269797 25.406173157302028 11
    endloop
  endfacet
  facet normal 0 0 1
    outer loop
      vertex 21.29382684269797 25.406173157302028 11
      vertex 26.09418519038394 24.93337912702116 11
      vertex 21.76662087297884 25.794185190383942 11
    endloop
  endfacet
  facet normal 0 0 1
    outer loop
      vertex 23.5 24.759999999999998 11
      vertex 23.80434090234516 24.730025037429037 11
      vertex 26.09418519038394 24.93337912702116 11
    endloop
  endfacet
  facet normal 0 0 1
    outer loop
      vertex 24.09698615448954 24.641252070717606 11
      vertex 26.09418519038394 24.93337912702116 11
      vertex 23.80434090234516 24.730025037429037 11
    endloop
  endfacet
  facet normal 0 0 1
    outer loop
      vertex 24.09698615448954 24.641252070717606 11
      vertex 24.36668956351058 24.49709259519197 11
      vertex 26.09418519038394 24.93337912702116 11
    endloop
  endfacet
  facet normal 0 0 1
    outer loop
      vertex 24.941252070717606 22.60301384551046 11
      vertex 26.09418519038394 24.93337912702116 11
      vertex 25.03002503742904 22.89565909765484 11
    endloop
  endfacet
  facet normal 0 0 1
    outer loop
      vertex 25.03002503742904 22.89565909765484 11
      vertex 26.09418519038394 24.93337912702116 11
      vertex 25.06 23.2 11
    endloop
  endfacet
  facet normal 0 0 1
    outer loop
      vertex 24.941252070717606 23.796986154489538 11
      vertex 25.03002503742904 23.50434090234516 11
      vertex 26.09418519038394 24.93337912702116 11
    endloop
  endfacet
  facet normal 0 0 1
    outer loop
      vertex 25.06 23.2 11
      vertex 26.09418519038394 24.93337912702116 11
      vertex 25.03002503742904 23.50434090234516 11
    endloop
  endfacet
  facet normal 0 0 1
    outer loop
      vertex 26.56005007485808 22.59131819530968 11
      vertex 26.62 23.2 11
      vertex 26.09418519038394 24.93337912702116 11
    endloop
  endfacet
  facet normal 0 0 1
    outer loop
      vertex 26.62 23.2 11
      vertex 26.56005007485808 23.80868180469032 11
      vertex 26.09418519038394 24.93337912702116 11
    endloop
  endfacet
  facet normal 0 0 1
    outer loop
      vertex 24.941252070717606 23.796986154489538 11
      vertex 26.09418519038394 24.93337912702116 11
      vertex 24.79709259519197 24.06668956351058 11
    endloop
  endfacet
  facet normal 0 0 1
    outer loop
      vertex 24.79709259519197 24.06668956351058 11
      vertex 26.09418519038394 24.93337912702116 11
      vertex 24.603086578651013 24.303086578651012 11
    endloop
  endfacet
  facet normal 0 0 1
    outer loop
      vertex 24.36668956351058 24.49709259519197 11
      vertex 24.603086578651013 24.303086578651012 11
      vertex 26.09418519038394 24.93337912702116 11
    endloop
  endfacet
  facet normal 0 0 1
    outer loop
      vertex 26.56005007485808 23.80868180469032 11
      vertex 26.382504141435213 24.39397230897908 11
      vertex 26.09418519038394 24.93337912702116 11
    endloop
  endfacet
  facet normal 0 0 1
    outer loop
      vertex 20.90581480961606 24.93337912702116 11
      vertex 23.5 24.759999999999998 11
      vertex 26.09418519038394 24.93337912702116 11
    endloop
  endfacet
  facet normal 0 0 1
    outer loop
      vertex 21.76662087297884 25.794185190383942 11
      vertex 26.09418519038394 24.93337912702116 11
      vertex 22.30602769102092 26.082504141435216 11
    endloop
  endfacet
  facet normal 0 0 1
    outer loop
      vertex 22.30602769102092 26.082504141435216 11
      vertex 26.09418519038394 24.93337912702116 11
      vertex 22.89131819530968 26.26005007485808 11
    endloop
  endfacet
  facet normal 0 0 1
    outer loop
      vertex 22.89131819530968 26.26005007485808 11
      vertex 26.09418519038394 24.93337912702116 11
      vertex 23.5 26.32 11
    endloop
  endfacet
  facet normal 0 0 1
    outer loop
      vertex 23.5 26.32 11
      vertex 26.09418519038394 24.93337912702116 11
      vertex 24.10868180469032 26.26005007485808 11
    endloop
  endfacet
  facet normal 0 0 1
    outer loop
      vertex 25.70617315730203 25.406173157302028 11
      vertex 25.23337912702116 25.794185190383942 11
      vertex 26.09418519038394 24.93337912702116 11
    endloop
  endfacet
  facet normal 0 0 1
    outer loop
      vertex 24.10868180469032 26.26005007485808 11
      vertex 26.09418519038394 24.93337912702116 11
      vertex 24.69397230897908 26.082504141435216 11
    endloop
  endfacet
  facet normal 0 0 1
    outer loop
      vertex 24.69397230897908 26.082504141435216 11
      vertex 26.09418519038394 24.93337912702116 11
      vertex 25.23337912702116 25.794185190383942 11
    endloop
  endfacet
  facet normal -0.7730104533627375 -0.6343932841636448 0
    outer loop
      vertex -13.594185190383941 4.46662087297884 9
      vertex -13.206173157302029 3.993826842697971 9
      vertex -13.206173157302029 3.993826842697971 11
    endloop
  endfacet
  facet normal 0 0 -1
    outer loop
      vertex -13.594185190383941 4.46662087297884 9
      vertex -26.09418519038394 21.46662087297884 9
      vertex -10.347770425367091 8.268416187264808 9
    endloop
  endfacet
  facet normal 0 0 -1
    outer loop
      vertex -12.73337912702116 3.6058148096160583 9
      vertex -7.88 6.199999999999999 9
      vertex -12.193972308979081 3.3174958585647847 9
    endloop
  endfacet
  facet normal 0 0 -1
    outer loop
      vertex -11.60868180469032 3.13994992514192 9
      vertex -7.88 6.199999999999999 9
      vertex -11 3.079999999999999 9
    endloop
  endfacet
  facet normal 0 0 -1
    outer loop
      vertex -12.193972308979081 3.3174958585647847 9
      vertex -7.88 6.199999999999999 9
      vertex -11.60868180469032 3.13994992514192 9
    endloop
  endfacet
  facet normal 0 0 -1
    outer loop
      vertex -12.73337912702116 3.6058148096160583 9
      vertex -13.206173157302029 3.993826842697971 9
      vertex -7.88 6.199999999999999 9
    endloop
  endfacet
  facet normal 0 0 -1
    outer loop
      vertex -13.594185190383941 4.46662087297884 9
      vertex -7.88 6.199999999999999 9
      vertex -13.206173157302029 3.993826842697971 9
    endloop
  endfacet
  facet normal 0 0 -1
    outer loop
      vertex -11 3.079999999999999 9
      vertex -7.88 6.199999999999999 9
      vertex -10.39131819530968 3.13994992514192 9
    endloop
  endfacet
  facet normal 0 0 -1
    outer loop
      vertex -10.39131819530968 3.13994992514192 9
      vertex -7.88 6.199999999999999 9
      vertex -9.806027691020919 3.3174958585647847 9
    endloop
  endfacet
  facet normal 0 0 -1
    outer loop
      vertex -9.806027691020919 3.3174958585647847 9
      vertex -7.88 6.199999999999999 9
      vertex -9.26662087297884 3.6058148096160583 9
    endloop
  endfacet
  facet normal 0 0 -1
    outer loop
      vertex -9.26662087297884 3.6058148096160583 9
      vertex -7.88 6.199999999999999 9
      vertex -8.793826842697971 3.993826842697971 9
    endloop
  endfacet
  facet normal 0 0 -1
    outer loop
      vertex -8.793826842697971 3.993826842697971 9
      vertex -7.88 6.199999999999999 9
      vertex -8.405814809616059 4.46662087297884 9
    endloop
  endfacet
  facet normal 0 0 -1
    outer loop
      vertex -8.405814809616059 4.46662087297884 9
      vertex -7.88 6.199999999999999 9
      vertex -8.117495858564785 5.006027691020919 9
    endloop
  endfacet
  facet normal 0 0 -1
    outer loop
      vertex -8.117495858564785 5.006027691020919 9
      vertex -7.88 6.199999999999999 9
      vertex -7.939949925141921 5.591318195309679 9
    endloop
  endfacet
  facet normal 0 0 -1
    outer loop
      vertex -13.594185190383941 4.46662087297884 9
      vertex -9.311686973189106 7.399999999999999 9
      vertex -7.88 6.199999999999999 9
    endloop
  endfacet
  facet normal 0 0 -1
    outer loop
      vertex -13.594185190383941 4.46662087297884 9
      vertex -10.347770425367091 8.268416187264808 9
      vertex -9.311686973189106 7.399999999999999 9
    endloop
  endfacet
  facet normal 0 0 -1
    outer loop
      vertex -7.88 6.199999999999999 9
      vertex -9.311686973189106 7.399999999999999 9
      vertex -8.120717726539537 7.399999999999999 9
    endloop
  endfacet
  facet normal 0 0 -1
    outer loop
      vertex -7.88 6.199999999999999 9
      vertex -8.117495858564785 7.393972308979079 9
      vertex -7.939949925141921 6.80868180469032 9
    endloop
  endfacet
  facet normal 0 0 -1
    outer loop
      vertex -7.88 6.199999999999999 9
      vertex -8.120717726539537 7.399999999999999 9
      vertex -8.117495858564785 7.393972308979079 9
    endloop
  endfacet
  facet normal -0.4713967368259982 -0.8819212643483547 0
    outer loop
      vertex -12.73337912702116 3.6058148096160583 9
      vertex -12.193972308979081 3.3174958585647847 9
      vertex -12.193972308979081 3.3174958585647847 11
    endloop
  endfacet
  facet normal -0.2902846772544625 -0.9569403357322088 0
    outer loop
      vertex -12.193972308979081 3.3174958585647847 9
      vertex -11.60868180469032 3.13994992514192 9
      vertex -12.193972308979081 3.3174958585647847 11
    endloop
  endfacet
  facet normal -0.6343932841636448 -0.7730104533627374 0
    outer loop
      vertex -12.73337912702116 3.6058148096160583 9
      vertex -13.206173157302029 3.993826842697971 11
      vertex -13.206173157302029 3.993826842697971 9
    endloop
  endfacet
  facet normal -0.09801714032956037 -0.9951847266721968 0
    outer loop
      vertex -11.60868180469032 3.13994992514192 9
      vertex -11 3.079999999999999 9
      vertex -11.60868180469032 3.13994992514192 11
    endloop
  endfacet
  facet normal 0.09801714032956037 -0.9951847266721968 0
    outer loop
      vertex -11 3.079999999999999 9
      vertex -10.39131819530968 3.13994992514192 9
      vertex -10.39131819530968 3.13994992514192 11
    endloop
  endfacet
  facet normal 0.2902846772544625 -0.9569403357322088 0
    outer loop
      vertex -10.39131819530968 3.13994992514192 9
      vertex -9.806027691020919 3.3174958585647847 9
      vertex -10.39131819530968 3.13994992514192 11
    endloop
  endfacet
  facet normal 0.4713967368259982 -0.8819212643483547 0
    outer loop
      vertex -9.806027691020919 3.3174958585647847 9
      vertex -9.26662087297884 3.6058148096160583 9
      vertex -9.26662087297884 3.6058148096160583 11
    endloop
  endfacet
  facet normal 0.6343932841636448 -0.7730104533627374 0
    outer loop
      vertex -9.26662087297884 3.6058148096160583 9
      vertex -8.793826842697971 3.993826842697971 9
      vertex -9.26662087297884 3.6058148096160583 11
    endloop
  endfacet
  facet normal 0.7730104533627375 -0.6343932841636448 0
    outer loop
      vertex -8.793826842697971 3.993826842697971 9
      vertex -8.405814809616059 4.46662087297884 9
      vertex -8.793826842697971 3.993826842697971 11
    endloop
  endfacet
  facet normal 0.881921264348355 -0.4713967368259976 0
    outer loop
      vertex -8.405814809616059 4.46662087297884 9
      vertex -8.117495858564785 5.006027691020919 9
      vertex -8.117495858564785 5.006027691020919 11
    endloop
  endfacet
  facet normal 0.9569403357322087 -0.2902846772544629 0
    outer loop
      vertex -8.117495858564785 5.006027691020919 9
      vertex -7.939949925141921 5.591318195309679 9
      vertex -7.939949925141921 5.591318195309679 11
    endloop
  endfacet
  facet normal 0.9951847266721968 -0.09801714032956037 0
    outer loop
      vertex -7.939949925141921 5.591318195309679 9
      vertex -7.88 6.199999999999999 9
      vertex -7.939949925141921 5.591318195309679 11
    endloop
  endfacet
  facet normal 0.9951847266721968 0.09801714032956037 0
    outer loop
      vertex -7.88 6.199999999999999 9
      vertex -7.939949925141921 6.80868180469032 9
      vertex -7.939949925141921 6.80868180469032 11
    endloop
  endfacet
  facet normal 0.9569403357322087 0.2902846772544629 0
    outer loop
      vertex -7.939949925141921 6.80868180469032 9
      vertex -8.117495858564785 7.393972308979079 9
      vertex -7.939949925141921 6.80868180469032 11
    endloop
  endfacet
  facet normal 0.8819212643483756 0.47139673682595906 0
    outer loop
      vertex -8.117495858564785 7.393972308979079 9
      vertex -8.120717726539537 7.399999999999999 9
      vertex -8.120717726539537 7.399999999999999 11
    endloop
  endfacet
  facet normal 0 0 -1
    outer loop
      vertex -12.131271333865206 12.999999999999998 9
      vertex -8.85680755219182 8.546729256924191 9
      vertex -10.347770425367091 8.268416187264808 9
    endloop
  endfacet
  facet normal -0.7730104533627375 -0.6343932841636448 0
    outer loop
      vertex -13.594185190383941 4.46662087297884 9
      vertex -13.206173157302029 3.993826842697971 11
      vertex -13.594185190383941 4.46662087297884 11
    endloop
  endfacet
  facet normal -0.8056510126494246 -0.592390450477518 0
    outer loop
      vertex -13.594185190383941 4.46662087297884 9
      vertex -13.594185190383941 4.46662087297884 11
      vertex -26.09418519038394 21.46662087297884 11
    endloop
  endfacet
  facet normal 0 0 1
    outer loop
      vertex -12.73337912702116 3.6058148096160583 11
      vertex -26.56005007485808 22.59131819530968 11
      vertex -13.206173157302029 3.993826842697971 11
    endloop
  endfacet
  facet normal 0 0 1
    outer loop
      vertex -12.73337912702116 3.6058148096160583 11
      vertex -12.193972308979081 3.3174958585647847 11
      vertex -26.56005007485808 22.59131819530968 11
    endloop
  endfacet
  facet normal 0 0 1
    outer loop
      vertex -12.193972308979081 3.3174958585647847 11
      vertex -11.60868180469032 3.13994992514192 11
      vertex -26.56005007485808 22.59131819530968 11
    endloop
  endfacet
  facet normal 0 0 1
    outer loop
      vertex -13.594185190383941 4.46662087297884 11
      vertex -13.206173157302029 3.993826842697971 11
      vertex -26.56005007485808 22.59131819530968 11
    endloop
  endfacet
  facet normal 0 0 1
    outer loop
      vertex -11.60868180469032 3.13994992514192 11
      vertex -11 3.079999999999999 11
      vertex -26.56005007485808 22.59131819530968 11
    endloop
  endfacet
  facet normal 0 0 1
    outer loop
      vertex -11 3.079999999999999 11
      vertex -10.39131819530968 3.13994992514192 11
      vertex -26.56005007485808 22.59131819530968 11
    endloop
  endfacet
  facet normal 0 0 1
    outer loop
      vertex -10.39131819530968 3.13994992514192 11
      vertex -9.806027691020919 3.3174958585647847 11
      vertex -26.56005007485808 22.59131819530968 11
    endloop
  endfacet
  facet normal 0 0 1
    outer loop
      vertex -9.806027691020919 3.3174958585647847 11
      vertex -9.26662087297884 3.6058148096160583 11
      vertex -26.56005007485808 22.59131819530968 11
    endloop
  endfacet
  facet normal 0 0 1
    outer loop
      vertex -9.26662087297884 3.6058148096160583 11
      vertex -8.793826842697971 3.993826842697971 11
      vertex -26.56005007485808 22.59131819530968 11
    endloop
  endfacet
  facet normal 0 0 1
    outer loop
      vertex -8.793826842697971 3.993826842697971 11
      vertex -8.405814809616059 4.46662087297884 11
      vertex -26.56005007485808 22.59131819530968 11
    endloop
  endfacet
  facet normal 0 0 1
    outer loop
      vertex -8.405814809616059 4.46662087297884 11
      vertex -8.117495858564785 5.006027691020919 11
      vertex -26.56005007485808 22.59131819530968 11
    endloop
  endfacet
  facet normal 0 0 1
    outer loop
      vertex -8.117495858564785 5.006027691020919 11
      vertex -7.939949925141921 5.591318195309679 11
      vertex -26.56005007485808 22.59131819530968 11
    endloop
  endfacet
  facet normal 0 0 1
    outer loop
      vertex -7.939949925141921 5.591318195309679 11
      vertex -7.88 6.199999999999999 11
      vertex -26.56005007485808 22.59131819530968 11
    endloop
  endfacet
  facet normal 0 0 1
    outer loop
      vertex -7.939949925141921 6.80868180469032 11
      vertex -8.117495858564785 7.393972308979079 11
      vertex -26.56005007485808 22.59131819530968 11
    endloop
  endfacet
  facet normal 0 0 1
    outer loop
      vertex -7.88 6.199999999999999 11
      vertex -7.939949925141921 6.80868180469032 11
      vertex -26.56005007485808 22.59131819530968 11
    endloop
  endfacet
  facet normal 0 0 1
    outer loop
      vertex -8.117495858564785 7.393972308979079 11
      vertex -13.919685624850814 12.385342057944866 11
      vertex -26.56005007485808 22.59131819530968 11
    endloop
  endfacet
  facet normal -0.4713967368259982 -0.8819212643483547 0
    outer loop
      vertex -12.73337912702116 3.6058148096160583 9
      vertex -12.193972308979081 3.3174958585647847 11
      vertex -12.73337912702116 3.6058148096160583 11
    endloop
  endfacet
  facet normal -0.6343932841636448 -0.7730104533627374 0
    outer loop
      vertex -12.73337912702116 3.6058148096160583 9
      vertex -12.73337912702116 3.6058148096160583 11
      vertex -13.206173157302029 3.993826842697971 11
    endloop
  endfacet
  facet normal -0.2902846772544625 -0.9569403357322088 0
    outer loop
      vertex -11.60868180469032 3.13994992514192 9
      vertex -11.60868180469032 3.13994992514192 11
      vertex -12.193972308979081 3.3174958585647847 11
    endloop
  endfacet
  facet normal -0.09801714032956037 -0.9951847266721968 0
    outer loop
      vertex -11 3.079999999999999 9
      vertex -11 3.079999999999999 11
      vertex -11.60868180469032 3.13994992514192 11
    endloop
  endfacet
  facet normal 0.09801714032956037 -0.9951847266721968 0
    outer loop
      vertex -11 3.079999999999999 9
      vertex -10.39131819530968 3.13994992514192 11
      vertex -11 3.079999999999999 11
    endloop
  endfacet
  facet normal 0.2902846772544625 -0.9569403357322088 0
    outer loop
      vertex -9.806027691020919 3.3174958585647847 9
      vertex -9.806027691020919 3.3174958585647847 11
      vertex -10.39131819530968 3.13994992514192 11
    endloop
  endfacet
  facet normal 0.4713967368259982 -0.8819212643483547 0
    outer loop
      vertex -9.806027691020919 3.3174958585647847 9
      vertex -9.26662087297884 3.6058148096160583 11
      vertex -9.806027691020919 3.3174958585647847 11
    endloop
  endfacet
  facet normal 0.6343932841636448 -0.7730104533627374 0
    outer loop
      vertex -8.793826842697971 3.993826842697971 9
      vertex -8.793826842697971 3.993826842697971 11
      vertex -9.26662087297884 3.6058148096160583 11
    endloop
  endfacet
  facet normal 0.7730104533627375 -0.6343932841636448 0
    outer loop
      vertex -8.405814809616059 4.46662087297884 9
      vertex -8.405814809616059 4.46662087297884 11
      vertex -8.793826842697971 3.993826842697971 11
    endloop
  endfacet
  facet normal 0.881921264348355 -0.4713967368259976 0
    outer loop
      vertex -8.405814809616059 4.46662087297884 9
      vertex -8.117495858564785 5.006027691020919 11
      vertex -8.405814809616059 4.46662087297884 11
    endloop
  endfacet
  facet normal 0.9569403357322087 -0.2902846772544629 0
    outer loop
      vertex -8.117495858564785 5.006027691020919 9
      vertex -7.939949925141921 5.591318195309679 11
      vertex -8.117495858564785 5.006027691020919 11
    endloop
  endfacet
  facet normal 0.9951847266721968 -0.09801714032956037 0
    outer loop
      vertex -7.88 6.199999999999999 9
      vertex -7.88 6.199999999999999 11
      vertex -7.939949925141921 5.591318195309679 11
    endloop
  endfacet
  facet normal 0.9951847266721968 0.09801714032956037 0
    outer loop
      vertex -7.88 6.199999999999999 9
      vertex -7.939949925141921 6.80868180469032 11
      vertex -7.88 6.199999999999999 11
    endloop
  endfacet
  facet normal 0.9569403357322087 0.2902846772544629 0
    outer loop
      vertex -8.117495858564785 7.393972308979079 9
      vertex -8.117495858564785 7.393972308979079 11
      vertex -7.939949925141921 6.80868180469032 11
    endloop
  endfacet
  facet normal 0.8819212643483756 0.47139673682595906 0
    outer loop
      vertex -8.117495858564785 7.393972308979079 9
      vertex -8.120717726539537 7.399999999999999 11
      vertex -8.117495858564785 7.393972308979079 11
    endloop
  endfacet
  facet normal 0 0 1
    outer loop
      vertex -8.117495858564785 7.393972308979079 11
      vertex -8.120717726539537 7.399999999999999 11
      vertex -13.919685624850814 12.385342057944866 11
    endloop
  endfacet
  facet normal 0 0 -1
    outer loop
      vertex -26.09418519038394 21.46662087297884 9
      vertex -26.382504141435213 22.00602769102092 9
      vertex -10.347770425367091 8.268416187264808 9
    endloop
  endfacet
  facet normal 0 0 -1
    outer loop
      vertex -26.382504141435213 22.00602769102092 9
      vertex -26.56005007485808 22.59131819530968 9
      vertex -10.347770425367091 8.268416187264808 9
    endloop
  endfacet
  facet normal 0 0 -1
    outer loop
      vertex -26.56005007485808 22.59131819530968 9
      vertex -26.62 23.2 9
      vertex -10.347770425367091 8.268416187264808 9
    endloop
  endfacet
  facet normal 0 0 -1
    outer loop
      vertex -24.603086578651013 22.096913421348987 9
      vertex -10.347770425367091 8.268416187264808 9
      vertex -26.56005007485808 23.80868180469032 9
    endloop
  endfacet
  facet normal 0 0 -1
    outer loop
      vertex -26.62 23.2 9
      vertex -26.56005007485808 23.80868180469032 9
      vertex -10.347770425367091 8.268416187264808 9
    endloop
  endfacet
  facet normal 0 0 -1
    outer loop
      vertex -24.09698615448954 21.758747929282393 9
      vertex -23.80434090234516 21.66997496257096 9
      vertex -10.347770425367091 8.268416187264808 9
    endloop
  endfacet
  facet normal 0 0 -1
    outer loop
      vertex -23.80434090234516 21.66997496257096 9
      vertex -23.5 21.64 9
      vertex -10.347770425367091 8.268416187264808 9
    endloop
  endfacet
  facet normal 0 0 -1
    outer loop
      vertex -24.36668956351058 21.90290740480803 9
      vertex -10.347770425367091 8.268416187264808 9
      vertex -24.603086578651013 22.096913421348987 9
    endloop
  endfacet
  facet normal 0 0 -1
    outer loop
      vertex -24.36668956351058 21.90290740480803 9
      vertex -24.09698615448954 21.758747929282393 9
      vertex -10.347770425367091 8.268416187264808 9
    endloop
  endfacet
  facet normal 0 0 -1
    outer loop
      vertex -23.5 21.64 9
      vertex -23.19565909765484 21.66997496257096 9
      vertex -10.347770425367091 8.268416187264808 9
    endloop
  endfacet
  facet normal 0 0 -1
    outer loop
      vertex -23.19565909765484 21.66997496257096 9
      vertex -22.90301384551046 21.758747929282393 9
      vertex -10.347770425367091 8.268416187264808 9
    endloop
  endfacet
  facet normal 0 0 -1
    outer loop
      vertex -22.90301384551046 21.758747929282393 9
      vertex -22.63331043648942 21.90290740480803 9
      vertex -10.347770425367091 8.268416187264808 9
    endloop
  endfacet
  facet normal 0 0 -1
    outer loop
      vertex -22.63331043648942 21.90290740480803 9
      vertex -22.396913421348987 22.096913421348987 9
      vertex -10.347770425367091 8.268416187264808 9
    endloop
  endfacet
  facet normal 0 0 -1
    outer loop
      vertex -22.396913421348987 22.096913421348987 9
      vertex -22.20290740480803 22.33331043648942 9
      vertex -10.347770425367091 8.268416187264808 9
    endloop
  endfacet
  facet normal 0 0 -1
    outer loop
      vertex -20.90581480961606 24.93337912702116 9
      vertex -12.131271333865206 12.999999999999998 9
      vertex -10.347770425367091 8.268416187264808 9
    endloop
  endfacet
  facet normal 0 0 -1
    outer loop
      vertex -22.20290740480803 22.33331043648942 9
      vertex -22.058747929282394 22.60301384551046 9
      vertex -10.347770425367091 8.268416187264808 9
    endloop
  endfacet
  facet normal 0 0 -1
    outer loop
      vertex -22.058747929282394 22.60301384551046 9
      vertex -21.96997496257096 22.89565909765484 9
      vertex -10.347770425367091 8.268416187264808 9
    endloop
  endfacet
  facet normal 0 0 -1
    outer loop
      vertex -21.96997496257096 22.89565909765484 9
      vertex -21.94 23.2 9
      vertex -10.347770425367091 8.268416187264808 9
    endloop
  endfacet
  facet normal 0 0 -1
    outer loop
      vertex -21.94 23.2 9
      vertex -21.96997496257096 23.50434090234516 9
      vertex -10.347770425367091 8.268416187264808 9
    endloop
  endfacet
  facet normal 0 0 -1
    outer loop
      vertex -21.96997496257096 23.50434090234516 9
      vertex -22.058747929282394 23.796986154489538 9
      vertex -10.347770425367091 8.268416187264808 9
    endloop
  endfacet
  facet normal 0 0 -1
    outer loop
      vertex -22.058747929282394 23.796986154489538 9
      vertex -22.20290740480803 24.06668956351058 9
      vertex -10.347770425367091 8.268416187264808 9
    endloop
  endfacet
  facet normal 0 0 -1
    outer loop
      vertex -23.5 26.32 9
      vertex -10.347770425367091 8.268416187264808 9
      vertex -22.20290740480803 24.06668956351058 9
    endloop
  endfacet
  facet normal 0 0 -1
    outer loop
      vertex -23.5 26.32 9
      vertex -22.89131819530968 26.26005007485808 9
      vertex -10.347770425367091 8.268416187264808 9
    endloop
  endfacet
  facet normal 0 0 -1
    outer loop
      vertex -22.89131819530968 26.26005007485808 9
      vertex -22.30602769102092 26.082504141435216 9
      vertex -10.347770425367091 8.268416187264808 9
    endloop
  endfacet
  facet normal 0 0 -1
    outer loop
      vertex -20.90581480961606 24.93337912702116 9
      vertex -10.347770425367091 8.268416187264808 9
      vertex -21.29382684269797 25.406173157302028 9
    endloop
  endfacet
  facet normal 0 0 -1
    outer loop
      vertex -21.76662087297884 25.794185190383942 9
      vertex -10.347770425367091 8.268416187264808 9
      vertex -22.30602769102092 26.082504141435216 9
    endloop
  endfacet
  facet normal 0 0 -1
    outer loop
      vertex -21.76662087297884 25.794185190383942 9
      vertex -21.29382684269797 25.406173157302028 9
      vertex -10.347770425367091 8.268416187264808 9
    endloop
  endfacet
  facet normal -0.8056510126494246 -0.592390450477518 0
    outer loop
      vertex -13.594185190383941 4.46662087297884 9
      vertex -26.09418519038394 21.46662087297884 11
      vertex -26.09418519038394 21.46662087297884 9
    endloop
  endfacet
  facet normal 0 0 -1
    outer loop
      vertex -24.79709259519197 22.33331043648942 9
      vertex -26.56005007485808 23.80868180469032 9
      vertex -24.941252070717606 22.60301384551046 9
    endloop
  endfacet
  facet normal 0 0 -1
    outer loop
      vertex -24.603086578651013 22.096913421348987 9
      vertex -26.56005007485808 23.80868180469032 9
      vertex -24.79709259519197 22.33331043648942 9
    endloop
  endfacet
  facet normal 0 0 -1
    outer loop
      vertex -25.03002503742904 22.89565909765484 9
      vertex -24.941252070717606 22.60301384551046 9
      vertex -26.56005007485808 23.80868180469032 9
    endloop
  endfacet
  facet normal 0 0 -1
    outer loop
      vertex -25.03002503742904 22.89565909765484 9
      vertex -26.56005007485808 23.80868180469032 9
      vertex -26.382504141435213 24.39397230897908 9
    endloop
  endfacet
  facet normal 0 0 -1
    outer loop
      vertex -25.03002503742904 22.89565909765484 9
      vertex -26.382504141435213 24.39397230897908 9
      vertex -25.06 23.2 9
    endloop
  endfacet
  facet normal 0 0 -1
    outer loop
      vertex -25.06 23.2 9
      vertex -26.382504141435213 24.39397230897908 9
      vertex -25.03002503742904 23.50434090234516 9
    endloop
  endfacet
  facet normal 0 0 -1
    outer loop
      vertex -25.03002503742904 23.50434090234516 9
      vertex -26.09418519038394 24.93337912702116 9
      vertex -24.941252070717606 23.796986154489538 9
    endloop
  endfacet
  facet normal 0 0 -1
    outer loop
      vertex -25.03002503742904 23.50434090234516 9
      vertex -26.382504141435213 24.39397230897908 9
      vertex -26.09418519038394 24.93337912702116 9
    endloop
  endfacet
  facet normal 0 0 -1
    outer loop
      vertex -24.941252070717606 23.796986154489538 9
      vertex -26.09418519038394 24.93337912702116 9
      vertex -24.79709259519197 24.06668956351058 9
    endloop
  endfacet
  facet normal 0 0 -1
    outer loop
      vertex -24.79709259519197 24.06668956351058 9
      vertex -26.09418519038394 24.93337912702116 9
      vertex -25.70617315730203 25.406173157302028 9
    endloop
  endfacet
  facet normal 0 0 -1
    outer loop
      vertex -24.79709259519197 24.06668956351058 9
      vertex -25.70617315730203 25.406173157302028 9
      vertex -24.603086578651013 24.303086578651012 9
    endloop
  endfacet
  facet normal 0 0 -1
    outer loop
      vertex -24.603086578651013 24.303086578651012 9
      vertex -25.70617315730203 25.406173157302028 9
      vertex -24.36668956351058 24.49709259519197 9
    endloop
  endfacet
  facet normal 0 0 -1
    outer loop
      vertex -24.36668956351058 24.49709259519197 9
      vertex -25.70617315730203 25.406173157302028 9
      vertex -25.23337912702116 25.794185190383942 9
    endloop
  endfacet
  facet normal 0 0 -1
    outer loop
      vertex -24.36668956351058 24.49709259519197 9
      vertex -24.69397230897908 26.082504141435216 9
      vertex -24.09698615448954 24.641252070717606 9
    endloop
  endfacet
  facet normal 0 0 -1
    outer loop
      vertex -24.09698615448954 24.641252070717606 9
      vertex -24.69397230897908 26.082504141435216 9
      vertex -23.80434090234516 24.730025037429037 9
    endloop
  endfacet
  facet normal 0 0 -1
    outer loop
      vertex -24.36668956351058 24.49709259519197 9
      vertex -25.23337912702116 25.794185190383942 9
      vertex -24.69397230897908 26.082504141435216 9
    endloop
  endfacet
  facet normal 0 0 -1
    outer loop
      vertex -24.10868180469032 26.26005007485808 9
      vertex -22.90301384551046 24.641252070717606 9
      vertex -23.19565909765484 24.730025037429037 9
    endloop
  endfacet
  facet normal 0 0 -1
    outer loop
      vertex -23.80434090234516 24.730025037429037 9
      vertex -24.10868180469032 26.26005007485808 9
      vertex -23.5 24.759999999999998 9
    endloop
  endfacet
  facet normal 0 0 -1
    outer loop
      vertex -23.5 24.759999999999998 9
      vertex -24.10868180469032 26.26005007485808 9
      vertex -23.19565909765484 24.730025037429037 9
    endloop
  endfacet
  facet normal 0 0 -1
    outer loop
      vertex -23.80434090234516 24.730025037429037 9
      vertex -24.69397230897908 26.082504141435216 9
      vertex -24.10868180469032 26.26005007485808 9
    endloop
  endfacet
  facet normal 0 0 -1
    outer loop
      vertex -24.10868180469032 26.26005007485808 9
      vertex -23.5 26.32 9
      vertex -22.90301384551046 24.641252070717606 9
    endloop
  endfacet
  facet normal 0 0 -1
    outer loop
      vertex -23.5 26.32 9
      vertex -22.63331043648942 24.49709259519197 9
      vertex -22.90301384551046 24.641252070717606 9
    endloop
  endfacet
  facet normal 0 0 -1
    outer loop
      vertex -23.5 26.32 9
      vertex -22.20290740480803 24.06668956351058 9
      vertex -22.396913421348987 24.303086578651012 9
    endloop
  endfacet
  facet normal 0 0 -1
    outer loop
      vertex -23.5 26.32 9
      vertex -22.396913421348987 24.303086578651012 9
      vertex -22.63331043648942 24.49709259519197 9
    endloop
  endfacet
  facet normal -0.8819212643483547 -0.4713967368259982 0
    outer loop
      vertex -26.09418519038394 21.46662087297884 9
      vertex -26.09418519038394 21.46662087297884 11
      vertex -26.382504141435213 22.00602769102092 9
    endloop
  endfacet
  facet normal -0.956940335732208 -0.29028467725446516 0
    outer loop
      vertex -26.382504141435213 22.00602769102092 9
      vertex -26.56005007485808 22.59131819530968 11
      vertex -26.56005007485808 22.59131819530968 9
    endloop
  endfacet
  facet normal -0.9951847266721968 -0.09801714032956181 0
    outer loop
      vertex -26.56005007485808 22.59131819530968 9
      vertex -26.56005007485808 22.59131819530968 11
      vertex -26.62 23.2 9
    endloop
  endfacet
  facet normal -0.9951847266721968 0.09801714032956181 0
    outer loop
      vertex -26.62 23.2 9
      vertex -26.62 23.2 11
      vertex -26.56005007485808 23.80868180469032 9
    endloop
  endfacet
  facet normal -0.956940335732208 0.29028467725446516 0
    outer loop
      vertex -26.56005007485808 23.80868180469032 9
      vertex -26.56005007485808 23.80868180469032 11
      vertex -26.382504141435213 24.39397230897908 9
    endloop
  endfacet
  facet normal -0.8819212643483547 0.4713967368259982 0
    outer loop
      vertex -26.382504141435213 24.39397230897908 9
      vertex -26.09418519038394 24.93337912702116 11
      vertex -26.09418519038394 24.93337912702116 9
    endloop
  endfacet
  facet normal -0.7730104533627393 0.6343932841636427 0
    outer loop
      vertex -26.09418519038394 24.93337912702116 9
      vertex -26.09418519038394 24.93337912702116 11
      vertex -25.70617315730203 25.406173157302028 9
    endloop
  endfacet
  facet normal -0.6343932841636463 0.7730104533627364 0
    outer loop
      vertex -25.70617315730203 25.406173157302028 9
      vertex -25.23337912702116 25.794185190383942 11
      vertex -25.23337912702116 25.794185190383942 9
    endloop
  endfacet
  facet normal -0.4713967368259982 0.8819212643483547 0
    outer loop
      vertex -25.23337912702116 25.794185190383942 9
      vertex -25.23337912702116 25.794185190383942 11
      vertex -24.69397230897908 26.082504141435216 9
    endloop
  endfacet
  facet normal -0.29028467725445983 0.9569403357322096 0
    outer loop
      vertex -24.69397230897908 26.082504141435216 9
      vertex -24.69397230897908 26.082504141435216 11
      vertex -24.10868180469032 26.26005007485808 9
    endloop
  endfacet
  facet normal -0.09801714032956181 0.9951847266721968 0
    outer loop
      vertex -24.10868180469032 26.26005007485808 9
      vertex -23.5 26.32 11
      vertex -23.5 26.32 9
    endloop
  endfacet
  facet normal 0.09801714032956181 0.9951847266721968 0
    outer loop
      vertex -23.5 26.32 9
      vertex -23.5 26.32 11
      vertex -22.89131819530968 26.26005007485808 9
    endloop
  endfacet
  facet normal 0.29028467725445983 0.9569403357322096 0
    outer loop
      vertex -22.89131819530968 26.26005007485808 9
      vertex -22.30602769102092 26.082504141435216 11
      vertex -22.30602769102092 26.082504141435216 9
    endloop
  endfacet
  facet normal 0.4713967368259982 0.8819212643483547 0
    outer loop
      vertex -21.76662087297884 25.794185190383942 9
      vertex -22.30602769102092 26.082504141435216 9
      vertex -21.76662087297884 25.794185190383942 11
    endloop
  endfacet
  facet normal 0.7730104533627393 0.6343932841636427 0
    outer loop
      vertex -20.90581480961606 24.93337912702116 9
      vertex -21.29382684269797 25.406173157302028 9
      vertex -20.90581480961606 24.93337912702116 11
    endloop
  endfacet
  facet normal 0.6343932841636463 0.7730104533627364 0
    outer loop
      vertex -21.76662087297884 25.794185190383942 9
      vertex -21.76662087297884 25.794185190383942 11
      vertex -21.29382684269797 25.406173157302028 9
    endloop
  endfacet
  facet normal 0.8056510126494245 0.5923904504775181 0
    outer loop
      vertex -20.90581480961606 24.93337912702116 9
      vertex -20.90581480961606 24.93337912702116 11
      vertex -12.131271333865206 12.999999999999998 9
    endloop
  endfacet
  facet normal 0.8056510126494245 0.592390450477518 -6.767303012266312e-16
    outer loop
      vertex -20.90581480961606 24.93337912702116 11
      vertex -11.238467243884989 11.785786437626903 10.214213562373095
      vertex -12.131271333865206 12.999999999999998 9
    endloop
  endfacet
  facet normal 0 0 1
    outer loop
      vertex -13.594185190383941 4.46662087297884 11
      vertex -26.56005007485808 22.59131819530968 11
      vertex -26.09418519038394 21.46662087297884 11
    endloop
  endfacet
  facet normal 0 0 1
    outer loop
      vertex -26.56005007485808 22.59131819530968 11
      vertex -13.919685624850814 12.385342057944866 11
      vertex -24.603086578651013 22.096913421348987 11
    endloop
  endfacet
  facet normal 0 0 1
    outer loop
      vertex -24.36668956351058 21.90290740480803 11
      vertex -24.603086578651013 22.096913421348987 11
      vertex -13.919685624850814 12.385342057944866 11
    endloop
  endfacet
  facet normal 0 0 1
    outer loop
      vertex -24.36668956351058 21.90290740480803 11
      vertex -13.919685624850814 12.385342057944866 11
      vertex -24.09698615448954 21.758747929282393 11
    endloop
  endfacet
  facet normal 0 0 1
    outer loop
      vertex -24.09698615448954 21.758747929282393 11
      vertex -13.919685624850814 12.385342057944866 11
      vertex -23.80434090234516 21.66997496257096 11
    endloop
  endfacet
  facet normal 0 0 1
    outer loop
      vertex -23.80434090234516 21.66997496257096 11
      vertex -13.919685624850814 12.385342057944866 11
      vertex -23.5 21.64 11
    endloop
  endfacet
  facet normal 0 0 1
    outer loop
      vertex -23.5 21.64 11
      vertex -13.919685624850814 12.385342057944866 11
      vertex -23.19565909765484 21.66997496257096 11
    endloop
  endfacet
  facet normal 0 0 1
    outer loop
      vertex -23.19565909765484 21.66997496257096 11
      vertex -13.919685624850814 12.385342057944866 11
      vertex -22.90301384551046 21.758747929282393 11
    endloop
  endfacet
  facet normal 0.8056510126494245 0.5923904504775181 -1.1786386961969369e-15
    outer loop
      vertex -20.90581480961606 24.93337912702116 11
      vertex -11.81625138919889 12.571572875253809 11
      vertex -11.238467243884989 11.785786437626903 10.214213562373095
    endloop
  endfacet
  facet normal 0 0 1
    outer loop
      vertex -22.20290740480803 22.33331043648942 11
      vertex -13.919685624850814 12.385342057944866 11
      vertex -11.354120745609237 11.943075199971881 11
    endloop
  endfacet
  facet normal 0 0 1
    outer loop
      vertex -22.058747929282394 23.796986154489538 11
      vertex -11.354120745609237 11.943075199971881 11
      vertex -11.81625138919889 12.571572875253809 11
    endloop
  endfacet
  facet normal 0 0 1
    outer loop
      vertex -22.90301384551046 21.758747929282393 11
      vertex -13.919685624850814 12.385342057944866 11
      vertex -22.63331043648942 21.90290740480803 11
    endloop
  endfacet
  facet normal 0 0 1
    outer loop
      vertex -22.63331043648942 21.90290740480803 11
      vertex -13.919685624850814 12.385342057944866 11
      vertex -22.396913421348987 22.096913421348987 11
    endloop
  endfacet
  facet normal 0 0 1
    outer loop
      vertex -22.396913421348987 22.096913421348987 11
      vertex -13.919685624850814 12.385342057944866 11
      vertex -22.20290740480803 22.33331043648942 11
    endloop
  endfacet
  facet normal 0 0 1
    outer loop
      vertex -22.20290740480803 22.33331043648942 11
      vertex -11.354120745609237 11.943075199971881 11
      vertex -22.058747929282394 22.60301384551046 11
    endloop
  endfacet
  facet normal 0 0 1
    outer loop
      vertex -22.058747929282394 22.60301384551046 11
      vertex -11.354120745609237 11.943075199971881 11
      vertex -21.96997496257096 22.89565909765484 11
    endloop
  endfacet
  facet normal 0 0 1
    outer loop
      vertex -21.96997496257096 22.89565909765484 11
      vertex -11.354120745609237 11.943075199971881 11
      vertex -21.94 23.2 11
    endloop
  endfacet
  facet normal 0 0 1
    outer loop
      vertex -21.94 23.2 11
      vertex -11.354120745609237 11.943075199971881 11
      vertex -21.96997496257096 23.50434090234516 11
    endloop
  endfacet
  facet normal 0 0 1
    outer loop
      vertex -21.96997496257096 23.50434090234516 11
      vertex -11.354120745609237 11.943075199971881 11
      vertex -22.058747929282394 23.796986154489538 11
    endloop
  endfacet
  facet normal 0 0 1
    outer loop
      vertex -22.058747929282394 23.796986154489538 11
      vertex -11.81625138919889 12.571572875253809 11
      vertex -20.90581480961606 24.93337912702116 11
    endloop
  endfacet
  facet normal -0.8819212643483547 -0.4713967368259982 0
    outer loop
      vertex -26.382504141435213 22.00602769102092 9
      vertex -26.09418519038394 21.46662087297884 11
      vertex -26.382504141435213 22.00602769102092 11
    endloop
  endfacet
  facet normal -0.956940335732208 -0.29028467725446516 0
    outer loop
      vertex -26.382504141435213 22.00602769102092 9
      vertex -26.382504141435213 22.00602769102092 11
      vertex -26.56005007485808 22.59131819530968 11
    endloop
  endfacet
  facet normal -0.9951847266721968 -0.09801714032956181 0
    outer loop
      vertex -26.62 23.2 9
      vertex -26.56005007485808 22.59131819530968 11
      vertex -26.62 23.2 11
    endloop
  endfacet
  facet normal -0.9951847266721968 0.09801714032956181 0
    outer loop
      vertex -26.56005007485808 23.80868180469032 9
      vertex -26.62 23.2 11
      vertex -26.56005007485808 23.80868180469032 11
    endloop
  endfacet
  facet normal -0.956940335732208 0.29028467725446516 0
    outer loop
      vertex -26.382504141435213 24.39397230897908 9
      vertex -26.56005007485808 23.80868180469032 11
      vertex -26.382504141435213 24.39397230897908 11
    endloop
  endfacet
  facet normal -0.8819212643483547 0.4713967368259982 0
    outer loop
      vertex -26.382504141435213 24.39397230897908 9
      vertex -26.382504141435213 24.39397230897908 11
      vertex -26.09418519038394 24.93337912702116 11
    endloop
  endfacet
  facet normal -0.7730104533627393 0.6343932841636427 0
    outer loop
      vertex -25.70617315730203 25.406173157302028 9
      vertex -26.09418519038394 24.93337912702116 11
      vertex -25.70617315730203 25.406173157302028 11
    endloop
  endfacet
  facet normal -0.6343932841636463 0.7730104533627364 0
    outer loop
      vertex -25.70617315730203 25.406173157302028 9
      vertex -25.70617315730203 25.406173157302028 11
      vertex -25.23337912702116 25.794185190383942 11
    endloop
  endfacet
  facet normal -0.4713967368259982 0.8819212643483547 0
    outer loop
      vertex -24.69397230897908 26.082504141435216 9
      vertex -25.23337912702116 25.794185190383942 11
      vertex -24.69397230897908 26.082504141435216 11
    endloop
  endfacet
  facet normal -0.29028467725445983 0.9569403357322096 0
    outer loop
      vertex -24.10868180469032 26.26005007485808 9
      vertex -24.69397230897908 26.082504141435216 11
      vertex -24.10868180469032 26.26005007485808 11
    endloop
  endfacet
  facet normal -0.09801714032956181 0.9951847266721968 0
    outer loop
      vertex -24.10868180469032 26.26005007485808 9
      vertex -24.10868180469032 26.26005007485808 11
      vertex -23.5 26.32 11
    endloop
  endfacet
  facet normal 0.09801714032956181 0.9951847266721968 0
    outer loop
      vertex -22.89131819530968 26.26005007485808 9
      vertex -23.5 26.32 11
      vertex -22.89131819530968 26.26005007485808 11
    endloop
  endfacet
  facet normal 0.29028467725445983 0.9569403357322096 0
    outer loop
      vertex -22.89131819530968 26.26005007485808 9
      vertex -22.89131819530968 26.26005007485808 11
      vertex -22.30602769102092 26.082504141435216 11
    endloop
  endfacet
  facet normal 0.4713967368259982 0.8819212643483547 0
    outer loop
      vertex -22.30602769102092 26.082504141435216 9
      vertex -22.30602769102092 26.082504141435216 11
      vertex -21.76662087297884 25.794185190383942 11
    endloop
  endfacet
  facet normal 0.6343932841636463 0.7730104533627364 0
    outer loop
      vertex -21.29382684269797 25.406173157302028 9
      vertex -21.76662087297884 25.794185190383942 11
      vertex -21.29382684269797 25.406173157302028 11
    endloop
  endfacet
  facet normal 0.7730104533627393 0.6343932841636427 0
    outer loop
      vertex -21.29382684269797 25.406173157302028 9
      vertex -21.29382684269797 25.406173157302028 11
      vertex -20.90581480961606 24.93337912702116 11
    endloop
  endfacet
  facet normal 0 0 1
    outer loop
      vertex -26.09418519038394 21.46662087297884 11
      vertex -26.56005007485808 22.59131819530968 11
      vertex -26.382504141435213 22.00602769102092 11
    endloop
  endfacet
  facet normal 0 0 1
    outer loop
      vertex -26.56005007485808 22.59131819530968 11
      vertex -24.79709259519197 22.33331043648942 11
      vertex -24.941252070717606 22.60301384551046 11
    endloop
  endfacet
  facet normal 0 0 1
    outer loop
      vertex -26.56005007485808 22.59131819530968 11
      vertex -24.603086578651013 22.096913421348987 11
      vertex -24.79709259519197 22.33331043648942 11
    endloop
  endfacet
  facet normal 0 0 1
    outer loop
      vertex -26.56005007485808 22.59131819530968 11
      vertex -26.56005007485808 23.80868180469032 11
      vertex -26.62 23.2 11
    endloop
  endfacet
  facet normal 0 0 1
    outer loop
      vertex -26.56005007485808 22.59131819530968 11
      vertex -24.941252070717606 22.60301384551046 11
      vertex -25.03002503742904 22.89565909765484 11
    endloop
  endfacet
  facet normal 0 0 1
    outer loop
      vertex -26.56005007485808 22.59131819530968 11
      vertex -25.03002503742904 22.89565909765484 11
      vertex -25.06 23.2 11
    endloop
  endfacet
  facet normal 0 0 1
    outer loop
      vertex -26.56005007485808 22.59131819530968 11
      vertex -25.06 23.2 11
      vertex -25.03002503742904 23.50434090234516 11
    endloop
  endfacet
  facet normal 0 0 1
    outer loop
      vertex -26.56005007485808 22.59131819530968 11
      vertex -25.03002503742904 23.50434090234516 11
      vertex -24.941252070717606 23.796986154489538 11
    endloop
  endfacet
  facet normal 0 0 1
    outer loop
      vertex -26.56005007485808 22.59131819530968 11
      vertex -26.382504141435213 24.39397230897908 11
      vertex -26.56005007485808 23.80868180469032 11
    endloop
  endfacet
  facet normal 0 0 1
    outer loop
      vertex -26.56005007485808 22.59131819530968 11
      vertex -26.09418519038394 24.93337912702116 11
      vertex -26.382504141435213 24.39397230897908 11
    endloop
  endfacet
  facet normal 0 0 1
    outer loop
      vertex -26.56005007485808 22.59131819530968 11
      vertex -24.941252070717606 23.796986154489538 11
      vertex -24.79709259519197 24.06668956351058 11
    endloop
  endfacet
  facet normal 0 0 1
    outer loop
      vertex -26.56005007485808 22.59131819530968 11
      vertex -24.79709259519197 24.06668956351058 11
      vertex -24.603086578651013 24.303086578651012 11
    endloop
  endfacet
  facet normal 0 0 1
    outer loop
      vertex -26.56005007485808 22.59131819530968 11
      vertex -25.70617315730203 25.406173157302028 11
      vertex -26.09418519038394 24.93337912702116 11
    endloop
  endfacet
  facet normal 0 0 1
    outer loop
      vertex -26.56005007485808 22.59131819530968 11
      vertex -25.23337912702116 25.794185190383942 11
      vertex -25.70617315730203 25.406173157302028 11
    endloop
  endfacet
  facet normal 0 0 1
    outer loop
      vertex -26.56005007485808 22.59131819530968 11
      vertex -24.69397230897908 26.082504141435216 11
      vertex -25.23337912702116 25.794185190383942 11
    endloop
  endfacet
  facet normal 0 0 1
    outer loop
      vertex -26.56005007485808 22.59131819530968 11
      vertex -24.603086578651013 24.303086578651012 11
      vertex -22.89131819530968 26.26005007485808 11
    endloop
  endfacet
  facet normal 0 0 1
    outer loop
      vertex -26.56005007485808 22.59131819530968 11
      vertex -24.10868180469032 26.26005007485808 11
      vertex -24.69397230897908 26.082504141435216 11
    endloop
  endfacet
  facet normal 0 0 1
    outer loop
      vertex -26.56005007485808 22.59131819530968 11
      vertex -23.5 26.32 11
      vertex -24.10868180469032 26.26005007485808 11
    endloop
  endfacet
  facet normal 0 0 1
    outer loop
      vertex -26.56005007485808 22.59131819530968 11
      vertex -22.89131819530968 26.26005007485808 11
      vertex -23.5 26.32 11
    endloop
  endfacet
  facet normal 0 0 1
    outer loop
      vertex -24.603086578651013 24.303086578651012 11
      vertex -24.36668956351058 24.49709259519197 11
      vertex -22.89131819530968 26.26005007485808 11
    endloop
  endfacet
  facet normal 0 0 1
    outer loop
      vertex -24.36668956351058 24.49709259519197 11
      vertex -24.09698615448954 24.641252070717606 11
      vertex -22.89131819530968 26.26005007485808 11
    endloop
  endfacet
  facet normal 0 0 1
    outer loop
      vertex -24.09698615448954 24.641252070717606 11
      vertex -23.80434090234516 24.730025037429037 11
      vertex -22.89131819530968 26.26005007485808 11
    endloop
  endfacet
  facet normal 0 0 1
    outer loop
      vertex -22.058747929282394 23.796986154489538 11
      vertex -20.90581480961606 24.93337912702116 11
      vertex -22.20290740480803 24.06668956351058 11
    endloop
  endfacet
  facet normal 0 0 1
    outer loop
      vertex -22.20290740480803 24.06668956351058 11
      vertex -20.90581480961606 24.93337912702116 11
      vertex -22.396913421348987 24.303086578651012 11
    endloop
  endfacet
  facet normal 0 0 1
    outer loop
      vertex -22.63331043648942 24.49709259519197 11
      vertex -22.396913421348987 24.303086578651012 11
      vertex -21.29382684269797 25.406173157302028 11
    endloop
  endfacet
  facet normal 0 0 1
    outer loop
      vertex -23.80434090234516 24.730025037429037 11
      vertex -23.5 24.759999999999998 11
      vertex -22.30602769102092 26.082504141435216 11
    endloop
  endfacet
  facet normal 0 0 1
    outer loop
      vertex -23.5 24.759999999999998 11
      vertex -23.19565909765484 24.730025037429037 11
      vertex -22.30602769102092 26.082504141435216 11
    endloop
  endfacet
  facet normal 0 0 1
    outer loop
      vertex -22.90301384551046 24.641252070717606 11
      vertex -21.76662087297884 25.794185190383942 11
      vertex -23.19565909765484 24.730025037429037 11
    endloop
  endfacet
  facet normal 0 0 1
    outer loop
      vertex -22.63331043648942 24.49709259519197 11
      vertex -21.76662087297884 25.794185190383942 11
      vertex -22.90301384551046 24.641252070717606 11
    endloop
  endfacet
  facet normal 0 0 1
    outer loop
      vertex -23.19565909765484 24.730025037429037 11
      vertex -21.76662087297884 25.794185190383942 11
      vertex -22.30602769102092 26.082504141435216 11
    endloop
  endfacet
  facet normal 0 0 1
    outer loop
      vertex -22.63331043648942 24.49709259519197 11
      vertex -21.29382684269797 25.406173157302028 11
      vertex -21.76662087297884 25.794185190383942 11
    endloop
  endfacet
  facet normal 0 0 1
    outer loop
      vertex -23.80434090234516 24.730025037429037 11
      vertex -22.30602769102092 26.082504141435216 11
      vertex -22.89131819530968 26.26005007485808 11
    endloop
  endfacet
  facet normal 0 0 1
    outer loop
      vertex -22.396913421348987 24.303086578651012 11
      vertex -20.90581480961606 24.93337912702116 11
      vertex -21.29382684269797 25.406173157302028 11
    endloop
  endfacet
  facet normal 0.4713967368259958 0.881921264348356 0
    outer loop
      vertex 22.63331043648942 21.90290740480803 9
      vertex 22.63331043648942 21.90290740480803 11
      vertex 22.90301384551046 21.758747929282393 9
    endloop
  endfacet
  facet normal 0.29028467725446144 0.9569403357322093 0
    outer loop
      vertex 22.90301384551046 21.758747929282393 9
      vertex 22.90301384551046 21.758747929282393 11
      vertex 23.19565909765484 21.66997496257096 9
    endloop
  endfacet
  facet normal 0.7730104533627342 0.6343932841636492 0
    outer loop
      vertex 22.396913421348987 22.096913421348987 9
      vertex 22.20290740480803 22.33331043648942 9
      vertex 22.20290740480803 22.33331043648942 11
    endloop
  endfacet
  facet normal 0.881921264348356 0.4713967368259958 0
    outer loop
      vertex 22.20290740480803 22.33331043648942 9
      vertex 22.058747929282394 22.60301384551046 9
      vertex 22.058747929282394 22.60301384551046 11
    endloop
  endfacet
  facet normal 0.6343932841636492 0.7730104533627342 0
    outer loop
      vertex 22.63331043648942 21.90290740480803 9
      vertex 22.396913421348987 22.096913421348987 9
      vertex 22.396913421348987 22.096913421348987 11
    endloop
  endfacet
  facet normal 0.9569403357322059 0.2902846772544721 0
    outer loop
      vertex 22.058747929282394 22.60301384551046 9
      vertex 21.96997496257096 22.89565909765484 9
      vertex 21.96997496257096 22.89565909765484 11
    endloop
  endfacet
  facet normal 0.9951847266721979 0.0980171403295503 0
    outer loop
      vertex 21.96997496257096 22.89565909765484 9
      vertex 21.94 23.2 9
      vertex 21.94 23.2 11
    endloop
  endfacet
  facet normal 0.9951847266721979 -0.0980171403295503 0
    outer loop
      vertex 21.94 23.2 9
      vertex 21.96997496257096 23.50434090234516 9
      vertex 21.96997496257096 23.50434090234516 11
    endloop
  endfacet
  facet normal 0.09801714032956181 0.9951847266721968 0
    outer loop
      vertex 23.19565909765484 21.66997496257096 9
      vertex 23.19565909765484 21.66997496257096 11
      vertex 23.5 21.64 9
    endloop
  endfacet
  facet normal -0.09801714032956181 0.9951847266721968 0
    outer loop
      vertex 23.5 21.64 9
      vertex 23.5 21.64 11
      vertex 23.80434090234516 21.66997496257096 9
    endloop
  endfacet
  facet normal -0.29028467725446144 0.9569403357322093 0
    outer loop
      vertex 23.80434090234516 21.66997496257096 9
      vertex 23.80434090234516 21.66997496257096 11
      vertex 24.09698615448954 21.758747929282393 9
    endloop
  endfacet
  facet normal -0.4713967368259958 0.881921264348356 0
    outer loop
      vertex 24.09698615448954 21.758747929282393 9
      vertex 24.09698615448954 21.758747929282393 11
      vertex 24.36668956351058 21.90290740480803 9
    endloop
  endfacet
  facet normal -0.6343932841636492 0.7730104533627342 0
    outer loop
      vertex 24.36668956351058 21.90290740480803 9
      vertex 24.36668956351058 21.90290740480803 11
      vertex 24.603086578651013 22.096913421348987 9
    endloop
  endfacet
  facet normal -0.7730104533627342 0.6343932841636492 0
    outer loop
      vertex 24.603086578651013 22.096913421348987 9
      vertex 24.603086578651013 22.096913421348987 11
      vertex 24.79709259519197 22.33331043648942 9
    endloop
  endfacet
  facet normal -0.881921264348356 0.4713967368259958 0
    outer loop
      vertex 24.79709259519197 22.33331043648942 9
      vertex 24.79709259519197 22.33331043648942 11
      vertex 24.941252070717606 22.60301384551046 9
    endloop
  endfacet
  facet normal -0.9569403357322059 0.2902846772544721 0
    outer loop
      vertex 24.941252070717606 22.60301384551046 9
      vertex 24.941252070717606 22.60301384551046 11
      vertex 25.03002503742904 22.89565909765484 9
    endloop
  endfacet
  facet normal -0.9951847266721979 0.0980171403295503 0
    outer loop
      vertex 25.03002503742904 22.89565909765484 9
      vertex 25.03002503742904 22.89565909765484 11
      vertex 25.06 23.2 9
    endloop
  endfacet
  facet normal -0.9951847266721979 -0.0980171403295503 0
    outer loop
      vertex 25.06 23.2 9
      vertex 25.06 23.2 11
      vertex 25.03002503742904 23.50434090234516 9
    endloop
  endfacet
  facet normal 0.9569403357322059 -0.2902846772544721 0
    outer loop
      vertex 21.96997496257096 23.50434090234516 9
      vertex 22.058747929282394 23.796986154489538 9
      vertex 22.058747929282394 23.796986154489538 11
    endloop
  endfacet
  facet normal 0.881921264348356 -0.4713967368259958 0
    outer loop
      vertex 22.058747929282394 23.796986154489538 9
      vertex 22.20290740480803 24.06668956351058 9
      vertex 22.20290740480803 24.06668956351058 11
    endloop
  endfacet
  facet normal 0.7730104533627342 -0.6343932841636492 0
    outer loop
      vertex 22.20290740480803 24.06668956351058 9
      vertex 22.396913421348987 24.303086578651012 9
      vertex 22.396913421348987 24.303086578651012 11
    endloop
  endfacet
  facet normal 0.6343932841636492 -0.7730104533627342 0
    outer loop
      vertex 22.396913421348987 24.303086578651012 9
      vertex 22.63331043648942 24.49709259519197 9
      vertex 22.63331043648942 24.49709259519197 11
    endloop
  endfacet
  facet normal 0.4713967368259958 -0.881921264348356 0
    outer loop
      vertex 22.63331043648942 24.49709259519197 9
      vertex 22.90301384551046 24.641252070717606 9
      vertex 22.90301384551046 24.641252070717606 11
    endloop
  endfacet
  facet normal 0.29028467725446144 -0.9569403357322093 0
    outer loop
      vertex 22.90301384551046 24.641252070717606 9
      vertex 23.19565909765484 24.730025037429037 9
      vertex 23.19565909765484 24.730025037429037 11
    endloop
  endfacet
  facet normal -0.881921264348356 -0.4713967368259958 0
    outer loop
      vertex 24.941252070717606 23.796986154489538 9
      vertex 24.941252070717606 23.796986154489538 11
      vertex 24.79709259519197 24.06668956351058 9
    endloop
  endfacet
  facet normal 0.09801714032956181 -0.9951847266721968 0
    outer loop
      vertex 23.19565909765484 24.730025037429037 9
      vertex 23.5 24.759999999999998 9
      vertex 23.5 24.759999999999998 11
    endloop
  endfacet
  facet normal -0.09801714032956181 -0.9951847266721968 0
    outer loop
      vertex 23.5 24.759999999999998 9
      vertex 23.80434090234516 24.730025037429037 9
      vertex 23.80434090234516 24.730025037429037 11
    endloop
  endfacet
  facet normal -0.29028467725446144 -0.9569403357322093 0
    outer loop
      vertex 24.09698615448954 24.641252070717606 9
      vertex 24.09698615448954 24.641252070717606 11
      vertex 23.80434090234516 24.730025037429037 9
    endloop
  endfacet
  facet normal -0.6343932841636492 -0.7730104533627342 0
    outer loop
      vertex 24.36668956351058 24.49709259519197 9
      vertex 24.603086578651013 24.303086578651012 9
      vertex 24.603086578651013 24.303086578651012 11
    endloop
  endfacet
  facet normal -0.7730104533627342 -0.6343932841636492 0
    outer loop
      vertex 24.79709259519197 24.06668956351058 9
      vertex 24.79709259519197 24.06668956351058 11
      vertex 24.603086578651013 24.303086578651012 9
    endloop
  endfacet
  facet normal -0.4713967368259958 -0.881921264348356 0
    outer loop
      vertex 24.09698615448954 24.641252070717606 9
      vertex 24.36668956351058 24.49709259519197 9
      vertex 24.36668956351058 24.49709259519197 11
    endloop
  endfacet
  facet normal -0.9569403357322059 -0.2902846772544721 0
    outer loop
      vertex 24.941252070717606 23.796986154489538 9
      vertex 25.03002503742904 23.50434090234516 9
      vertex 25.03002503742904 23.50434090234516 11
    endloop
  endfacet
  facet normal 0.4713967368259958 0.881921264348356 0
    outer loop
      vertex 22.90301384551046 21.758747929282393 9
      vertex 22.63331043648942 21.90290740480803 11
      vertex 22.90301384551046 21.758747929282393 11
    endloop
  endfacet
  facet normal 0.29028467725446144 0.9569403357322093 0
    outer loop
      vertex 23.19565909765484 21.66997496257096 9
      vertex 22.90301384551046 21.758747929282393 11
      vertex 23.19565909765484 21.66997496257096 11
    endloop
  endfacet
  facet normal 0.7730104533627342 0.6343932841636492 0
    outer loop
      vertex 22.396913421348987 22.096913421348987 9
      vertex 22.20290740480803 22.33331043648942 11
      vertex 22.396913421348987 22.096913421348987 11
    endloop
  endfacet
  facet normal 0.881921264348356 0.4713967368259958 0
    outer loop
      vertex 22.20290740480803 22.33331043648942 9
      vertex 22.058747929282394 22.60301384551046 11
      vertex 22.20290740480803 22.33331043648942 11
    endloop
  endfacet
  facet normal 0.6343932841636492 0.7730104533627342 0
    outer loop
      vertex 22.63331043648942 21.90290740480803 9
      vertex 22.396913421348987 22.096913421348987 11
      vertex 22.63331043648942 21.90290740480803 11
    endloop
  endfacet
  facet normal 0.9569403357322059 0.2902846772544721 0
    outer loop
      vertex 22.058747929282394 22.60301384551046 9
      vertex 21.96997496257096 22.89565909765484 11
      vertex 22.058747929282394 22.60301384551046 11
    endloop
  endfacet
  facet normal 0.9951847266721979 0.0980171403295503 0
    outer loop
      vertex 21.96997496257096 22.89565909765484 9
      vertex 21.94 23.2 11
      vertex 21.96997496257096 22.89565909765484 11
    endloop
  endfacet
  facet normal 0.9951847266721979 -0.0980171403295503 0
    outer loop
      vertex 21.94 23.2 9
      vertex 21.96997496257096 23.50434090234516 11
      vertex 21.94 23.2 11
    endloop
  endfacet
  facet normal 0.09801714032956181 0.9951847266721968 0
    outer loop
      vertex 23.5 21.64 9
      vertex 23.19565909765484 21.66997496257096 11
      vertex 23.5 21.64 11
    endloop
  endfacet
  facet normal -0.09801714032956181 0.9951847266721968 0
    outer loop
      vertex 23.80434090234516 21.66997496257096 9
      vertex 23.5 21.64 11
      vertex 23.80434090234516 21.66997496257096 11
    endloop
  endfacet
  facet normal -0.29028467725446144 0.9569403357322093 0
    outer loop
      vertex 24.09698615448954 21.758747929282393 9
      vertex 23.80434090234516 21.66997496257096 11
      vertex 24.09698615448954 21.758747929282393 11
    endloop
  endfacet
  facet normal -0.4713967368259958 0.881921264348356 0
    outer loop
      vertex 24.36668956351058 21.90290740480803 9
      vertex 24.09698615448954 21.758747929282393 11
      vertex 24.36668956351058 21.90290740480803 11
    endloop
  endfacet
  facet normal -0.6343932841636492 0.7730104533627342 0
    outer loop
      vertex 24.603086578651013 22.096913421348987 9
      vertex 24.36668956351058 21.90290740480803 11
      vertex 24.603086578651013 22.096913421348987 11
    endloop
  endfacet
  facet normal -0.7730104533627342 0.6343932841636492 0
    outer loop
      vertex 24.79709259519197 22.33331043648942 9
      vertex 24.603086578651013 22.096913421348987 11
      vertex 24.79709259519197 22.33331043648942 11
    endloop
  endfacet
  facet normal -0.881921264348356 0.4713967368259958 0
    outer loop
      vertex 24.941252070717606 22.60301384551046 9
      vertex 24.79709259519197 22.33331043648942 11
      vertex 24.941252070717606 22.60301384551046 11
    endloop
  endfacet
  facet normal -0.9569403357322059 0.2902846772544721 0
    outer loop
      vertex 25.03002503742904 22.89565909765484 9
      vertex 24.941252070717606 22.60301384551046 11
      vertex 25.03002503742904 22.89565909765484 11
    endloop
  endfacet
  facet normal -0.9951847266721979 0.0980171403295503 0
    outer loop
      vertex 25.06 23.2 9
      vertex 25.03002503742904 22.89565909765484 11
      vertex 25.06 23.2 11
    endloop
  endfacet
  facet normal -0.9951847266721979 -0.0980171403295503 0
    outer loop
      vertex 25.03002503742904 23.50434090234516 9
      vertex 25.06 23.2 11
      vertex 25.03002503742904 23.50434090234516 11
    endloop
  endfacet
  facet normal 0.9569403357322059 -0.2902846772544721 0
    outer loop
      vertex 21.96997496257096 23.50434090234516 9
      vertex 22.058747929282394 23.796986154489538 11
      vertex 21.96997496257096 23.50434090234516 11
    endloop
  endfacet
  facet normal 0.881921264348356 -0.4713967368259958 0
    outer loop
      vertex 22.058747929282394 23.796986154489538 9
      vertex 22.20290740480803 24.06668956351058 11
      vertex 22.058747929282394 23.796986154489538 11
    endloop
  endfacet
  facet normal 0.7730104533627342 -0.6343932841636492 0
    outer loop
      vertex 22.20290740480803 24.06668956351058 9
      vertex 22.396913421348987 24.303086578651012 11
      vertex 22.20290740480803 24.06668956351058 11
    endloop
  endfacet
  facet normal 0.6343932841636492 -0.7730104533627342 0
    outer loop
      vertex 22.396913421348987 24.303086578651012 9
      vertex 22.63331043648942 24.49709259519197 11
      vertex 22.396913421348987 24.303086578651012 11
    endloop
  endfacet
  facet normal 0.4713967368259958 -0.881921264348356 0
    outer loop
      vertex 22.63331043648942 24.49709259519197 9
      vertex 22.90301384551046 24.641252070717606 11
      vertex 22.63331043648942 24.49709259519197 11
    endloop
  endfacet
  facet normal 0.29028467725446144 -0.9569403357322093 0
    outer loop
      vertex 22.90301384551046 24.641252070717606 9
      vertex 23.19565909765484 24.730025037429037 11
      vertex 22.90301384551046 24.641252070717606 11
    endloop
  endfacet
  facet normal -0.881921264348356 -0.4713967368259958 0
    outer loop
      vertex 24.79709259519197 24.06668956351058 9
      vertex 24.941252070717606 23.796986154489538 11
      vertex 24.79709259519197 24.06668956351058 11
    endloop
  endfacet
  facet normal 0.09801714032956181 -0.9951847266721968 0
    outer loop
      vertex 23.19565909765484 24.730025037429037 9
      vertex 23.5 24.759999999999998 11
      vertex 23.19565909765484 24.730025037429037 11
    endloop
  endfacet
  facet normal -0.09801714032956181 -0.9951847266721968 0
    outer loop
      vertex 23.5 24.759999999999998 9
      vertex 23.80434090234516 24.730025037429037 11
      vertex 23.5 24.759999999999998 11
    endloop
  endfacet
  facet normal -0.29028467725446144 -0.9569403357322093 0
    outer loop
      vertex 23.80434090234516 24.730025037429037 9
      vertex 24.09698615448954 24.641252070717606 11
      vertex 23.80434090234516 24.730025037429037 11
    endloop
  endfacet
  facet normal -0.6343932841636492 -0.7730104533627342 0
    outer loop
      vertex 24.36668956351058 24.49709259519197 9
      vertex 24.603086578651013 24.303086578651012 11
      vertex 24.36668956351058 24.49709259519197 11
    endloop
  endfacet
  facet normal -0.7730104533627342 -0.6343932841636492 0
    outer loop
      vertex 24.603086578651013 24.303086578651012 9
      vertex 24.79709259519197 24.06668956351058 11
      vertex 24.603086578651013 24.303086578651012 11
    endloop
  endfacet
  facet normal -0.4713967368259958 -0.881921264348356 0
    outer loop
      vertex 24.09698615448954 24.641252070717606 9
      vertex 24.36668956351058 24.49709259519197 11
      vertex 24.09698615448954 24.641252070717606 11
    endloop
  endfacet
  facet normal -0.9569403357322059 -0.2902846772544721 0
    outer loop
      vertex 24.941252070717606 23.796986154489538 9
      vertex 25.03002503742904 23.50434090234516 11
      vertex 24.941252070717606 23.796986154489538 11
    endloop
  endfacet
  facet normal 0.4713967368259958 0.881921264348356 0
    outer loop
      vertex -24.36668956351058 21.90290740480803 9
      vertex -24.36668956351058 21.90290740480803 11
      vertex -24.09698615448954 21.758747929282393 9
    endloop
  endfacet
  facet normal 0.29028467725446144 0.9569403357322093 0
    outer loop
      vertex -24.09698615448954 21.758747929282393 9
      vertex -24.09698615448954 21.758747929282393 11
      vertex -23.80434090234516 21.66997496257096 9
    endloop
  endfacet
  facet normal 0.09801714032956181 0.9951847266721968 0
    outer loop
      vertex -23.80434090234516 21.66997496257096 9
      vertex -23.80434090234516 21.66997496257096 11
      vertex -23.5 21.64 9
    endloop
  endfacet
  facet normal -0.09801714032956181 0.9951847266721968 0
    outer loop
      vertex -23.5 21.64 9
      vertex -23.5 21.64 11
      vertex -23.19565909765484 21.66997496257096 9
    endloop
  endfacet
  facet normal 0.9569403357322059 0.2902846772544721 0
    outer loop
      vertex -25.03002503742904 22.89565909765484 9
      vertex -25.03002503742904 22.89565909765484 11
      vertex -24.941252070717606 22.60301384551046 9
    endloop
  endfacet
  facet normal 0.9951847266721979 0.0980171403295503 0
    outer loop
      vertex -25.03002503742904 22.89565909765484 9
      vertex -25.06 23.2 9
      vertex -25.06 23.2 11
    endloop
  endfacet
  facet normal 0.9951847266721979 -0.0980171403295503 0
    outer loop
      vertex -25.06 23.2 9
      vertex -25.03002503742904 23.50434090234516 9
      vertex -25.03002503742904 23.50434090234516 11
    endloop
  endfacet
  facet normal 0.7730104533627342 0.6343932841636492 0
    outer loop
      vertex -24.603086578651013 22.096913421348987 9
      vertex -24.79709259519197 22.33331043648942 9
      vertex -24.79709259519197 22.33331043648942 11
    endloop
  endfacet
  facet normal 0.6343932841636492 0.7730104533627342 0
    outer loop
      vertex -24.36668956351058 21.90290740480803 9
      vertex -24.603086578651013 22.096913421348987 9
      vertex -24.603086578651013 22.096913421348987 11
    endloop
  endfacet
  facet normal 0.881921264348356 0.4713967368259958 0
    outer loop
      vertex -24.79709259519197 22.33331043648942 9
      vertex -24.941252070717606 22.60301384551046 9
      vertex -24.941252070717606 22.60301384551046 11
    endloop
  endfacet
  facet normal -0.29028467725446144 0.9569403357322093 0
    outer loop
      vertex -23.19565909765484 21.66997496257096 9
      vertex -23.19565909765484 21.66997496257096 11
      vertex -22.90301384551046 21.758747929282393 9
    endloop
  endfacet
  facet normal -0.4713967368259958 0.881921264348356 0
    outer loop
      vertex -22.90301384551046 21.758747929282393 9
      vertex -22.90301384551046 21.758747929282393 11
      vertex -22.63331043648942 21.90290740480803 9
    endloop
  endfacet
  facet normal -0.6343932841636492 0.7730104533627342 0
    outer loop
      vertex -22.63331043648942 21.90290740480803 9
      vertex -22.63331043648942 21.90290740480803 11
      vertex -22.396913421348987 22.096913421348987 9
    endloop
  endfacet
  facet normal -0.7730104533627342 0.6343932841636492 0
    outer loop
      vertex -22.396913421348987 22.096913421348987 9
      vertex -22.396913421348987 22.096913421348987 11
      vertex -22.20290740480803 22.33331043648942 9
    endloop
  endfacet
  facet normal -0.881921264348356 0.4713967368259958 0
    outer loop
      vertex -22.20290740480803 22.33331043648942 9
      vertex -22.20290740480803 22.33331043648942 11
      vertex -22.058747929282394 22.60301384551046 9
    endloop
  endfacet
  facet normal -0.9569403357322059 0.2902846772544721 0
    outer loop
      vertex -22.058747929282394 22.60301384551046 9
      vertex -22.058747929282394 22.60301384551046 11
      vertex -21.96997496257096 22.89565909765484 9
    endloop
  endfacet
  facet normal -0.9951847266721979 0.0980171403295503 0
    outer loop
      vertex -21.96997496257096 22.89565909765484 9
      vertex -21.96997496257096 22.89565909765484 11
      vertex -21.94 23.2 9
    endloop
  endfacet
  facet normal -0.9951847266721979 -0.0980171403295503 0
    outer loop
      vertex -21.94 23.2 9
      vertex -21.94 23.2 11
      vertex -21.96997496257096 23.50434090234516 9
    endloop
  endfacet
  facet normal 0.9569403357322059 -0.2902846772544721 0
    outer loop
      vertex -25.03002503742904 23.50434090234516 9
      vertex -24.941252070717606 23.796986154489538 9
      vertex -24.941252070717606 23.796986154489538 11
    endloop
  endfacet
  facet normal 0.881921264348356 -0.4713967368259958 0
    outer loop
      vertex -24.941252070717606 23.796986154489538 9
      vertex -24.79709259519197 24.06668956351058 9
      vertex -24.79709259519197 24.06668956351058 11
    endloop
  endfacet
  facet normal 0.7730104533627342 -0.6343932841636492 0
    outer loop
      vertex -24.79709259519197 24.06668956351058 9
      vertex -24.603086578651013 24.303086578651012 9
      vertex -24.603086578651013 24.303086578651012 11
    endloop
  endfacet
  facet normal 0.6343932841636492 -0.7730104533627342 0
    outer loop
      vertex -24.603086578651013 24.303086578651012 9
      vertex -24.36668956351058 24.49709259519197 9
      vertex -24.36668956351058 24.49709259519197 11
    endloop
  endfacet
  facet normal 0.4713967368259958 -0.881921264348356 0
    outer loop
      vertex -24.36668956351058 24.49709259519197 9
      vertex -24.09698615448954 24.641252070717606 9
      vertex -24.09698615448954 24.641252070717606 11
    endloop
  endfacet
  facet normal 0.29028467725446144 -0.9569403357322093 0
    outer loop
      vertex -24.09698615448954 24.641252070717606 9
      vertex -23.80434090234516 24.730025037429037 9
      vertex -23.80434090234516 24.730025037429037 11
    endloop
  endfacet
  facet normal 0.09801714032956181 -0.9951847266721968 0
    outer loop
      vertex -23.80434090234516 24.730025037429037 9
      vertex -23.5 24.759999999999998 9
      vertex -23.5 24.759999999999998 11
    endloop
  endfacet
  facet normal -0.09801714032956181 -0.9951847266721968 0
    outer loop
      vertex -23.5 24.759999999999998 9
      vertex -23.19565909765484 24.730025037429037 9
      vertex -23.19565909765484 24.730025037429037 11
    endloop
  endfacet
  facet normal -0.9569403357322059 -0.2902846772544721 0
    outer loop
      vertex -21.96997496257096 23.50434090234516 9
      vertex -21.96997496257096 23.50434090234516 11
      vertex -22.058747929282394 23.796986154489538 9
    endloop
  endfacet
  facet normal -0.881921264348356 -0.4713967368259958 0
    outer loop
      vertex -22.058747929282394 23.796986154489538 9
      vertex -22.058747929282394 23.796986154489538 11
      vertex -22.20290740480803 24.06668956351058 9
    endloop
  endfacet
  facet normal -0.6343932841636492 -0.7730104533627342 0
    outer loop
      vertex -22.63331043648942 24.49709259519197 9
      vertex -22.396913421348987 24.303086578651012 9
      vertex -22.396913421348987 24.303086578651012 11
    endloop
  endfacet
  facet normal -0.29028467725446144 -0.9569403357322093 0
    outer loop
      vertex -22.90301384551046 24.641252070717606 9
      vertex -22.90301384551046 24.641252070717606 11
      vertex -23.19565909765484 24.730025037429037 9
    endloop
  endfacet
  facet normal -0.4713967368259958 -0.881921264348356 0
    outer loop
      vertex -22.63331043648942 24.49709259519197 9
      vertex -22.63331043648942 24.49709259519197 11
      vertex -22.90301384551046 24.641252070717606 9
    endloop
  endfacet
  facet normal -0.7730104533627342 -0.6343932841636492 0
    outer loop
      vertex -22.20290740480803 24.06668956351058 9
      vertex -22.20290740480803 24.06668956351058 11
      vertex -22.396913421348987 24.303086578651012 9
    endloop
  endfacet
  facet normal 0.4713967368259958 0.881921264348356 0
    outer loop
      vertex -24.09698615448954 21.758747929282393 9
      vertex -24.36668956351058 21.90290740480803 11
      vertex -24.09698615448954 21.758747929282393 11
    endloop
  endfacet
  facet normal 0.29028467725446144 0.9569403357322093 0
    outer loop
      vertex -23.80434090234516 21.66997496257096 9
      vertex -24.09698615448954 21.758747929282393 11
      vertex -23.80434090234516 21.66997496257096 11
    endloop
  endfacet
  facet normal 0.09801714032956181 0.9951847266721968 0
    outer loop
      vertex -23.5 21.64 9
      vertex -23.80434090234516 21.66997496257096 11
      vertex -23.5 21.64 11
    endloop
  endfacet
  facet normal -0.09801714032956181 0.9951847266721968 0
    outer loop
      vertex -23.19565909765484 21.66997496257096 9
      vertex -23.5 21.64 11
      vertex -23.19565909765484 21.66997496257096 11
    endloop
  endfacet
  facet normal 0.9569403357322059 0.2902846772544721 0
    outer loop
      vertex -24.941252070717606 22.60301384551046 9
      vertex -25.03002503742904 22.89565909765484 11
      vertex -24.941252070717606 22.60301384551046 11
    endloop
  endfacet
  facet normal 0.9951847266721979 0.0980171403295503 0
    outer loop
      vertex -25.03002503742904 22.89565909765484 9
      vertex -25.06 23.2 11
      vertex -25.03002503742904 22.89565909765484 11
    endloop
  endfacet
  facet normal 0.9951847266721979 -0.0980171403295503 0
    outer loop
      vertex -25.06 23.2 9
      vertex -25.03002503742904 23.50434090234516 11
      vertex -25.06 23.2 11
    endloop
  endfacet
  facet normal 0.7730104533627342 0.6343932841636492 0
    outer loop
      vertex -24.603086578651013 22.096913421348987 9
      vertex -24.79709259519197 22.33331043648942 11
      vertex -24.603086578651013 22.096913421348987 11
    endloop
  endfacet
  facet normal 0.6343932841636492 0.7730104533627342 0
    outer loop
      vertex -24.36668956351058 21.90290740480803 9
      vertex -24.603086578651013 22.096913421348987 11
      vertex -24.36668956351058 21.90290740480803 11
    endloop
  endfacet
  facet normal 0.881921264348356 0.4713967368259958 0
    outer loop
      vertex -24.79709259519197 22.33331043648942 9
      vertex -24.941252070717606 22.60301384551046 11
      vertex -24.79709259519197 22.33331043648942 11
    endloop
  endfacet
  facet normal -0.29028467725446144 0.9569403357322093 0
    outer loop
      vertex -22.90301384551046 21.758747929282393 9
      vertex -23.19565909765484 21.66997496257096 11
      vertex -22.90301384551046 21.758747929282393 11
    endloop
  endfacet
  facet normal -0.4713967368259958 0.881921264348356 0
    outer loop
      vertex -22.63331043648942 21.90290740480803 9
      vertex -22.90301384551046 21.758747929282393 11
      vertex -22.63331043648942 21.90290740480803 11
    endloop
  endfacet
  facet normal -0.6343932841636492 0.7730104533627342 0
    outer loop
      vertex -22.396913421348987 22.096913421348987 9
      vertex -22.63331043648942 21.90290740480803 11
      vertex -22.396913421348987 22.096913421348987 11
    endloop
  endfacet
  facet normal -0.7730104533627342 0.6343932841636492 0
    outer loop
      vertex -22.20290740480803 22.33331043648942 9
      vertex -22.396913421348987 22.096913421348987 11
      vertex -22.20290740480803 22.33331043648942 11
    endloop
  endfacet
  facet normal -0.881921264348356 0.4713967368259958 0
    outer loop
      vertex -22.058747929282394 22.60301384551046 9
      vertex -22.20290740480803 22.33331043648942 11
      vertex -22.058747929282394 22.60301384551046 11
    endloop
  endfacet
  facet normal -0.9569403357322059 0.2902846772544721 0
    outer loop
      vertex -21.96997496257096 22.89565909765484 9
      vertex -22.058747929282394 22.60301384551046 11
      vertex -21.96997496257096 22.89565909765484 11
    endloop
  endfacet
  facet normal -0.9951847266721979 0.0980171403295503 0
    outer loop
      vertex -21.94 23.2 9
      vertex -21.96997496257096 22.89565909765484 11
      vertex -21.94 23.2 11
    endloop
  endfacet
  facet normal -0.9951847266721979 -0.0980171403295503 0
    outer loop
      vertex -21.96997496257096 23.50434090234516 9
      vertex -21.94 23.2 11
      vertex -21.96997496257096 23.50434090234516 11
    endloop
  endfacet
  facet normal 0.9569403357322059 -0.2902846772544721 0
    outer loop
      vertex -25.03002503742904 23.50434090234516 9
      vertex -24.941252070717606 23.796986154489538 11
      vertex -25.03002503742904 23.50434090234516 11
    endloop
  endfacet
  facet normal 0.881921264348356 -0.4713967368259958 0
    outer loop
      vertex -24.941252070717606 23.796986154489538 9
      vertex -24.79709259519197 24.06668956351058 11
      vertex -24.941252070717606 23.796986154489538 11
    endloop
  endfacet
  facet normal 0.7730104533627342 -0.6343932841636492 0
    outer loop
      vertex -24.79709259519197 24.06668956351058 9
      vertex -24.603086578651013 24.303086578651012 11
      vertex -24.79709259519197 24.06668956351058 11
    endloop
  endfacet
  facet normal 0.6343932841636492 -0.7730104533627342 0
    outer loop
      vertex -24.603086578651013 24.303086578651012 9
      vertex -24.36668956351058 24.49709259519197 11
      vertex -24.603086578651013 24.303086578651012 11
    endloop
  endfacet
  facet normal 0.4713967368259958 -0.881921264348356 0
    outer loop
      vertex -24.36668956351058 24.49709259519197 9
      vertex -24.09698615448954 24.641252070717606 11
      vertex -24.36668956351058 24.49709259519197 11
    endloop
  endfacet
  facet normal 0.29028467725446144 -0.9569403357322093 0
    outer loop
      vertex -24.09698615448954 24.641252070717606 9
      vertex -23.80434090234516 24.730025037429037 11
      vertex -24.09698615448954 24.641252070717606 11
    endloop
  endfacet
  facet normal 0.09801714032956181 -0.9951847266721968 0
    outer loop
      vertex -23.80434090234516 24.730025037429037 9
      vertex -23.5 24.759999999999998 11
      vertex -23.80434090234516 24.730025037429037 11
    endloop
  endfacet
  facet normal -0.09801714032956181 -0.9951847266721968 0
    outer loop
      vertex -23.5 24.759999999999998 9
      vertex -23.19565909765484 24.730025037429037 11
      vertex -23.5 24.759999999999998 11
    endloop
  endfacet
  facet normal -0.9569403357322059 -0.2902846772544721 0
    outer loop
      vertex -22.058747929282394 23.796986154489538 9
      vertex -21.96997496257096 23.50434090234516 11
      vertex -22.058747929282394 23.796986154489538 11
    endloop
  endfacet
  facet normal -0.881921264348356 -0.4713967368259958 0
    outer loop
      vertex -22.20290740480803 24.06668956351058 9
      vertex -22.058747929282394 23.796986154489538 11
      vertex -22.20290740480803 24.06668956351058 11
    endloop
  endfacet
  facet normal -0.6343932841636492 -0.7730104533627342 0
    outer loop
      vertex -22.63331043648942 24.49709259519197 9
      vertex -22.396913421348987 24.303086578651012 11
      vertex -22.63331043648942 24.49709259519197 11
    endloop
  endfacet
  facet normal -0.29028467725446144 -0.9569403357322093 0
    outer loop
      vertex -23.19565909765484 24.730025037429037 9
      vertex -22.90301384551046 24.641252070717606 11
      vertex -23.19565909765484 24.730025037429037 11
    endloop
  endfacet
  facet normal -0.4713967368259958 -0.881921264348356 0
    outer loop
      vertex -22.90301384551046 24.641252070717606 9
      vertex -22.63331043648942 24.49709259519197 11
      vertex -22.90301384551046 24.641252070717606 11
    endloop
  endfacet
  facet normal -0.7730104533627342 -0.6343932841636492 0
    outer loop
      vertex -22.396913421348987 24.303086578651012 9
      vertex -22.20290740480803 24.06668956351058 11
      vertex -22.396913421348987 24.303086578651012 11
    endloop
  endfacet
  facet normal 0 0 -1
    outer loop
      vertex -9.311686973189106 7.399999999999999 9
      vertex -10.347770425367091 8.268416187264808 9
      vertex -8.120717726539537 7.399999999999999 9
    endloop
  endfacet
  facet normal 0 0 -1
    outer loop
      vertex -8.120717726539537 7.399999999999999 9
      vertex -10.347770425367091 8.268416187264808 9
      vertex 8.120717726539537 7.399999999999999 9
    endloop
  endfacet
  facet normal 0 0 -1
    outer loop
      vertex -10.347770425367091 8.268416187264808 9
      vertex -8.85680755219182 8.546729256924191 9
      vertex 8.125030447200343 7.399999999999999 9
    endloop
  endfacet
  facet normal 0 -1 0
    outer loop
      vertex 8.120717726539537 7.399999999999999 9
      vertex -8.120717726539537 7.399999999999999 11
      vertex -8.120717726539537 7.399999999999999 9
    endloop
  endfacet
  facet normal 0 0 -1
    outer loop
      vertex -8.85680755219182 8.546729256924191 9
      vertex -12.131271333865206 12.999999999999998 9
      vertex 12.131271333865206 12.999999999999998 9
    endloop
  endfacet
  facet normal 0 0 1
    outer loop
      vertex -13.919685624850814 12.385342057944866 11
      vertex -8.120717726539537 7.399999999999999 11
      vertex -11.354120745609237 11.943075199971881 11
    endloop
  endfacet
  facet normal 0 0 1
    outer loop
      vertex -11.354120745609237 11.943075199971881 11
      vertex -8.120717726539537 7.399999999999999 11
      vertex 8.79955673146574 8.468868140736726 11
    endloop
  endfacet
  facet normal 0 0 1
    outer loop
      vertex -11.354120745609237 11.943075199971881 11
      vertex 8.79955673146574 8.468868140736726 11
      vertex -11.81625138919889 12.571572875253809 11
    endloop
  endfacet
  facet normal 0 0 -1
    outer loop
      vertex 8.120717726539537 7.399999999999999 9
      vertex -10.347770425367091 8.268416187264808 9
      vertex 8.125030447200343 7.399999999999999 9
    endloop
  endfacet
  facet normal 0 0 -1
    outer loop
      vertex 11.67488268243467 12.37931143405447 9
      vertex 8.125030447200343 7.399999999999999 9
      vertex -8.85680755219182 8.546729256924191 9
    endloop
  endfacet
  facet normal 0 0 -1
    outer loop
      vertex -8.85680755219182 8.546729256924191 9
      vertex 12.131271333865206 12.999999999999998 9
      vertex 11.67488268243467 12.37931143405447 9
    endloop
  endfacet
  facet normal 0 0 -1
    outer loop
      vertex 8.125030447200343 7.399999999999999 9
      vertex 11.67488268243467 12.37931143405447 9
      vertex 14.839826315911438 12.970100912303467 9
    endloop
  endfacet
  facet normal 0 -1 0
    outer loop
      vertex 8.120717726539537 7.399999999999999 9
      vertex 8.120717726539537 7.399999999999999 11
      vertex -8.120717726539537 7.399999999999999 11
    endloop
  endfacet
  facet normal 0 0 1
    outer loop
      vertex 8.120717726539537 7.399999999999999 11
      vertex 8.79955673146574 8.468868140736726 11
      vertex -8.120717726539537 7.399999999999999 11
    endloop
  endfacet
  facet normal 0 0 1
    outer loop
      vertex 8.120717726539537 7.399999999999999 11
      vertex 8.928545883955666 8.44663224732943 11
      vertex 8.79955673146574 8.468868140736726 11
    endloop
  endfacet
  facet normal 0 0 1
    outer loop
      vertex 8.79955673146574 8.468868140736726 11
      vertex 11.81625138919889 12.571572875253809 11
      vertex -11.81625138919889 12.571572875253809 11
    endloop
  endfacet
  facet normal 0 0.7071067811865476 0.7071067811865476
    outer loop
      vertex -12.131271333865206 12.999999999999998 9
      vertex -11.238467243884989 11.785786437626903 10.214213562373095
      vertex 11.238467243884989 11.785786437626903 10.214213562373095
    endloop
  endfacet
  facet normal 0 0.7071067811865475 -0.7071067811865475
    outer loop
      vertex -11.238467243884989 11.785786437626903 10.214213562373095
      vertex -11.81625138919889 12.571572875253809 11
      vertex 11.81625138919889 12.571572875253809 11
    endloop
  endfacet
  facet normal 0 0.7071067811865475 0.7071067811865475
    outer loop
      vertex 12.131271333865206 12.999999999999998 9
      vertex -12.131271333865206 12.999999999999998 9
      vertex 11.238467243884989 11.785786437626903 10.214213562373095
    endloop
  endfacet
  facet normal 0 0.7071067811865476 -0.7071067811865476
    outer loop
      vertex 11.81625138919889 12.571572875253809 11
      vertex 11.238467243884989 11.785786437626903 10.214213562373095
      vertex -11.238467243884989 11.785786437626903 10.214213562373095
    endloop
  endfacet
endsolid OpenSCAD_Model
